-0.00,-0.00,-0.00,-0.00,-0.00
-0.00,-0.00,-0.00,-0.00,-0.00
-0.00,-0.00,-0.00,-0.00,-0.00
-0.00,-0.00,-0.00,-0.00,-0.00
-0.00,-0.00,-0.00,-0.00,-0.00
-0.00,-0.00,-0.00,-0.00,-0.00
-0.00,-0.00,-0.00,-0.00,-0.00
-0.00,-0.00,-0.00,-0.00,-0.00
-0.00,-0.00,-0.00,-0.00,-0.00
-0.00,-0.00,-0.00,-0.00,-0.00
-0.00,-0.00,-0.00,-0.00,-0.00
-0.00,-0.00,-0.00,-0.00,-0.00
-0.00,-0.00,-0.00,-0.00,-0.00
-0.00,-0.00,-0.00,-0.00,-0.00
-0.00,-0.00,-0.00,-0.00,-0.00
-0.00,-0.00,0.01,-0.00,-0.00
0.06,0.06,0.68,0.84,0.42
0.76,0.76,7.28,5.65,6.25
6.76,6.76,15.72,15.79,14.35
14.89,14.89,30.68,25.92,39.61
17.86,17.86,37.22,33.96,59.40
13.83,13.83,26.25,22.11,68.45
22.69,22.69,32.92,26.89,68.53
27.91,27.91,38.35,26.15,69.13
28.45,28.45,36.55,26.30,67.15
29.45,29.45,34.44,28.72,67.46
30.64,30.64,34.28,32.05,68.23
32.39,32.39,34.21,32.85,67.32
31.95,31.95,36.84,35.67,68.59
32.69,32.69,39.84,36.15,67.74
32.49,32.49,40.59,34.12,67.03
32.98,32.98,40.71,36.18,65.80
31.68,31.68,42.73,36.38,63.00
30.88,30.88,45.56,38.54,61.88
29.04,29.04,44.84,40.11,60.41
26.75,26.75,37.49,40.36,62.13
26.51,26.51,37.57,37.89,68.02
22.71,22.71,34.14,41.83,69.47
22.19,22.19,32.22,40.62,67.94
22.59,22.59,31.71,39.96,66.54
23.69,23.69,30.72,42.70,64.91
23.17,23.17,30.45,44.50,61.65
25.63,25.63,32.08,46.00,63.14
25.17,25.17,32.33,46.51,62.40
25.57,25.57,31.60,45.99,62.36
27.05,27.05,30.74,45.50,63.36
31.30,31.30,30.45,46.95,64.17
28.86,28.86,28.05,47.03,66.02
26.18,26.18,25.03,46.71,66.38
19.67,19.67,20.95,46.48,66.00
21.73,21.73,22.70,45.28,65.31
28.79,28.79,28.87,46.65,69.93
27.41,27.41,26.77,45.41,69.83
27.40,27.40,27.71,45.37,69.86
27.63,27.63,25.95,46.19,68.92
28.33,28.33,24.40,45.09,68.35
28.65,28.65,23.63,47.06,66.59
29.16,29.16,23.07,46.06,67.13
29.04,29.04,22.76,47.57,67.15
27.79,27.79,22.59,47.58,67.72
27.82,27.82,21.55,48.56,67.43
27.68,27.68,22.77,47.70,66.53
27.88,27.88,23.31,47.70,66.76
28.04,28.04,23.69,47.89,66.05
27.97,27.97,25.09,48.17,65.15
27.85,27.85,25.87,46.21,66.37
28.21,28.21,27.37,45.71,65.80
28.95,28.95,27.81,45.95,65.32
29.87,29.87,28.44,45.67,65.13
30.27,30.27,28.02,46.94,63.81
30.73,30.73,28.99,46.77,62.29
30.11,30.11,30.80,45.85,61.53
28.67,28.67,29.81,46.01,61.35
29.40,29.40,29.73,43.49,63.40
30.85,30.85,31.22,42.81,63.67
31.46,31.46,28.92,42.42,64.31
32.12,32.12,29.12,39.30,63.97
33.46,33.46,29.62,43.10,65.11
33.69,33.69,29.70,41.65,63.48
33.75,33.75,30.63,44.94,62.22
34.60,34.60,34.39,43.78,61.43
33.25,33.25,32.95,43.68,61.56
31.07,31.07,30.51,43.99,59.90
30.45,30.45,33.25,46.35,57.75
30.57,30.57,31.29,43.86,58.11
30.66,30.66,28.42,41.85,58.42
32.16,32.16,31.84,43.42,60.14
31.55,31.55,33.42,43.14,59.17
31.24,31.24,34.83,41.87,59.92
32.84,32.84,35.77,39.81,59.89
32.73,32.73,38.79,39.90,60.22
31.22,31.22,36.08,42.51,60.97
33.06,33.06,38.71,41.92,59.53
32.53,32.53,40.49,42.88,56.88
30.46,30.46,39.64,40.59,58.15
29.85,29.85,43.19,42.52,59.72
29.99,29.99,43.01,41.65,58.92
29.87,29.87,43.03,40.91,58.42
32.02,32.02,41.53,40.69,59.63
36.19,36.19,40.75,41.30,61.66
30.19,30.19,38.74,43.04,62.43
29.19,29.19,37.17,43.60,62.73
29.49,29.49,34.94,44.34,63.06
27.68,27.68,32.67,44.59,63.39
28.91,28.91,33.32,45.03,60.46
29.86,29.86,33.25,45.65,61.05
31.53,31.53,32.14,47.06,59.43
29.70,29.70,31.71,48.26,58.61
36.47,36.47,34.17,49.06,59.31
31.56,31.56,32.55,47.19,58.16
28.71,28.71,31.98,47.12,57.39
31.21,31.21,34.26,47.39,57.88
28.32,28.32,33.12,48.31,56.65
27.02,27.02,32.18,49.00,57.15
29.73,29.73,33.53,48.25,56.55
29.83,29.83,34.65,47.99,57.03
29.66,29.66,36.00,45.34,57.69
32.57,32.57,35.36,47.22,57.85
30.48,30.48,35.01,48.41,57.48
29.87,29.87,34.63,48.89,59.45
28.45,28.45,33.90,49.83,60.21
29.34,29.34,33.29,48.26,61.20
29.72,29.72,30.50,48.65,59.94
31.24,31.24,30.11,48.96,56.99
29.95,29.95,30.67,48.71,57.70
27.80,27.80,30.72,47.68,59.60
31.15,31.15,32.68,46.97,60.68
31.73,31.73,31.57,46.79,60.01
29.50,29.50,30.39,47.43,60.36
28.91,28.91,29.23,46.67,61.39
29.79,29.79,30.18,45.03,60.55
32.58,32.58,30.01,46.12,58.52
29.35,29.35,29.03,43.03,59.04
32.09,32.09,28.37,43.43,59.82
30.03,30.03,26.05,46.30,57.57
27.31,27.31,24.22,46.14,57.73
25.72,25.72,30.59,44.45,57.03
26.39,26.39,41.13,40.34,62.46
24.35,24.35,36.01,39.31,72.16
25.23,25.23,31.86,34.51,69.69
26.32,26.32,29.43,35.42,67.70
26.78,26.78,26.76,36.98,67.46
27.72,27.72,25.38,35.57,66.56
29.19,29.19,23.52,41.50,66.24
29.78,29.78,23.87,41.62,66.92
29.48,29.48,23.49,36.04,67.88
31.35,31.35,23.61,39.65,66.25
32.71,32.71,24.05,42.73,65.02
32.53,32.53,22.51,44.01,64.92
29.16,29.16,21.57,44.62,65.27
24.40,24.40,22.48,37.62,66.34
24.66,24.66,29.22,45.32,64.58
27.32,27.32,33.57,46.26,69.70
25.48,25.48,30.03,46.17,68.78
24.99,24.99,26.87,42.30,68.25
25.63,25.63,25.08,46.32,67.91
26.26,26.26,22.40,49.83,67.17
28.79,28.79,21.56,49.14,64.49
31.59,31.59,23.29,47.70,65.40
28.72,28.72,21.78,49.10,63.03
25.84,25.84,22.16,51.15,63.37
31.31,31.31,22.62,53.13,64.04
32.41,32.41,23.57,51.19,64.48
28.70,28.70,21.11,46.08,64.67
23.97,23.97,20.83,51.38,63.08
26.66,26.66,28.79,51.07,64.94
27.26,27.26,36.56,50.15,65.22
26.79,26.79,32.18,47.48,69.62
28.97,28.97,33.58,46.27,68.72
30.17,30.17,30.58,47.46,68.62
29.16,29.16,30.56,51.47,68.28
27.98,27.98,28.16,51.72,67.77
29.19,29.19,29.74,52.79,67.67
29.70,29.70,28.52,54.25,66.47
28.37,28.37,27.06,57.21,67.07
29.35,29.35,28.16,55.96,68.24
28.39,28.39,26.95,52.29,67.99
27.79,27.79,26.90,55.56,68.63
26.74,26.74,25.76,57.15,67.23
26.16,26.16,24.73,52.78,66.06
27.16,27.16,25.14,53.99,66.06
26.97,26.97,24.91,56.02,65.71
27.52,27.52,25.78,55.98,65.81
26.95,26.95,25.60,54.51,64.07
27.51,27.51,25.61,56.34,62.09
27.38,27.38,26.39,55.57,61.28
27.53,27.53,26.06,56.82,63.02
27.21,27.21,27.43,57.38,62.53
27.12,27.12,28.91,53.28,62.24
27.82,27.82,29.92,53.83,61.81
29.66,29.66,30.96,55.64,62.63
28.07,28.07,30.32,55.60,60.92
28.26,28.26,31.18,52.95,59.69
29.79,29.79,32.19,54.47,56.65
27.93,27.93,32.01,54.86,59.32
24.45,24.45,30.93,53.31,60.96
26.60,26.60,32.06,54.47,61.08
25.32,25.32,31.13,53.65,60.47
25.81,25.81,30.99,53.05,59.64
25.79,25.79,31.54,55.53,59.97
25.68,25.68,30.07,53.73,59.55
26.23,26.23,29.51,49.98,58.67
25.86,25.86,30.05,52.75,58.63
24.24,24.24,27.99,52.07,62.08
23.17,23.17,28.43,49.85,61.53
25.19,25.19,28.19,47.54,60.77
24.98,24.98,28.81,51.16,61.02
25.91,25.91,29.12,51.25,61.66
24.95,24.95,30.59,49.26,61.90
24.17,24.17,29.56,50.83,58.66
23.86,23.86,29.90,50.77,57.83
23.72,23.72,28.95,51.33,56.86
22.28,22.28,29.60,51.60,58.37
23.15,23.15,27.98,50.96,60.61
21.37,21.37,28.54,49.53,61.38
20.50,20.50,28.09,51.58,58.07
22.23,22.23,27.79,51.50,58.62
24.35,24.35,29.03,49.06,58.59
23.77,23.77,28.52,50.74,60.40
25.74,25.74,30.32,51.11,58.82
25.61,25.61,27.54,50.05,58.76
26.60,26.60,29.69,48.47,60.29
24.32,24.32,27.83,47.75,60.25
23.79,23.79,26.97,46.79,62.03
24.05,24.05,29.32,47.78,61.02
24.49,24.49,28.88,46.64,60.04
25.15,25.15,30.54,43.49,58.04
27.23,27.23,30.38,44.33,58.43
26.03,26.03,29.87,45.87,59.06
25.90,25.90,28.14,42.06,58.10
25.62,25.62,30.00,39.94,59.31
25.66,25.66,29.19,40.99,58.20
25.01,25.01,29.00,41.42,59.08
23.21,23.21,27.46,42.08,59.34
24.55,24.55,28.30,36.97,58.85
26.11,26.11,29.21,38.58,61.14
26.33,26.33,31.85,43.50,61.21
25.98,25.98,30.84,42.66,61.15
24.90,24.90,30.07,42.96,59.24
27.69,27.69,29.35,42.94,63.72
27.34,27.34,29.83,42.81,64.03
25.53,25.53,28.16,44.49,64.17
26.51,26.51,26.64,44.53,63.55
28.13,28.13,30.85,44.19,63.21
26.94,26.94,30.88,42.40,63.99
26.10,26.10,30.98,44.78,64.02
26.70,26.70,29.74,44.90,63.27
28.34,28.34,27.52,42.61,63.59
24.72,24.72,28.26,40.17,61.44
21.40,21.40,28.70,43.28,60.36
25.37,25.37,42.17,40.77,62.02
21.27,21.27,38.63,36.63,60.43
21.16,21.16,34.70,39.20,63.02
22.59,22.59,33.48,38.37,66.46
26.16,26.16,32.63,38.94,65.09
25.74,25.74,33.68,39.86,65.02
23.39,23.39,34.90,40.10,66.55
26.73,26.73,39.56,40.09,64.09
29.78,29.78,41.39,40.96,61.90
29.83,29.83,40.04,44.49,64.83
32.74,32.74,40.83,44.31,63.15
32.09,32.09,41.27,40.58,62.49
31.52,31.52,39.68,38.90,62.81
28.45,28.45,36.07,40.87,63.25
28.43,28.43,37.74,42.07,62.27
29.82,29.82,38.96,41.03,64.75
25.29,25.29,39.21,41.93,66.27
24.30,24.30,37.32,41.62,70.35
24.62,24.62,34.45,43.11,69.35
24.66,24.66,39.02,44.97,67.48
22.54,22.54,31.81,44.80,65.96
23.66,23.66,32.43,41.70,68.29
22.71,22.71,31.69,43.46,66.18
24.12,24.12,30.87,47.01,64.12
23.91,23.91,31.13,48.46,66.64
25.72,25.72,28.78,46.67,67.09
27.60,27.60,27.96,45.13,65.88
27.85,27.85,25.05,46.78,63.67
28.63,28.63,21.98,48.29,63.39
34.95,34.95,31.91,46.14,64.26
31.36,31.36,31.22,43.77,66.23
32.51,32.51,31.22,48.20,65.86
30.95,30.95,33.17,48.25,66.92
31.64,31.64,30.46,43.90,67.97
32.42,32.42,32.09,43.76,68.66
33.63,33.63,30.32,44.16,67.77
33.84,33.84,31.00,48.42,67.82
32.05,32.05,29.76,51.22,68.45
32.26,32.26,30.71,52.36,67.21
31.93,31.93,30.27,52.72,66.08
31.42,31.42,31.15,53.06,64.77
31.93,31.93,30.98,50.60,64.35
31.57,31.57,29.00,48.42,63.05
31.63,31.63,30.37,51.16,64.76
30.48,30.48,28.30,52.38,63.76
29.39,29.39,28.85,53.70,64.85
28.83,28.83,28.84,53.81,67.22
29.00,29.00,28.84,53.17,65.96
29.73,29.73,28.72,51.25,64.44
32.26,32.26,27.03,48.00,64.49
31.28,31.28,27.83,50.89,64.70
32.03,32.03,28.11,52.95,61.69
31.57,31.57,29.22,54.22,62.06
31.61,31.61,29.79,55.12,62.21
31.49,31.49,28.18,54.58,64.04
31.95,31.95,26.51,52.51,63.27
32.16,32.16,28.52,51.86,64.36
32.46,32.46,28.27,52.61,63.27
31.67,31.67,27.93,53.36,61.76
32.65,32.65,28.59,52.46,61.21
33.89,33.89,29.77,53.32,61.68
34.13,34.13,29.38,52.51,61.59
34.12,34.12,29.22,51.89,60.65
36.25,36.25,30.48,52.18,63.20
32.68,32.68,29.55,51.68,63.54
31.36,31.36,30.21,50.64,63.44
33.40,33.40,32.00,51.89,63.32
30.89,30.89,31.14,52.87,62.19
32.69,32.69,31.70,54.01,60.40
33.66,33.66,31.80,53.01,60.08
33.48,33.48,31.82,52.25,59.25
32.09,32.09,32.36,51.61,58.88
32.88,32.88,30.91,51.09,58.20
30.44,30.44,30.45,50.50,60.04
28.61,28.61,30.19,48.71,61.96
28.04,28.04,30.11,48.25,63.12
30.16,30.16,31.02,48.42,63.33
28.88,28.88,29.30,47.20,63.08
31.80,31.80,29.34,46.59,63.25
30.66,30.66,28.54,47.68,59.99
28.85,28.85,28.74,47.40,58.19
25.78,25.78,28.01,47.87,56.27
26.54,26.54,27.23,49.12,56.88
28.83,28.83,27.46,48.81,58.01
28.11,28.11,27.51,47.87,60.21
28.33,28.33,28.72,48.71,62.08
28.16,28.16,28.78,48.16,61.31
26.26,26.26,29.45,47.47,61.87
28.65,28.65,27.93,46.18,64.10
28.72,28.72,29.13,47.39,62.82
29.79,29.79,27.92,45.89,62.74
29.41,29.41,27.33,44.17,61.21
26.68,26.68,27.46,41.52,60.66
28.55,28.55,28.37,45.74,59.93
29.85,29.85,28.44,45.56,59.93
29.51,29.51,30.42,46.15,59.81
29.77,29.77,31.66,46.29,60.50
31.25,31.25,31.39,46.23,61.98
28.64,28.64,28.69,44.69,61.24
27.95,27.95,29.03,45.41,61.13
28.38,28.38,29.48,43.05,60.27
27.47,27.47,28.43,42.79,60.17
29.23,29.23,27.66,40.29,58.19
27.52,27.52,29.12,39.50,60.38
27.63,27.63,30.00,38.07,60.57
28.43,28.43,32.35,37.62,59.99
29.25,29.25,32.80,38.45,57.60
28.32,28.32,30.60,39.69,56.69
26.48,26.48,30.14,40.85,56.44
25.95,25.95,28.30,38.19,55.90
25.49,25.49,30.62,38.30,56.25
23.12,23.12,27.54,36.19,57.72
24.49,24.49,27.39,34.31,59.15
24.39,24.39,29.89,34.84,59.58
22.41,22.41,30.59,35.50,59.99
25.19,25.19,32.82,36.41,61.37
25.88,25.88,30.59,37.80,62.08
24.50,24.50,33.03,38.89,61.91
27.13,27.13,27.76,39.70,62.01
28.13,28.13,26.17,39.90,61.61
24.43,24.43,23.56,40.30,59.79
25.48,25.48,26.20,40.60,58.92
24.78,24.78,27.32,39.25,59.96
25.70,25.70,27.81,39.08,60.90
24.69,24.69,31.11,39.43,60.66
26.05,26.05,28.93,39.13,60.38
27.83,27.83,31.39,37.92,60.54
25.49,25.49,28.57,38.08,60.04
26.63,26.63,28.83,38.68,58.58
27.06,27.06,27.46,38.56,60.36
26.64,26.64,27.12,41.09,61.84
24.17,24.17,25.59,40.75,60.97
26.84,26.84,28.58,42.26,61.02
25.98,25.98,31.10,41.97,60.97
25.87,25.87,30.11,43.44,60.13
25.17,25.17,30.75,44.47,60.28
25.36,25.36,28.16,44.57,59.97
24.07,24.07,27.98,43.43,59.38
23.17,23.17,28.90,43.96,61.23
26.12,26.12,28.32,43.74,61.46
27.67,27.67,28.06,42.85,62.13
33.11,33.11,25.55,41.87,62.26
45.86,45.86,26.35,41.54,60.81
50.83,50.83,28.36,39.66,56.23
60.11,60.11,27.19,37.58,50.62
70.84,70.84,25.23,39.92,55.35
74.72,74.72,27.78,41.62,50.62
76.57,76.57,21.93,37.45,52.75
76.60,76.60,21.95,39.10,51.91
77.50,77.50,27.49,40.03,53.49
76.54,76.54,28.99,40.14,54.36
75.43,75.43,29.48,40.79,56.92
74.73,74.73,29.08,40.61,56.95
74.60,74.60,27.42,42.37,58.41
75.77,75.77,25.98,45.56,58.63
76.33,76.33,22.33,45.50,57.11
76.12,76.12,23.14,44.80,57.65
73.53,73.53,23.40,42.24,57.38
67.85,67.85,21.81,43.56,57.33
62.25,62.25,20.11,45.10,57.82
60.18,60.18,19.35,43.66,57.51
71.71,71.71,24.74,43.26,59.21
73.81,73.81,21.66,41.87,58.83
73.17,73.17,30.80,44.90,58.65
72.22,72.22,29.41,41.43,57.99
71.61,71.61,33.49,41.16,59.86
71.18,71.18,31.91,41.72,59.98
69.93,69.93,33.98,41.98,62.16
69.53,69.53,31.12,36.41,59.59
70.45,70.45,28.43,36.11,59.54
70.33,70.33,25.81,38.77,58.98
68.00,68.00,20.10,40.12,57.48
72.16,72.16,23.60,40.49,54.71
71.90,71.90,34.81,42.25,54.13
72.51,72.51,35.35,42.70,53.56
73.11,73.11,37.78,40.56,52.01
69.85,69.85,35.69,41.78,52.81
69.29,69.29,32.41,42.17,56.41
70.95,70.95,30.15,41.16,57.22
71.14,71.14,32.92,40.57,56.43
70.18,70.18,32.64,37.29,55.32
72.43,72.43,32.43,34.43,55.87
73.00,73.00,31.86,35.15,53.72
72.42,72.42,35.45,36.32,56.55
71.46,71.46,36.62,37.87,57.79
71.67,71.67,35.54,37.31,55.75
72.16,72.16,34.77,38.79,56.56
72.34,72.34,35.80,37.44,54.44
71.21,71.21,37.27,40.22,55.38
74.21,74.21,37.55,39.79,54.42
74.13,74.13,36.12,39.04,53.15
73.74,73.74,35.34,38.85,52.89
72.27,72.27,40.35,39.11,52.89
72.20,72.20,40.48,41.13,54.30
66.79,66.79,41.08,41.03,55.65
67.96,67.96,41.04,42.36,54.69
67.14,67.14,40.55,41.11,54.24
65.98,65.98,38.39,41.68,54.07
65.73,65.73,34.98,39.44,51.14
62.77,62.77,34.51,39.55,48.99
57.77,57.77,32.27,43.90,48.35
59.96,59.96,37.61,44.67,46.83
60.84,60.84,33.09,44.19,49.41
60.51,60.51,36.15,46.79,53.04
67.44,67.44,29.21,39.67,55.71
71.04,71.04,31.01,42.18,57.99
72.66,72.66,29.45,40.31,49.28
73.27,73.27,27.12,42.23,44.46
75.07,75.07,30.55,36.45,44.72
76.09,76.09,34.24,45.64,48.82
77.05,77.05,38.38,48.47,49.45
78.14,78.14,41.81,46.41,49.07
77.87,77.87,42.06,46.05,48.67
77.16,77.16,43.90,44.25,46.65
76.98,76.98,39.83,45.48,43.18
75.73,75.73,43.82,44.81,43.48
75.17,75.17,41.67,47.83,43.53
75.41,75.41,42.24,47.44,43.06
75.84,75.84,42.55,47.47,43.44
74.90,74.90,43.78,46.67,43.68
74.42,74.42,42.96,45.98,44.52
72.96,72.96,41.94,44.63,44.05
72.01,72.01,44.22,42.24,43.90
63.85,63.85,43.04,43.94,45.30
61.31,61.31,44.16,46.71,48.85
60.96,60.96,41.81,44.39,51.05
60.54,60.54,40.96,44.58,51.62
57.33,57.33,38.87,44.31,49.89
52.26,52.26,36.59,42.82,48.25
57.83,57.83,36.98,40.75,50.34
68.23,68.23,44.56,32.37,57.18
63.80,63.80,51.71,21.59,60.04
67.10,67.10,76.46,13.76,67.10
70.55,70.55,85.61,12.62,68.81
72.59,72.59,80.63,18.19,68.26
71.38,71.38,73.35,32.79,65.57
71.29,71.29,66.34,38.64,63.44
70.17,70.17,57.75,39.32,64.40
69.82,69.82,49.49,30.23,63.21
70.72,70.72,49.60,36.58,61.45
70.83,70.83,46.75,37.28,61.13
70.05,70.05,44.50,33.05,59.69
70.43,70.43,45.22,34.83,58.83
68.99,68.99,46.72,34.20,57.12
69.74,69.74,48.02,38.76,56.82
64.94,64.94,46.42,41.36,56.30
65.87,65.87,44.29,40.11,57.08
69.55,69.55,42.64,42.20,58.57
70.27,70.27,40.24,35.57,58.31
72.40,72.40,38.26,42.08,57.54
73.12,73.12,39.50,42.64,59.44
72.71,72.71,39.93,43.87,57.26
73.06,73.06,37.86,46.79,57.79
72.75,72.75,36.83,44.41,57.75
72.66,72.66,34.15,43.63,59.35
72.71,72.71,33.10,45.74,58.62
72.74,72.74,33.03,46.26,58.97
71.52,71.52,38.24,47.72,61.21
70.72,70.72,44.19,45.94,61.39
73.04,73.04,52.32,48.30,56.08
73.45,73.45,57.89,44.42,57.00
71.02,71.02,76.33,36.62,58.95
70.47,70.47,85.50,32.93,57.04
72.55,72.55,80.22,30.76,56.08
71.66,71.66,71.62,39.70,56.98
68.34,68.34,62.90,48.12,56.99
70.05,70.05,58.45,51.03,56.49
71.13,71.13,51.13,50.23,56.77
72.79,72.79,46.77,49.03,57.32
73.74,73.74,47.38,50.26,57.69
73.63,73.63,39.28,51.21,57.76
74.14,74.14,40.34,49.19,55.66
73.36,73.36,44.76,51.22,58.83
72.31,72.31,47.18,49.69,59.24
72.10,72.10,47.69,48.93,58.21
72.01,72.01,42.73,49.85,58.33
71.61,71.61,39.15,49.83,57.64
72.10,72.10,33.45,49.38,62.13
73.48,73.48,34.07,46.07,60.23
74.27,74.27,33.86,45.80,57.91
74.16,74.16,33.91,46.47,55.51
74.02,74.02,36.52,49.62,55.74
74.28,74.28,39.67,48.68,56.03
74.32,74.32,38.99,48.55,55.72
73.80,73.80,37.52,47.77,55.77
73.88,73.88,37.59,46.55,56.14
73.71,73.71,39.90,43.01,56.63
73.12,73.12,43.09,43.68,56.41
72.15,72.15,51.02,40.83,55.82
71.29,71.29,60.04,39.80,52.04
69.06,69.06,79.66,34.68,50.70
68.30,68.30,85.73,29.91,51.56
68.17,68.17,80.22,37.22,55.28
68.58,68.58,72.93,44.10,56.19
67.71,67.71,65.51,50.30,53.90
66.26,66.26,55.92,52.08,51.67
70.44,70.44,50.46,48.79,51.58
70.65,70.65,50.44,42.76,54.14
71.12,71.12,49.02,42.73,53.12
70.93,70.93,43.91,45.31,52.10
71.35,71.35,47.64,38.43,50.88
71.19,71.19,51.04,47.32,52.64
71.00,71.00,52.49,44.15,54.51
70.16,70.16,48.19,45.30,56.08
71.65,71.65,37.52,44.49,60.02
74.45,74.45,38.42,40.23,54.99
72.88,72.88,38.89,41.67,52.43
72.11,72.11,41.43,40.84,49.12
72.23,72.23,45.32,44.44,51.94
71.96,71.96,45.71,46.13,51.70
71.54,71.54,42.94,41.27,50.69
71.70,71.70,43.32,43.15,53.28
73.32,73.32,42.04,41.90,54.13
74.68,74.68,46.87,42.32,55.63
74.75,74.75,49.31,42.79,54.80
75.05,75.05,49.89,41.21,55.38
69.19,69.19,49.89,44.62,53.39
66.40,66.40,55.45,41.46,51.35
66.53,66.53,64.71,32.88,53.09
60.96,60.96,82.18,30.38,60.57
63.49,63.49,84.45,39.35,61.62
70.61,70.61,78.11,46.50,60.74
70.80,70.80,71.01,48.09,59.34
69.99,69.99,57.96,51.58,57.49
69.64,69.64,51.16,46.26,56.09
69.91,69.91,49.84,44.25,55.06
69.18,69.18,51.55,45.16,55.43
70.93,70.93,54.20,44.60,53.04
70.84,70.84,54.27,46.45,52.94
70.10,70.10,49.49,45.52,54.50
70.91,70.91,48.70,45.78,56.19
70.01,70.01,37.57,47.76,54.06
70.54,70.54,39.51,49.37,56.65
73.51,73.51,49.39,45.87,55.59
76.58,76.58,46.74,46.01,53.24
75.10,75.10,43.20,48.48,51.88
76.58,76.58,35.65,50.44,52.40
76.88,76.88,36.77,50.44,53.27
76.72,76.72,37.33,49.06,54.14
74.88,74.88,41.03,49.84,53.53
75.72,75.72,41.33,47.12,50.90
76.27,76.27,41.46,52.59,52.24
77.98,77.98,38.47,52.26,51.23
77.82,77.82,38.76,51.65,52.05
78.00,78.00,40.11,50.57,53.29
77.28,77.28,47.05,48.75,52.02
76.29,76.29,55.10,44.74,50.65
71.09,71.09,72.68,37.45,58.78
65.74,65.74,84.79,31.72,62.29
71.20,71.20,82.34,36.17,65.83
72.18,72.18,75.83,40.61,64.53
72.57,72.57,66.60,43.27,65.09
72.78,72.78,56.71,40.93,64.77
73.43,73.43,52.20,40.81,62.54
68.50,68.50,53.22,40.71,64.41
63.41,63.41,53.46,41.04,61.99
62.57,62.57,47.69,37.18,61.30
60.63,60.63,44.75,37.50,61.93
59.12,59.12,53.25,46.48,62.89
59.46,59.46,52.80,50.61,63.20
55.68,55.68,41.43,44.00,62.79
60.57,60.57,40.77,45.18,62.12
63.55,63.55,43.33,51.04,62.57
68.44,68.44,42.45,53.40,65.01
72.30,72.30,43.52,53.71,66.24
74.51,74.51,40.67,48.87,63.12
72.73,72.73,39.96,52.42,60.43
73.52,73.52,37.37,53.37,60.74
74.12,74.12,33.89,51.43,59.28
74.65,74.65,33.99,45.50,58.53
74.07,74.07,32.19,52.00,59.51
73.71,73.71,30.62,56.11,58.78
73.71,73.71,28.42,49.11,57.18
73.37,73.37,31.52,50.82,57.18
73.16,73.16,44.79,49.38,59.87
72.73,72.73,55.21,47.21,56.38
71.77,71.77,66.06,42.91,57.95
72.44,72.44,83.35,41.98,55.88
73.13,73.13,83.84,45.66,57.39
72.28,72.28,77.46,49.25,60.82
72.06,72.06,70.39,52.82,61.11
71.42,71.42,62.06,50.61,59.56
71.24,71.24,50.81,47.23,59.34
71.29,71.29,46.35,52.68,60.97
70.40,70.40,49.90,53.88,62.75
69.63,69.63,49.45,51.76,60.83
64.34,64.34,48.19,49.57,59.87
58.14,58.14,45.32,51.67,61.90
56.70,56.70,52.51,55.43,62.85
57.85,57.85,47.17,54.35,62.27
61.19,61.19,40.32,50.77,62.27
63.94,63.94,39.09,49.94,60.97
73.72,73.72,39.42,53.19,60.11
75.75,75.75,38.93,57.25,58.48
76.80,76.80,36.40,53.46,55.64
75.71,75.71,32.49,53.44,55.56
75.75,75.75,32.23,57.23,55.94
74.61,74.61,28.53,56.80,56.02
74.73,74.73,28.11,53.55,56.54
74.96,74.96,29.89,54.85,56.79
75.39,75.39,28.42,55.62,57.57
76.24,76.24,30.16,55.72,59.56
76.10,76.10,35.10,54.34,56.24
76.82,76.82,45.85,50.87,54.09
76.51,76.51,52.08,44.97,55.17
75.94,75.94,67.67,40.38,58.41
75.29,75.29,84.60,31.79,54.38
74.62,74.62,83.03,34.69,56.32
75.56,75.56,76.44,36.95,55.19
75.56,75.56,65.81,41.86,55.53
76.24,76.24,58.59,48.73,56.28
75.77,75.77,55.06,47.85,60.10
74.84,74.84,46.76,46.78,58.06
73.88,73.88,45.21,51.18,57.17
73.67,73.67,44.26,51.84,57.50
73.14,73.14,43.24,51.30,55.62
73.74,73.74,47.41,54.41,56.20
73.53,73.53,46.53,47.83,55.89
74.24,74.24,42.69,48.55,54.46
75.25,75.25,40.34,52.39,53.26
70.78,70.78,37.80,48.36,49.86
73.82,73.82,35.60,51.98,51.71
78.19,78.19,34.23,51.41,51.41
78.16,78.16,30.24,50.86,52.81
77.12,77.12,30.95,49.52,49.75
77.03,77.03,30.67,49.36,50.94
76.52,76.52,30.21,51.13,53.71
76.48,76.48,27.72,50.93,56.19
77.07,77.07,30.84,50.74,53.40
76.81,76.81,30.05,50.81,52.37
75.81,75.81,32.10,48.96,52.82
75.08,75.08,40.65,49.75,51.47
73.81,73.81,49.99,48.20,50.34
72.04,72.04,59.80,40.52,51.38
72.45,72.45,82.64,28.77,53.44
71.78,71.78,83.84,27.02,57.66
73.35,73.35,79.22,35.16,58.55
74.87,74.87,72.08,39.26,56.49
76.15,76.15,60.63,45.49,56.70
75.22,75.22,52.57,44.99,57.51
72.64,72.64,47.57,43.17,58.62
67.95,67.95,43.71,44.15,59.42
66.58,66.58,48.50,41.93,58.78
64.36,64.36,49.28,40.18,58.54
63.37,63.37,47.06,41.48,57.64
63.91,63.91,49.19,45.29,58.36
62.52,62.52,47.81,41.62,57.44
64.42,64.42,44.10,39.39,59.96
66.94,66.94,43.16,41.89,61.62
66.17,66.17,37.47,42.93,62.42
69.57,69.57,39.81,43.47,64.46
72.50,72.50,39.56,45.50,64.97
75.81,75.81,32.74,43.70,64.03
75.40,75.40,36.25,46.14,64.78
73.91,73.91,31.87,40.85,63.58
73.07,73.07,33.76,43.62,64.07
75.58,75.58,32.64,43.88,62.09
74.53,74.53,36.26,43.25,61.20
75.75,75.75,36.80,40.48,60.50
75.41,75.41,36.24,40.40,60.61
75.56,75.56,48.02,39.19,57.90
76.76,76.76,52.53,36.91,60.29
77.16,77.16,59.42,27.35,62.04
76.09,76.09,75.60,19.15,62.58
74.72,74.72,85.58,20.67,61.04
75.77,75.77,80.32,35.26,59.78
76.29,76.29,72.73,35.33,59.71
75.02,75.02,64.77,36.08,58.03
75.62,75.62,55.91,39.53,59.30
76.28,76.28,51.82,35.62,58.36
74.76,74.76,49.88,36.93,58.73
77.10,77.10,47.82,43.14,57.34
76.94,76.94,45.47,38.55,58.30
76.23,76.23,47.65,40.89,60.38
76.88,76.88,52.98,44.72,59.68
76.83,76.83,51.72,42.55,60.44
77.47,77.47,43.81,43.25,61.59
75.69,75.69,48.52,47.19,62.60
74.69,74.69,48.70,48.71,63.74
75.05,75.05,45.33,49.18,64.88
74.54,74.54,43.68,49.22,60.84
72.87,72.87,44.99,50.44,62.23
72.62,72.62,42.08,49.98,61.20
68.62,68.62,41.85,50.60,58.75
66.21,66.21,42.33,52.87,62.04
58.61,58.61,43.77,54.59,60.46
64.02,64.02,39.95,52.80,63.26
62.49,62.49,38.30,52.50,61.45
52.28,52.28,39.69,49.74,59.69
54.84,54.84,51.30,47.65,60.44
55.72,55.72,58.65,43.64,58.87
58.15,58.15,70.38,35.93,64.51
57.68,57.68,86.26,37.11,64.24
56.52,56.52,82.81,46.42,65.22
50.97,50.97,75.47,53.07,66.45
49.88,49.88,66.58,54.14,64.17
52.84,52.84,56.78,53.40,65.58
44.68,44.68,55.89,51.87,66.08
50.85,50.85,51.87,51.08,64.21
53.36,53.36,50.29,51.46,64.45
52.47,52.47,49.00,53.48,64.41
52.48,52.48,49.37,51.67,62.47
49.88,49.88,48.11,50.02,60.31
47.97,47.97,40.79,51.78,59.92
46.66,46.66,38.40,52.59,59.62
44.00,44.00,39.02,52.98,58.79
45.55,45.55,40.24,52.53,59.69
43.80,43.80,35.12,55.50,61.98
43.23,43.23,34.92,55.40,62.96
36.62,36.62,35.54,55.49,62.77
44.47,44.47,34.11,54.14,63.81
38.93,38.93,34.14,54.58,63.75
38.33,38.33,34.62,57.30,62.44
37.66,37.66,33.51,56.17,60.72
36.18,36.18,32.93,56.22,59.27
37.40,37.40,31.70,54.96,58.10
41.22,41.22,30.84,54.58,59.02
41.47,41.47,35.85,54.45,59.86
39.55,39.55,45.88,50.92,60.25
34.91,34.91,52.48,45.33,59.60
24.73,24.73,65.17,40.62,57.86
17.95,17.95,84.18,34.50,62.14
30.96,30.96,84.05,43.49,63.64
40.84,40.84,76.62,49.38,63.36
41.64,41.64,69.16,49.90,63.16
38.44,38.44,61.26,48.66,61.11
38.03,38.03,57.84,48.58,61.32
35.34,35.34,50.72,46.20,59.60
34.71,34.71,49.75,51.57,60.82
38.28,38.28,49.27,51.42,58.80
32.96,32.96,49.81,53.23,57.22
36.03,36.03,46.29,52.14,57.35
34.01,34.01,44.15,48.04,59.97
33.17,33.17,39.87,52.63,59.61
28.49,28.49,40.55,53.70,59.18
28.91,28.91,35.97,49.40,67.73
21.33,21.33,36.12,50.67,67.10
21.58,21.58,35.49,53.29,67.59
24.73,24.73,35.98,50.51,67.70
26.73,26.73,34.68,50.58,67.33
27.82,27.82,35.58,48.85,66.06
28.54,28.54,33.91,51.99,65.91
27.08,27.08,34.91,51.46,64.71
26.91,26.91,35.87,50.92,62.50
28.59,28.59,38.36,51.56,62.18
29.25,29.25,39.23,49.00,62.35
28.01,28.01,42.13,47.79,61.24
22.87,22.87,46.29,46.18,61.73
12.40,12.40,51.70,43.37,62.65
18.66,18.66,68.99,34.34,61.66
25.41,25.41,86.86,29.10,59.84
26.93,26.93,83.23,32.16,59.16
23.50,23.50,75.83,42.99,59.94
25.93,25.93,66.06,43.51,58.10
27.51,27.51,55.84,49.35,56.58
28.96,28.96,51.02,42.62,56.94
28.29,28.29,45.86,45.69,59.18
30.05,30.05,45.13,46.63,58.03
31.16,31.16,41.24,47.76,58.76
28.93,28.93,49.31,45.37,60.81
27.82,27.82,51.81,45.52,60.51
28.23,28.23,49.59,44.24,60.48
23.19,23.19,45.87,46.10,60.20
19.81,19.81,40.17,43.46,59.78
14.38,14.38,42.07,46.82,65.26
15.36,15.36,39.21,45.11,62.92
21.19,21.19,37.10,43.56,64.19
24.75,24.75,35.62,42.82,64.75
27.17,27.17,39.45,44.96,64.89
26.64,26.64,38.44,43.18,64.95
26.36,26.36,32.33,43.08,65.03
25.13,25.13,36.36,42.50,64.90
26.03,26.03,41.21,40.47,65.30
27.49,27.49,40.47,38.77,65.05
28.91,28.91,40.82,38.16,63.79
25.98,25.98,43.18,39.05,62.39
19.44,19.44,48.88,37.33,62.51
12.60,12.60,55.49,28.52,62.86
14.42,14.42,76.80,23.16,63.72
20.15,20.15,84.82,28.48,61.77
21.51,21.51,81.26,38.11,61.51
21.89,21.89,73.80,41.36,61.83
24.93,24.93,67.97,39.81,60.67
24.67,24.67,60.09,37.85,62.41
26.97,26.97,52.29,34.40,62.26
28.27,28.27,49.18,36.94,59.88
26.73,26.73,48.85,33.05,58.35
24.90,24.90,50.27,32.29,60.01
25.54,25.54,43.97,34.75,61.47
25.54,25.54,47.05,33.27,61.68
23.88,23.88,48.88,36.33,63.22
25.30,25.30,48.42,40.60,64.87
25.68,25.68,37.93,41.24,64.85
27.32,27.32,42.13,40.12,65.99
24.38,24.38,42.31,43.18,63.62
26.32,26.32,34.58,47.18,62.68
27.68,27.68,29.40,44.11,63.00
29.79,29.79,35.77,42.82,62.22
27.98,27.98,37.73,42.30,61.16
26.65,26.65,30.85,43.79,62.28
27.18,27.18,27.57,42.16,62.41
27.54,27.54,36.53,41.79,63.45
28.49,28.49,37.74,39.59,62.48
28.52,28.52,35.43,40.19,63.07
25.92,25.92,37.86,39.14,62.16
23.37,23.37,43.71,41.17,62.32
21.78,21.78,56.79,34.68,59.83
15.87,15.87,78.91,21.67,55.70
20.64,20.64,85.95,26.71,61.75
21.75,21.75,79.69,31.54,63.80
23.04,23.04,71.83,25.55,64.42
20.92,20.92,64.10,31.99,64.30
19.70,19.70,55.03,35.08,64.70
20.18,20.18,50.52,39.28,63.83
21.35,21.35,49.99,41.86,63.77
23.19,23.19,51.93,40.69,63.53
23.95,23.95,50.73,38.32,61.72
25.54,25.54,49.62,41.79,61.75
28.23,28.23,44.79,45.05,61.39
29.86,29.86,50.93,43.77,59.56
30.48,30.48,51.55,42.27,59.89
29.93,29.93,42.83,40.20,60.90
31.45,31.45,36.66,42.53,62.44
30.79,30.79,46.87,43.97,62.68
30.13,30.13,42.83,43.76,62.09
29.89,29.89,34.38,44.59,60.94
29.29,29.29,39.87,44.53,61.53
28.86,28.86,45.89,42.40,62.11
28.24,28.24,44.81,41.19,61.93
29.05,29.05,43.15,36.92,61.24
28.62,28.62,46.07,34.42,61.38
27.37,27.37,48.35,36.91,61.22
27.36,27.36,45.11,30.83,58.85
24.60,24.60,48.54,34.23,58.16
15.87,15.87,50.72,25.41,55.17
14.98,14.98,66.46,22.51,54.38
22.97,22.97,84.96,23.15,57.70
24.52,24.52,83.61,30.53,59.97
23.01,23.01,76.07,42.99,58.00
26.90,26.90,68.46,43.49,58.74
29.36,29.36,58.83,38.92,57.07
25.85,25.85,50.84,34.50,58.06
27.04,27.04,47.66,36.86,56.46
26.65,26.65,47.25,40.74,58.00
26.26,26.26,44.53,39.97,57.75
25.89,25.89,46.90,37.93,55.84
26.31,26.31,51.46,36.71,55.05
24.18,24.18,50.27,41.20,55.72
22.45,22.45,47.26,40.40,55.04
18.94,18.94,41.92,43.99,53.85
13.28,13.28,41.40,40.80,53.75
17.61,17.61,39.81,41.01,64.67
17.23,17.23,39.45,38.65,63.67
23.34,23.34,40.73,43.75,64.71
27.48,27.48,39.38,36.23,65.71
28.31,28.31,40.97,41.68,66.65
27.99,27.99,39.14,41.88,66.06
28.01,28.01,37.84,40.11,65.65
28.19,28.19,38.32,38.77,64.44
28.20,28.20,37.28,33.43,63.34
29.36,29.36,35.88,36.30,62.65
26.98,26.98,40.00,39.21,61.23
21.81,21.81,44.83,31.33,58.21
14.39,14.39,48.77,30.96,55.79
15.44,15.44,73.89,16.40,55.78
19.17,19.17,85.05,21.59,56.03
23.13,23.13,82.64,36.31,59.87
26.50,26.50,75.83,42.20,59.10
26.41,26.41,67.51,44.71,57.88
27.94,27.94,58.14,41.36,56.78
27.26,27.26,51.17,39.46,55.09
26.63,26.63,51.96,32.08,54.33
27.65,27.65,47.69,39.49,56.00
26.74,26.74,47.77,39.80,56.26
26.83,26.83,46.30,37.81,55.81
24.93,24.93,52.82,35.23,55.67
29.74,29.74,50.80,40.73,55.95
27.15,27.15,44.57,42.93,55.34
19.96,19.96,40.63,45.40,53.67
15.37,15.37,43.78,38.71,55.02
21.57,21.57,40.26,40.35,65.68
21.72,21.72,42.81,42.15,65.25
29.67,29.67,42.98,38.47,66.43
33.81,33.81,45.57,39.06,65.88
36.87,36.87,49.83,39.13,65.64
38.03,38.03,51.47,40.34,65.40
38.15,38.15,51.78,41.12,64.49
36.78,36.78,51.11,35.23,63.54
34.94,34.94,46.37,35.94,63.01
37.86,37.86,42.45,38.98,61.00
43.55,43.55,42.28,36.76,59.67
54.77,54.77,51.26,32.34,58.34
62.46,62.46,54.18,33.07,57.57
67.07,67.07,75.26,22.72,55.14
69.11,69.11,85.22,19.95,58.86
70.19,70.19,81.59,27.33,63.46
69.47,69.47,73.66,30.83,64.57
70.79,70.79,65.98,33.22,64.55
70.69,70.69,58.03,38.29,63.78
72.61,72.61,48.54,36.36,62.28
71.92,71.92,46.73,28.99,62.66
68.60,68.60,46.70,35.69,62.56
65.66,65.66,40.37,36.39,62.11
64.99,64.99,40.68,36.19,64.17
63.98,63.98,49.22,38.70,62.46
63.66,63.66,47.64,41.29,61.53
62.57,62.57,46.33,44.11,60.55
60.92,60.92,43.18,47.91,61.58
60.52,60.52,34.87,42.16,63.27
60.58,60.58,34.92,43.88,67.37
71.46,71.46,34.09,46.29,63.81
76.08,76.08,34.13,48.29,61.33
75.85,75.85,33.67,48.11,60.88
75.01,75.01,32.76,48.89,59.65
73.75,73.75,32.24,50.07,60.57
73.75,73.75,30.59,49.95,61.19
72.03,72.03,29.95,48.48,61.78
71.57,71.57,29.37,49.02,62.92
71.61,71.61,29.49,48.68,62.88
71.52,71.52,40.76,46.75,60.67
70.74,70.74,50.79,45.82,60.31
71.80,71.80,58.78,45.88,59.25
69.18,69.18,81.08,39.43,58.23
73.05,73.05,84.79,31.07,60.12
73.49,73.49,79.30,42.91,56.09
74.80,74.80,70.91,47.04,59.47
73.80,73.80,61.65,50.76,59.90
72.15,72.15,55.68,53.24,61.30
72.56,72.56,49.31,51.38,61.07
72.85,72.85,43.59,48.68,60.61
71.81,71.81,42.54,51.03,62.05
71.74,71.74,38.01,51.86,59.94
72.36,72.36,41.40,51.43,60.78
72.77,72.77,47.31,51.48,61.07
72.59,72.59,50.84,50.44,62.05
72.44,72.44,49.30,49.38,61.69
72.43,72.43,42.39,50.60,62.27
71.56,71.56,40.98,49.63,61.00
71.22,71.22,36.39,49.01,59.48
71.72,71.72,36.01,49.36,58.72
73.25,73.25,35.23,43.37,54.79
74.18,74.18,34.77,46.29,55.09
73.61,73.61,33.47,46.98,55.96
72.72,72.72,35.87,48.22,56.14
74.51,74.51,34.62,47.77,55.86
75.26,75.26,34.06,44.79,57.14
75.02,75.02,36.42,45.53,57.58
73.76,73.76,34.71,41.22,56.22
73.45,73.45,39.63,41.43,56.66
72.52,72.52,49.12,38.29,56.45
70.95,70.95,60.59,39.59,54.89
70.45,70.45,82.73,34.74,53.82
72.03,72.03,83.84,40.47,56.18
74.20,74.20,80.08,39.13,55.61
74.68,74.68,71.66,44.95,55.20
74.83,74.83,62.46,47.90,56.23
73.97,73.97,56.02,49.40,54.87
72.29,72.29,48.72,46.83,57.55
70.35,70.35,49.96,39.37,54.42
69.13,69.13,45.15,43.52,56.96
70.73,70.73,44.13,43.70,52.93
72.68,72.68,52.18,43.67,51.64
72.30,72.30,53.33,43.45,54.96
71.11,71.11,51.99,39.67,55.74
69.82,69.82,48.98,39.36,56.10
71.98,71.98,37.36,41.04,56.19
72.58,72.58,37.12,37.83,56.88
71.18,71.18,41.53,36.62,56.60
70.25,70.25,44.69,38.13,56.09
67.45,67.45,43.82,37.37,54.78
67.47,67.47,45.49,37.95,56.90
70.34,70.34,43.93,35.79,58.85
67.75,67.75,41.90,37.15,60.79
59.74,59.74,44.21,38.15,62.61
53.22,53.22,46.15,39.39,62.57
52.99,52.99,46.31,39.53,64.08
56.89,56.89,49.26,38.65,65.97
55.57,55.57,50.35,43.89,65.47
57.10,57.10,55.01,41.84,63.86
62.78,62.78,65.16,36.54,64.26
65.01,65.01,83.05,33.85,64.06
66.33,66.33,83.99,36.38,64.46
66.96,66.96,77.69,35.69,62.65
66.53,66.53,69.94,45.02,63.41
65.64,65.64,56.48,43.48,60.01
67.04,67.04,50.43,40.19,58.44
67.45,67.45,47.97,34.92,58.24
65.67,65.67,48.41,42.07,57.12
60.64,60.64,51.42,47.90,57.64
63.97,63.97,51.65,44.56,57.89
64.94,64.94,48.52,45.36,58.14
64.93,64.93,41.61,46.54,58.75
63.78,63.78,42.70,45.74,60.43
64.28,64.28,50.68,48.81,58.52
65.61,65.61,50.41,50.13,61.06
64.84,64.84,49.67,48.05,65.82
61.89,61.89,45.60,46.96,65.57
67.63,67.63,33.78,49.04,63.49
72.69,72.69,41.75,49.06,61.30
74.89,74.89,45.36,49.40,58.40
76.29,76.29,44.93,49.08,58.41
75.99,75.99,42.29,48.51,58.59
76.12,76.12,40.88,47.76,59.09
75.65,75.65,40.16,45.31,58.70
75.77,75.77,39.35,45.86,57.45
75.86,75.86,43.21,45.64,57.02
75.29,75.29,52.52,41.51,58.44
74.63,74.63,57.44,33.74,58.64
74.91,74.91,74.74,31.60,57.39
73.00,73.00,85.33,32.03,58.84
72.71,72.71,80.78,40.15,61.71
71.97,71.97,74.15,35.63,59.66
71.94,71.94,65.81,40.29,60.24
70.89,70.89,58.84,43.67,58.77
70.74,70.74,52.38,41.44,57.90
68.52,68.52,51.54,38.32,56.98
69.83,69.83,50.09,38.13,56.78
69.54,69.54,45.55,36.71,56.15
71.45,71.45,40.18,37.73,56.93
70.47,70.47,52.19,42.96,57.95
68.15,68.15,50.00,41.48,60.93
69.85,69.85,37.49,39.76,62.88
68.66,68.66,37.84,41.94,65.32
70.78,70.78,37.66,42.37,64.28
70.56,70.56,41.79,50.78,62.48
70.46,70.46,39.55,48.75,61.88
67.57,67.57,36.36,44.27,62.13
67.45,67.45,33.55,52.72,61.34
63.64,63.64,32.78,52.84,58.86
64.14,64.14,32.77,50.27,61.78
62.44,62.44,30.70,49.07,62.32
61.83,61.83,28.92,52.04,62.78
60.92,60.92,31.06,51.67,63.69
61.70,61.70,32.34,51.28,59.46
62.93,62.93,41.41,50.31,61.66
61.13,61.13,47.65,47.15,63.39
63.60,63.60,60.19,45.35,61.94
65.15,65.15,79.69,43.20,62.72
64.62,64.62,85.63,44.29,62.19
65.02,65.02,79.57,49.26,62.56
70.38,70.38,70.45,52.38,60.52
72.02,72.02,62.31,52.46,60.29
72.58,72.58,58.81,49.72,59.50
74.81,74.81,49.86,51.64,59.39
73.31,73.31,38.47,50.67,61.39
74.81,74.81,43.94,48.61,60.20
73.68,73.68,34.48,52.06,59.80
73.74,73.74,39.71,53.58,58.65
73.88,73.88,40.61,52.58,58.79
73.72,73.72,45.46,54.05,57.83
73.38,73.38,45.75,57.52,58.28
73.69,73.69,43.78,53.03,59.77
74.15,74.15,38.14,54.14,58.06
73.42,73.42,35.79,53.97,59.84
72.91,72.91,33.03,56.92,57.29
72.82,72.82,34.95,55.99,57.02
71.64,71.64,34.32,54.15,58.48
69.43,69.43,33.78,55.13,57.96
69.20,69.20,32.49,57.26,55.78
68.34,68.34,29.16,55.73,56.65
64.55,64.55,28.30,55.28,59.17
62.13,62.13,29.37,55.14,59.59
55.68,55.68,33.61,57.97,58.47
56.76,56.76,44.59,53.43,56.56
59.20,59.20,51.22,46.93,55.98
60.62,60.62,59.52,38.71,56.80
64.40,64.40,81.55,31.62,56.18
67.22,67.22,84.98,35.03,57.39
70.17,70.17,79.81,42.36,56.53
70.03,70.03,72.70,48.72,56.94
68.96,68.96,65.20,47.29,55.33
69.57,69.57,53.69,37.47,56.29
69.93,69.93,46.93,42.21,55.69
70.68,70.68,46.69,48.01,52.92
70.97,70.97,44.17,48.46,57.08
70.07,70.07,48.75,44.35,57.56
71.58,71.58,50.40,46.00,57.70
72.61,72.61,48.49,49.02,57.03
73.12,73.12,47.54,53.34,55.71
73.14,73.14,43.55,46.48,53.81
70.51,70.51,37.00,48.73,53.67
69.79,69.79,41.11,50.12,55.66
68.89,68.89,39.48,47.35,56.41
68.79,68.79,37.57,51.53,56.61
69.61,69.61,35.58,48.64,59.98
71.19,71.19,33.13,51.12,61.80
73.03,73.03,29.79,48.56,63.19
73.36,73.36,30.50,51.10,63.62
69.22,69.22,34.39,51.19,63.62
67.70,67.70,37.87,49.13,64.06
63.70,63.70,36.72,51.63,65.36
64.17,64.17,42.30,52.20,65.50
62.92,62.92,42.68,49.00,63.37
61.08,61.08,47.49,46.09,63.26
60.36,60.36,56.11,37.46,62.82
59.15,59.15,77.42,14.59,61.63
57.68,57.68,86.26,23.22,57.56
69.59,69.59,80.37,36.88,57.40
72.56,72.56,73.01,40.72,52.97
71.67,71.67,64.50,45.24,53.19
71.72,71.72,59.42,47.72,53.66
71.80,71.80,49.37,40.67,56.88
71.79,71.79,47.90,44.63,58.56
72.37,72.37,45.42,40.93,55.82
72.31,72.31,44.54,41.31,58.91
71.51,71.51,51.07,37.36,55.42
70.65,70.65,52.35,40.54,56.92
71.72,71.72,45.58,37.11,55.65
70.03,70.03,50.46,36.21,54.70
70.89,70.89,38.73,38.46,56.34
69.98,69.98,38.67,37.37,57.37
68.44,68.44,41.10,39.77,61.20
65.52,65.52,35.88,38.91,64.41
64.83,64.83,43.64,40.31,62.90
65.14,65.14,36.56,37.40,62.65
64.07,64.07,42.08,42.37,63.58
65.08,65.08,43.95,42.62,65.39
64.75,64.75,39.25,35.31,62.91
64.16,64.16,43.98,36.23,62.80
62.88,62.88,40.89,39.01,63.43
62.60,62.60,41.79,37.45,63.25
60.77,60.77,44.94,37.31,62.12
62.57,62.57,50.36,29.45,60.83
75.38,75.38,62.77,13.23,58.54
71.46,71.46,83.68,5.34,57.94
73.30,73.30,83.86,17.93,55.29
74.76,74.76,77.62,35.01,57.38
74.29,74.29,69.84,41.75,57.63
73.54,73.54,61.97,38.14,56.00
73.40,73.40,53.99,32.97,54.87
72.88,72.88,43.02,33.10,57.72
71.49,71.49,39.77,30.96,59.74
71.74,71.74,43.01,30.33,59.25
71.94,71.94,44.68,28.65,62.18
72.54,72.54,46.21,34.61,62.64
71.82,71.82,54.85,39.89,62.74
65.68,65.68,49.47,40.25,64.56
64.28,64.28,42.05,40.02,65.03
70.14,70.14,48.36,42.99,64.48
72.83,72.83,41.99,42.53,64.01
73.58,73.58,36.92,42.04,64.42
70.89,70.89,30.74,38.10,60.20
71.53,71.53,32.92,39.75,63.59
72.64,72.64,39.24,44.80,62.11
73.26,73.26,37.34,44.47,61.95
73.21,73.21,34.54,43.34,63.33
73.16,73.16,35.28,44.80,60.65
73.66,73.66,32.69,45.85,62.57
70.67,70.67,31.03,44.11,63.96
64.38,64.38,40.02,39.80,64.01
66.96,66.96,53.89,34.31,64.16
66.32,66.32,61.45,32.70,64.23
62.02,62.02,78.78,24.46,66.91
71.15,71.15,85.31,28.66,65.28
67.51,67.51,79.84,37.43,65.01
71.02,71.02,71.74,43.40,65.13
69.21,69.21,62.90,45.86,62.07
74.65,74.65,51.33,47.55,59.88
74.94,74.94,48.38,51.63,62.97
73.00,73.00,48.58,52.16,60.00
74.25,74.25,43.66,51.62,61.28
75.76,75.76,44.77,50.96,60.10
75.20,75.20,49.16,50.58,60.07
73.77,73.77,50.50,51.48,60.36
73.55,73.55,44.91,52.21,58.00
74.70,74.70,38.83,49.57,56.52
74.37,74.37,40.81,55.15,57.26
74.81,74.81,38.71,54.43,57.40
75.41,75.41,37.34,53.35,58.37
75.33,75.33,36.52,54.92,59.85
75.81,75.81,35.83,55.06,57.22
74.98,74.98,35.37,52.10,58.26
74.76,74.76,33.04,53.62,57.76
75.20,75.20,31.36,56.01,58.14
75.21,75.21,29.88,56.72,58.42
74.64,74.64,30.40,56.05,56.71
74.94,74.94,28.34,55.12,56.63
74.61,74.61,33.26,55.28,56.59
74.26,74.26,41.88,52.84,56.82
74.95,74.95,50.68,47.52,57.59
75.05,75.05,59.75,38.55,56.93
73.71,73.71,80.02,31.29,60.18
73.60,73.60,85.27,35.59,56.36
74.86,74.86,79.75,44.44,57.63
74.36,74.36,71.57,48.50,56.48
74.65,74.65,63.22,48.70,57.97
73.99,73.99,47.34,45.57,58.81
73.84,73.84,48.58,38.83,59.22
74.32,74.32,41.59,40.00,58.36
74.36,74.36,45.05,46.43,56.63
74.31,74.31,42.46,48.58,57.52
73.09,73.09,46.58,51.35,56.83
72.27,72.27,47.04,53.78,55.53
71.24,71.24,47.75,52.04,55.70
70.36,70.36,42.65,47.33,55.95
70.79,70.79,40.14,53.12,54.89
71.76,71.76,39.34,52.99,64.25
71.95,71.95,39.54,50.85,61.62
72.28,72.28,38.97,49.54,61.76
72.23,72.23,39.03,49.24,63.10
70.77,70.77,38.32,51.05,64.28
67.86,67.86,37.02,50.10,64.46
64.50,64.50,37.19,48.86,65.12
60.45,60.45,37.63,51.44,63.70
57.52,57.52,38.37,50.95,64.25
55.04,55.04,39.30,49.68,64.10
55.32,55.32,39.53,49.21,63.87
55.46,55.46,45.28,48.96,62.37
54.51,54.51,50.38,45.43,59.02
54.00,54.00,59.26,35.29,58.89
49.56,49.56,80.99,19.09,59.23
51.59,51.59,85.39,23.43,60.33
54.25,54.25,79.79,30.78,60.66
51.74,51.74,71.94,38.89,60.60
49.09,49.09,64.65,41.84,61.42
52.00,52.00,55.16,42.16,63.09
50.51,50.51,48.45,45.83,64.12
51.32,51.32,48.15,47.52,65.48
53.37,53.37,51.55,46.65,66.22
52.29,52.29,43.45,49.85,64.79
52.57,52.57,42.21,50.45,63.08
52.39,52.39,43.61,50.66,61.94
50.47,50.47,48.32,50.17,60.96
47.57,47.57,45.75,47.12,61.22
47.97,47.97,34.46,49.91,61.04
48.98,48.98,35.88,48.06,65.58
49.10,49.10,40.03,50.43,66.07
48.01,48.01,36.11,45.65,65.47
47.92,47.92,33.53,44.61,65.41
45.59,45.59,35.02,47.34,64.88
44.21,44.21,34.64,45.39,64.77
44.43,44.43,34.18,42.32,64.82
45.03,45.03,32.22,41.03,64.38
42.92,42.92,39.11,41.58,63.09
41.80,41.80,41.10,39.12,63.37
43.26,43.26,40.27,39.42,62.13
36.85,36.85,49.73,35.55,61.01
22.86,22.86,56.29,28.65,59.69
13.09,13.09,65.02,19.91,60.16
14.92,14.92,84.68,11.70,58.53
29.14,29.14,84.02,21.90,59.25
40.86,40.86,76.71,33.89,59.06
42.69,42.69,68.63,39.67,59.32
40.24,40.24,58.38,33.36,57.63
41.67,41.67,52.29,36.07,59.85
40.40,40.40,49.50,37.18,60.60
39.56,39.56,46.17,37.06,59.76
38.09,38.09,46.03,37.42,60.70
39.14,39.14,47.70,39.34,63.01
41.21,41.21,51.60,39.58,62.69
43.60,43.60,48.66,43.03,62.16
45.69,45.69,44.23,42.35,62.26
48.81,48.81,45.24,39.69,62.22
50.23,50.23,42.95,45.75,62.69
51.95,51.95,40.14,44.79,62.58
53.01,53.01,40.86,43.94,64.25
52.74,52.74,39.39,45.84,64.32
51.74,51.74,36.68,47.75,64.44
51.73,51.73,33.54,48.37,65.98
46.85,46.85,30.01,48.72,66.41
46.35,46.35,26.80,48.46,67.54
47.66,47.66,22.65,48.46,68.62
47.07,47.07,22.12,46.31,67.15
51.44,51.44,28.07,42.29,67.12
53.21,53.21,30.35,44.97,66.68
58.64,58.64,39.05,41.78,66.43
63.82,63.82,52.31,33.47,64.54
69.16,69.16,59.99,29.44,64.14
72.85,72.85,82.00,16.69,63.47
75.53,75.53,83.58,19.83,62.77
77.34,77.34,77.80,30.49,62.31
77.67,77.67,71.24,35.86,63.03
76.41,76.41,60.05,35.20,63.52
76.67,76.67,57.34,33.15,63.15
76.69,76.69,44.47,28.70,64.30
76.84,76.84,47.53,28.10,63.94
75.32,75.32,47.70,33.12,65.85
75.77,75.77,50.69,38.21,65.91
75.59,75.59,42.86,37.95,66.09
76.43,76.43,40.35,37.53,65.40
71.98,71.98,45.11,37.56,65.06
68.33,68.33,46.57,37.92,65.79
73.33,73.33,34.21,39.39,63.57
75.01,75.01,35.28,40.70,63.15
75.09,75.09,40.77,39.80,62.45
75.15,75.15,41.19,41.93,65.83
73.43,73.43,33.78,39.23,65.08
74.26,74.26,31.13,38.00,64.20
73.71,73.71,38.33,38.10,64.24
73.58,73.58,28.26,33.79,63.46
72.77,72.77,34.34,33.81,64.49
70.20,70.20,41.48,35.46,63.34
68.68,68.68,41.76,36.39,64.70
72.93,72.93,40.85,37.77,66.25
72.52,72.52,45.51,36.13,65.99
71.90,71.90,50.87,26.57,66.79
69.27,69.27,53.44,9.06,65.57
71.39,71.39,79.67,0.49,64.34
70.97,70.97,84.81,14.09,65.18
69.94,69.94,79.18,23.88,65.55
72.79,72.79,71.13,24.68,66.16
73.98,73.98,63.02,23.01,66.29
73.02,73.02,57.31,29.42,65.01
73.53,73.53,49.69,27.78,64.25
75.33,75.33,47.05,30.39,63.30
75.54,75.54,48.79,30.77,65.07
74.20,74.20,43.80,23.98,64.05
75.45,75.45,43.27,25.28,65.84
74.20,74.20,48.42,29.62,65.08
70.83,70.83,50.24,34.97,65.47
75.05,75.05,47.94,30.45,65.33
70.91,70.91,41.06,34.74,64.87
71.10,71.10,40.92,33.54,64.70
75.69,75.69,45.32,31.34,64.15
75.86,75.86,38.82,32.44,65.36
70.75,70.75,35.76,29.98,65.15
73.97,73.97,40.06,34.85,64.60
69.51,69.51,38.94,30.05,67.14
68.90,68.90,39.09,26.99,67.60
69.53,69.53,39.68,29.03,68.05
70.50,70.50,37.01,26.04,68.47
69.47,69.47,36.04,19.97,68.04
69.21,69.21,34.70,16.70,68.25
70.24,70.24,37.86,8.77,67.03
68.63,68.63,49.95,1.92,68.08
66.54,66.54,59.45,-0.00,67.38
72.72,72.72,81.49,-0.00,65.58
73.91,73.91,83.01,2.35,64.46
75.15,75.15,79.40,3.34,65.46
76.16,76.16,70.32,15.55,66.60
78.43,78.43,61.24,18.08,65.63
77.69,77.69,54.02,20.35,66.16
77.59,77.59,42.86,25.58,65.28
77.47,77.47,43.02,23.72,64.02
78.29,78.29,47.38,26.80,64.30
78.98,78.98,45.43,25.83,65.13
79.38,79.38,51.00,29.27,65.78
80.10,80.10,49.50,24.29,65.15
78.79,78.79,48.05,25.47,64.35
77.47,77.47,48.28,17.87,63.07
74.77,74.77,42.59,23.25,63.35
69.65,69.65,45.74,23.55,65.20
69.00,69.00,41.06,21.85,64.73
66.10,66.10,43.92,25.20,65.63
67.82,67.82,39.98,22.39,64.53
68.78,68.78,41.04,18.11,65.64
71.36,71.36,40.88,15.74,63.52
72.06,72.06,43.18,16.62,64.96
71.30,71.30,33.35,13.73,63.88
67.43,67.43,31.55,14.31,64.08
69.63,69.63,35.07,21.56,65.69
73.30,73.30,36.83,24.75,64.10
72.70,72.70,45.26,25.70,66.00
70.70,70.70,57.65,47.80,66.12
70.18,70.18,76.84,64.90,61.86
70.28,70.28,85.00,72.84,64.86
71.96,71.96,76.73,77.22,66.66
75.23,75.23,71.55,79.31,65.68
70.33,70.33,61.37,80.01,63.71
76.61,76.61,54.44,78.58,64.58
75.81,75.81,40.53,78.39,65.88
78.08,78.08,39.32,76.49,64.82
71.09,71.09,42.93,75.97,63.37
75.19,75.19,38.96,77.02,63.61
75.56,75.56,47.12,76.28,65.49
73.83,73.83,47.10,75.62,65.90
70.68,70.68,49.17,76.89,65.81
74.98,74.98,37.47,76.09,64.37
75.32,75.32,32.92,73.41,63.89
72.46,72.46,34.16,64.11,66.73
72.56,72.56,34.47,66.52,68.32
71.94,71.94,33.20,75.85,67.13
72.92,72.92,32.18,76.13,69.29
66.71,66.71,23.41,74.94,69.62
64.16,64.16,20.05,74.53,70.47
63.17,63.17,24.13,75.59,70.18
64.95,64.95,23.38,74.89,69.27
67.81,67.81,25.89,74.27,67.97
66.80,66.80,27.37,75.23,68.67
67.61,67.61,34.73,74.54,68.40
67.40,67.40,46.61,74.41,69.61
65.98,65.98,59.26,73.24,68.00
65.90,65.90,67.72,71.19,68.94
70.45,70.45,83.73,70.75,67.18
69.61,69.61,82.36,71.05,67.21
70.68,70.68,76.26,75.13,67.08
73.14,73.14,66.00,74.52,66.84
74.11,74.11,55.21,74.28,66.59
72.56,72.56,49.80,75.78,65.06
73.23,73.23,47.10,75.06,65.30
73.89,73.89,44.68,74.93,64.82
72.61,72.61,48.39,76.64,66.38
70.92,70.92,47.91,75.83,66.00
75.39,75.39,42.04,75.66,66.44
69.89,69.89,34.50,76.91,67.43
72.40,72.40,39.83,75.86,66.92
66.80,66.80,37.59,72.55,66.77
72.83,72.83,34.24,53.55,66.80
73.66,73.66,36.41,70.83,65.85
73.42,73.42,37.06,78.03,63.55
71.88,71.88,35.69,74.98,63.39
69.19,69.19,34.32,75.05,64.06
71.82,71.82,33.09,76.65,63.93
72.38,72.38,32.91,75.49,63.09
73.15,73.15,33.27,75.13,62.38
72.09,72.09,32.48,76.21,64.29
72.12,72.12,32.39,75.15,63.42
72.19,72.19,31.71,75.14,63.56
74.20,74.20,35.06,75.93,63.21
70.71,70.71,46.10,74.96,64.75
70.18,70.18,60.32,70.51,64.21
71.66,71.66,64.58,63.71,64.94
75.00,75.00,81.53,67.86,64.73
73.86,73.86,83.49,70.62,63.07
75.89,75.89,76.36,72.83,63.29
76.44,76.44,69.20,74.06,63.06
75.54,75.54,62.05,73.13,61.93
74.73,74.73,53.42,73.09,63.58
75.61,75.61,48.74,74.74,64.97
75.62,75.62,42.79,74.57,65.79
75.61,75.61,42.48,74.50,65.39
75.28,75.28,39.38,75.65,64.81
75.14,75.14,45.29,74.37,63.09
75.83,75.83,50.94,74.01,62.57
76.40,76.40,55.80,75.45,61.62
76.29,76.29,67.43,64.73,65.19
78.46,78.46,60.91,62.30,65.40
78.49,78.49,57.43,75.22,63.53
75.84,75.84,54.12,75.81,65.02
74.91,74.91,51.11,73.45,64.24
73.14,73.14,48.16,73.90,64.80
72.71,72.71,43.88,74.85,67.65
71.09,71.09,41.91,73.78,65.93
70.93,70.93,39.63,74.02,66.46
71.67,71.67,38.58,74.93,66.83
71.32,71.32,37.26,73.72,67.01
71.84,71.84,36.07,73.78,66.57
73.17,73.17,42.45,74.82,65.74
72.86,72.86,49.36,73.50,64.18
73.39,73.39,56.25,71.47,62.28
72.74,72.74,64.38,71.35,64.04
71.94,71.94,84.51,62.34,62.69
71.59,71.59,83.00,68.68,64.04
70.55,70.55,74.39,72.53,66.21
70.54,70.54,67.09,71.75,68.11
69.77,69.77,55.97,73.23,68.47
72.02,72.02,47.73,73.20,66.78
64.47,64.47,39.87,73.99,65.61
67.18,67.18,48.17,75.81,65.79
66.82,66.82,52.37,74.91,68.88
66.70,66.70,51.41,74.93,68.69
66.87,66.87,46.23,76.11,69.32
66.90,66.90,37.97,74.44,68.67
66.72,66.72,39.51,71.85,68.82
72.98,72.98,42.22,64.50,68.44
77.35,77.35,44.22,74.08,65.84
76.23,76.23,44.99,74.85,65.46
73.71,73.71,45.92,73.95,64.67
73.24,73.24,43.32,73.27,65.06
72.78,72.78,44.65,72.76,66.58
73.83,73.83,40.48,72.93,67.11
75.20,75.20,39.52,71.45,64.53
75.53,75.53,36.59,71.85,60.62
75.18,75.18,36.83,70.28,59.59
74.36,74.36,35.77,72.59,61.88
73.18,73.18,38.79,72.82,60.40
73.19,73.19,44.79,71.38,62.40
74.79,74.79,56.69,67.12,62.19
73.98,73.98,63.17,61.95,63.94
71.62,71.62,79.91,67.77,64.98
73.55,73.55,83.80,66.91,65.63
76.32,76.32,77.06,69.80,65.94
76.28,76.28,69.87,69.30,67.55
74.24,74.24,61.54,68.30,63.75
75.44,75.44,49.28,69.52,64.08
72.91,72.91,43.51,69.64,65.70
73.97,73.97,44.41,71.07,61.50
72.98,72.98,49.31,69.50,61.89
73.50,73.50,39.61,69.07,66.75
73.55,73.55,44.53,70.48,64.57
73.04,73.04,52.37,69.24,60.50
72.19,72.19,49.63,69.79,62.83
75.02,75.02,44.28,68.73,63.21
75.17,75.17,42.50,58.46,61.79
76.89,76.89,39.90,68.91,66.58
77.19,77.19,38.77,70.09,67.89
76.67,76.67,37.80,70.71,64.10
75.58,75.58,37.47,70.09,63.89
75.59,75.59,36.55,70.83,63.03
75.44,75.44,34.28,70.12,65.01
74.51,74.51,35.77,70.28,62.81
74.67,74.67,35.09,71.42,63.85
75.91,75.91,36.70,70.26,62.19
75.72,75.72,35.06,70.61,60.26
75.61,75.61,39.88,71.60,60.92
75.18,75.18,46.42,70.60,59.85
68.13,68.13,59.57,63.96,65.01
67.53,67.53,67.81,66.02,64.97
68.40,68.40,83.39,71.60,63.92
70.56,70.56,82.81,65.09,61.50
73.97,73.97,76.03,65.40,62.70
75.23,75.23,68.75,66.93,62.89
66.96,66.96,58.38,68.93,64.13
66.39,66.39,52.51,70.07,66.76
62.93,62.93,47.16,68.95,64.98
61.52,61.52,54.99,69.69,65.85
61.14,61.14,56.94,69.96,65.86
62.30,62.30,44.61,69.53,67.00
64.96,64.96,41.22,70.13,67.09
63.40,63.40,46.07,69.79,67.84
67.91,67.91,38.18,67.40,67.29
71.27,71.27,40.41,63.53,64.90
67.14,67.14,37.35,71.87,65.43
70.46,70.46,32.84,70.59,63.91
75.68,75.68,35.80,68.24,61.96
76.02,76.02,36.47,67.88,62.82
75.64,75.64,34.32,68.88,63.01
75.57,75.57,33.80,67.52,63.51
76.86,76.86,31.58,68.40,62.58
77.82,77.82,35.73,68.86,60.58
77.58,77.58,29.25,68.55,60.44
77.78,77.78,29.01,69.39,60.94
76.76,76.76,25.96,68.35,59.70
76.89,76.89,28.01,68.27,59.26
77.67,77.67,45.24,69.46,59.29
77.87,77.87,53.95,62.44,59.42
77.26,77.26,65.19,57.54,61.36
77.41,77.41,79.55,59.99,65.78
76.94,76.94,83.41,64.39,62.44
77.31,77.31,77.91,65.76,61.87
76.66,76.66,71.04,67.40,62.36
75.29,75.29,63.85,66.68,63.44
72.74,72.74,51.68,67.20,62.05
71.73,71.73,44.46,68.16,62.70
71.08,71.08,49.50,67.90,62.88
67.31,67.31,52.77,68.29,62.59
74.13,74.13,51.70,69.27,63.56
66.39,66.39,47.62,68.85,63.80
63.77,63.77,51.97,70.14,64.27
64.19,64.19,57.13,68.21,61.03
65.72,65.72,70.12,61.91,63.38
72.00,72.00,75.73,61.91,64.23
77.03,77.03,71.92,68.77,61.38
75.63,75.63,74.80,66.49,60.19
76.22,76.22,77.08,65.92,61.49
76.10,76.10,76.54,65.74,60.70
75.15,75.15,75.82,65.09,62.02
74.46,74.46,76.17,65.50,62.79
73.59,73.59,76.36,65.93,64.05
74.03,74.03,76.54,67.24,61.93
73.21,73.21,76.75,66.13,62.07
74.94,74.94,76.93,66.87,62.66
73.84,73.84,75.37,69.39,61.85
72.64,72.64,75.61,68.61,62.03
71.77,71.77,72.98,68.49,62.01
70.37,70.37,83.41,62.38,63.57
72.46,72.46,83.96,61.04,64.09
71.57,71.57,78.43,67.35,65.13
69.40,69.40,75.57,70.21,66.25
68.32,68.32,70.81,69.53,63.93
68.93,68.93,63.41,70.41,64.28
68.40,68.40,70.03,71.39,63.68
66.99,66.99,67.45,69.53,65.32
66.90,66.90,64.52,69.53,66.48
62.94,62.94,69.61,70.49,65.34
62.46,62.46,65.79,71.25,63.85
60.71,60.71,68.33,72.11,65.58
62.99,62.99,67.30,71.44,64.63
66.56,66.56,61.35,72.23,63.45
76.33,76.33,63.25,69.44,67.33
77.45,77.45,64.42,62.25,66.79
75.83,75.83,64.70,67.67,67.35
72.71,72.71,59.85,69.10,66.83
74.76,74.76,59.11,69.12,64.79
73.99,73.99,61.40,68.03,65.11
74.11,74.11,57.33,69.32,66.59
74.14,74.14,55.38,68.76,64.42
74.53,74.53,55.61,67.96,64.66
74.54,74.54,58.07,67.01,64.46
73.44,73.44,59.15,69.72,64.91
72.94,72.94,55.96,71.58,65.89
74.21,74.21,56.39,70.76,67.23
72.85,72.85,54.06,69.34,66.49
73.46,73.46,63.74,70.64,66.45
72.56,72.56,82.54,71.71,63.48
72.50,72.50,82.60,70.63,62.94
73.64,73.64,76.33,69.89,64.59
73.51,73.51,68.75,70.07,63.11
73.71,73.71,59.20,70.30,66.79
73.34,73.34,49.34,72.84,64.43
73.42,73.42,45.29,73.17,62.06
73.81,73.81,46.99,72.81,65.49
73.41,73.41,55.07,72.94,67.16
65.75,65.75,44.56,73.18,61.88
56.32,56.32,43.87,73.12,63.60
58.20,58.20,52.09,73.00,65.71
62.28,62.28,49.54,72.80,60.92
68.86,68.86,48.42,73.15,62.87
67.44,67.44,48.28,68.73,63.69
64.71,64.71,48.33,66.40,64.04
63.91,63.91,43.42,74.60,66.79
73.04,73.04,38.85,72.58,65.16
76.13,76.13,40.17,72.81,63.35
75.74,75.74,46.31,72.55,63.73
73.53,73.53,48.93,72.23,63.45
71.15,71.15,48.51,72.41,62.29
70.65,70.65,47.91,72.66,61.97
70.94,70.94,45.33,72.05,61.45
71.30,71.30,46.49,72.56,61.75
72.01,72.01,43.11,72.54,61.62
72.53,72.53,46.41,72.70,60.56
72.80,72.80,57.79,72.16,61.61
72.01,72.01,71.15,68.88,63.65
71.59,71.59,84.60,62.98,63.80
68.44,68.44,82.48,65.20,62.96
68.22,68.22,75.08,72.21,63.26
70.26,70.26,68.40,71.84,63.97
69.96,69.96,60.22,71.70,62.74
69.70,69.70,59.45,70.22,64.83
72.82,72.82,54.95,70.61,61.35
72.16,72.16,52.01,70.64,60.84
71.93,71.93,56.10,71.27,61.93
71.62,71.62,49.69,72.12,61.31
70.87,70.87,46.74,71.49,61.13
71.62,71.62,47.11,71.35,61.11
72.89,72.89,51.87,71.50,60.72
73.74,73.74,49.83,71.69,62.60
74.06,74.06,39.67,68.01,64.92
73.94,73.94,40.50,63.48,65.70
73.18,73.18,39.94,75.96,65.79
71.44,71.44,37.16,71.12,64.32
70.00,70.00,38.31,73.39,63.03
69.95,69.95,39.93,73.07,63.37
68.89,68.89,41.94,73.03,62.79
69.25,69.25,38.40,72.93,63.38
70.15,70.15,40.08,73.35,62.34
70.75,70.75,45.25,73.13,62.19
70.64,70.64,40.64,72.86,63.30
69.85,69.85,41.51,71.95,61.35
70.56,70.56,51.21,72.51,63.11
70.54,70.54,57.80,71.81,63.05
66.67,66.67,69.30,71.78,63.82
63.37,63.37,85.04,69.99,64.75
55.99,55.99,82.81,71.97,65.86
54.93,54.93,75.43,72.66,65.69
56.32,56.32,68.92,74.01,64.91
57.60,57.60,59.11,73.88,66.41
55.33,55.33,56.62,74.33,66.65
59.98,59.98,53.03,74.88,65.54
60.96,60.96,53.69,74.74,67.11
59.17,59.17,51.26,74.60,67.50
58.44,58.44,51.32,74.97,66.95
58.65,58.65,47.02,74.58,65.85
55.73,55.73,48.33,75.05,65.40
51.83,51.83,52.57,75.26,61.83
52.26,52.26,60.44,74.95,62.15
50.11,50.11,68.88,61.41,66.89
48.85,48.85,61.79,69.93,67.17
48.64,48.64,57.98,73.08,67.58
46.57,46.57,55.05,72.40,69.84
45.03,45.03,52.75,72.75,69.68
48.97,48.97,50.24,73.71,68.75
46.56,46.56,48.90,73.12,67.06
41.92,41.92,44.51,73.68,66.29
42.98,42.98,41.51,73.80,65.00
44.54,44.54,40.84,73.69,65.16
46.41,46.41,37.97,73.15,64.55
50.64,50.64,44.70,72.99,62.95
51.45,51.45,51.22,73.00,64.77
50.42,50.42,59.86,72.44,64.55
45.17,45.17,74.53,74.29,64.81
44.09,44.09,85.32,71.99,64.50
40.30,40.30,81.67,73.73,64.62
43.67,43.67,72.28,72.10,62.20
45.04,45.04,65.36,72.66,62.18
44.87,44.87,56.02,73.25,63.18
43.31,43.31,50.91,73.95,62.29
43.38,43.38,49.21,74.29,63.91
42.98,42.98,47.35,74.81,63.80
43.73,43.73,47.59,74.40,63.54
41.85,41.85,51.47,74.41,62.53
39.52,39.52,51.30,74.06,63.90
36.35,36.35,48.85,73.67,64.72
30.75,30.75,46.05,72.99,63.50
23.74,23.74,58.29,64.78,65.40
16.25,16.25,58.69,70.58,68.35
28.75,28.75,58.31,74.27,66.27
38.13,38.13,57.27,75.13,65.79
32.36,32.36,53.39,72.86,66.02
32.04,32.04,51.97,72.65,66.36
28.97,28.97,51.59,71.43,66.25
28.24,28.24,49.55,70.14,65.19
26.08,26.08,49.19,70.72,63.96
25.76,25.76,48.00,70.70,64.17
26.77,26.77,47.12,70.28,64.57
27.13,27.13,45.80,69.93,64.79
26.99,26.99,45.96,69.64,65.06
22.54,22.54,49.29,69.25,66.28
19.69,19.69,53.60,69.07,65.99
16.91,16.91,65.94,61.11,66.45
14.59,14.59,79.62,70.80,66.56
17.72,17.72,82.57,69.72,64.18
18.95,18.95,78.75,71.92,64.44
19.58,19.58,71.27,74.14,61.94
22.94,22.94,65.29,74.55,62.51
25.25,25.25,57.68,74.17,61.86
27.36,27.36,48.63,74.84,61.05
30.02,30.02,52.39,74.95,59.96
29.05,29.05,51.20,74.58,62.08
27.16,27.16,49.04,75.09,62.93
27.35,27.35,43.91,75.69,64.88
23.23,23.23,48.91,75.40,67.60
15.46,15.46,45.30,75.36,67.42
12.55,12.55,42.63,72.88,68.62
17.43,17.43,45.86,68.19,70.01
21.73,21.73,44.85,77.43,66.78
22.31,22.31,36.20,74.56,65.86
24.14,24.14,39.12,74.83,64.54
24.32,24.32,40.22,74.80,64.37
26.24,26.24,38.87,74.57,62.40
27.19,27.19,33.82,74.24,64.40
25.99,25.99,34.31,74.87,66.75
24.58,24.58,33.63,74.94,67.98
24.74,24.74,35.50,74.98,67.89
25.25,25.25,34.06,75.17,66.79
21.83,21.83,41.25,75.21,66.94
21.25,21.25,52.77,74.54,66.56
16.86,16.86,66.76,72.13,65.06
11.00,11.00,79.10,74.30,66.33
11.14,11.14,83.93,72.02,64.31
14.04,14.04,79.18,72.14,66.79
16.74,16.74,70.32,73.14,67.24
15.79,15.79,63.46,73.41,67.77
17.37,17.37,56.35,73.20,67.97
17.40,17.40,50.92,73.52,66.87
20.10,20.10,52.40,73.84,66.40
22.84,22.84,52.61,73.99,64.57
24.98,24.98,44.43,73.73,63.65
26.42,26.42,45.83,74.32,64.21
24.98,24.98,45.86,74.70,63.34
20.36,20.36,49.52,74.70,62.15
17.65,17.65,47.35,74.17,62.84
19.80,19.80,44.97,68.38,65.00
19.42,19.42,42.17,76.00,63.38
21.78,21.78,37.50,73.28,61.59
26.32,26.32,33.53,74.96,63.44
28.69,28.69,37.09,74.86,64.26
28.52,28.52,40.21,75.10,64.85
29.66,29.66,36.13,75.11,63.29
29.62,29.62,35.82,75.27,63.32
27.86,27.86,39.36,75.37,65.50
29.50,29.50,39.94,75.51,64.80
28.85,28.85,38.55,75.02,64.30
27.40,27.40,39.98,75.33,63.61
21.93,21.93,42.98,75.46,62.69
19.56,19.56,56.14,74.79,61.09
16.04,16.04,63.73,74.71,61.11
11.88,11.88,79.37,71.82,68.18
13.88,13.88,83.18,68.55,67.10
17.82,17.82,78.77,72.01,67.03
18.00,18.00,72.27,74.29,67.53
20.10,20.10,63.37,73.71,65.95
22.31,22.31,56.89,73.80,65.26
23.90,23.90,43.83,74.49,64.21
24.70,24.70,47.31,74.03,64.83
27.58,27.58,47.89,73.88,64.66
28.67,28.67,40.59,74.71,63.95
31.39,31.39,44.41,75.24,62.54
30.71,30.71,49.81,74.70,60.58
19.87,19.87,58.26,73.69,56.34
17.55,17.55,69.43,72.03,59.94
17.98,17.98,76.78,68.92,62.68
19.31,19.31,79.47,72.33,62.53
25.58,25.58,79.53,70.93,64.40
32.51,32.51,81.28,71.00,64.94
37.10,37.10,81.28,70.87,65.33
36.10,36.10,79.53,71.56,65.09
34.03,34.03,79.75,73.47,64.85
31.98,31.98,81.19,72.55,65.08
33.21,33.21,81.30,72.49,63.96
38.04,38.04,81.37,72.80,64.16
51.62,51.62,80.45,72.23,64.30
51.67,51.67,79.47,72.76,61.85
55.02,55.02,79.98,73.02,61.19
61.02,61.02,79.90,72.16,61.46
60.93,60.93,81.06,73.23,62.52
64.14,64.14,85.40,71.10,58.20
67.82,67.82,83.35,71.67,59.61
69.71,69.71,72.30,72.75,60.16
67.89,67.89,76.82,72.00,60.70
68.00,68.00,75.93,73.24,59.75
65.61,65.61,77.69,73.66,60.67
64.29,64.29,78.45,73.26,61.75
67.25,67.25,78.53,73.93,58.45
70.05,70.05,78.69,73.68,57.66
64.48,64.48,78.60,73.52,60.11
51.39,51.39,78.20,73.29,59.37
47.76,47.76,77.73,73.28,61.74
47.08,47.08,77.18,72.58,57.66
53.21,53.21,75.78,74.86,59.94
56.59,56.59,73.86,76.18,64.20
59.87,59.87,75.27,73.06,64.12
76.07,76.07,78.65,70.23,65.71
75.22,75.22,77.45,70.12,64.94
71.95,71.95,67.56,72.99,64.41
60.70,60.70,75.35,73.34,66.05
49.04,49.04,78.68,71.52,65.92
46.33,46.33,75.32,71.77,65.04
43.95,43.95,71.09,72.53,62.43
47.16,47.16,76.45,73.54,62.59
49.01,49.01,76.39,73.59,61.92
50.31,50.31,70.49,72.61,60.77
55.53,55.53,77.30,72.90,60.46
57.63,57.63,76.21,69.37,62.16
61.85,61.85,75.06,70.30,65.70
70.34,70.34,81.97,66.35,64.73
73.24,73.24,80.28,74.78,66.45
73.33,73.33,74.80,74.31,63.79
72.97,72.97,74.69,75.36,65.15
72.45,72.45,70.96,74.76,66.78
72.34,72.34,70.99,74.75,68.19
72.20,72.20,71.15,75.10,67.46
72.06,72.06,70.77,75.32,65.76
71.94,71.94,71.63,75.48,64.22
72.88,72.88,70.22,76.00,64.34
72.96,72.96,68.44,75.93,64.83
72.76,72.76,69.01,74.77,64.50
72.03,72.03,64.19,75.78,64.71
71.03,71.03,64.23,76.67,64.56
70.87,70.87,64.51,72.42,64.84
73.48,73.48,66.33,72.08,68.60
74.90,74.90,64.74,75.25,68.79
74.65,74.65,60.73,76.69,66.56
74.74,74.74,61.84,75.60,63.78
74.69,74.69,62.63,75.01,65.42
73.55,73.55,60.65,75.81,63.81
73.41,73.41,61.99,74.67,64.88
74.77,74.77,60.00,74.39,65.52
73.53,73.53,61.12,75.41,64.13
73.35,73.35,56.94,74.81,63.34
74.01,74.01,61.24,75.12,62.54
74.64,74.64,61.89,76.01,61.39
72.82,72.82,65.74,73.12,62.16
64.19,64.19,78.52,73.00,65.29
63.20,63.20,83.67,71.97,67.17
62.78,62.78,80.31,73.89,68.37
67.15,67.15,71.37,76.01,66.31
71.81,71.81,65.75,75.19,66.41
70.49,70.49,59.20,74.59,65.45
71.23,71.23,52.45,76.38,66.82
73.84,73.84,50.11,75.88,64.90
73.98,73.98,47.06,75.29,65.54
73.75,73.75,51.49,75.57,67.81
71.30,71.30,57.05,75.22,67.20
71.71,71.71,56.10,74.75,65.56
71.46,71.46,52.75,75.54,66.60
70.37,70.37,44.37,76.15,65.91
70.06,70.06,49.49,71.46,63.83
73.91,73.91,48.65,65.73,65.51
71.43,71.43,44.85,77.09,66.38
74.38,74.38,42.13,75.49,65.05
75.11,75.11,42.00,75.55,64.53
76.15,76.15,41.49,74.61,63.56
76.84,76.84,40.46,74.77,62.78
77.21,77.21,39.97,75.67,61.76
77.31,77.31,42.89,74.80,62.53
78.14,78.14,40.74,75.20,64.23
77.72,77.72,33.02,76.64,63.20
77.51,77.51,35.82,75.09,62.64
76.64,76.64,42.18,75.17,61.47
77.01,77.01,51.14,75.95,59.35
76.12,76.12,62.01,75.62,62.37
68.55,68.55,81.63,72.22,60.61
68.32,68.32,83.96,68.52,64.69
71.58,71.58,75.67,73.49,69.29
67.22,67.22,69.47,73.13,67.13
70.71,70.71,61.23,73.62,65.91
72.83,72.83,58.60,75.13,66.55
71.74,71.74,53.08,74.84,66.34
66.45,66.45,51.82,74.83,66.48
65.46,65.46,47.04,75.71,68.16
64.16,64.16,48.31,75.71,67.80
64.27,64.27,53.83,74.86,67.85
63.97,63.97,51.89,76.25,66.70
62.12,62.12,51.75,71.68,65.90
60.84,60.84,55.70,61.66,65.15
63.66,63.66,65.07,69.73,67.98
61.86,61.86,63.65,76.21,69.35
60.77,60.77,61.59,75.14,68.62
57.80,57.80,58.74,74.82,69.94
58.85,58.85,55.05,73.71,69.40
70.24,70.24,52.84,75.35,67.37
75.30,75.30,53.06,72.59,67.56
74.91,74.91,49.03,73.70,67.69
74.75,74.75,47.75,72.48,67.53
72.99,72.99,46.59,72.69,70.27
72.01,72.01,44.70,72.78,69.04
70.96,70.96,45.24,72.25,70.31
73.56,73.56,46.17,71.76,71.13
74.29,74.29,60.46,71.16,69.52
73.45,73.45,63.84,67.86,69.22
72.19,72.19,83.98,64.05,68.43
72.49,72.49,82.76,66.00,69.19
73.79,73.79,75.43,65.48,70.65
75.19,75.19,67.96,66.75,69.94
74.15,74.15,61.27,66.57,69.89
72.88,72.88,55.10,66.53,70.17
72.88,72.88,48.18,65.18,70.27
68.90,68.90,45.24,66.03,70.36
60.99,60.99,45.10,62.08,71.35
58.72,58.72,41.58,63.03,71.46
57.17,57.17,43.89,61.56,71.90
58.41,58.41,54.02,60.31,71.91
59.27,59.27,56.51,59.11,70.13
67.19,67.19,60.97,58.40,69.74
74.87,74.87,61.38,69.41,69.57
72.15,72.15,62.36,75.04,67.63
73.26,73.26,61.10,73.16,65.61
75.55,75.55,60.43,72.56,63.52
72.15,72.15,60.04,73.01,62.44
73.92,73.92,58.18,72.83,63.05
75.49,75.49,58.04,73.57,61.24
77.00,77.00,56.28,72.73,61.96
78.17,78.17,54.68,72.09,61.64
78.32,78.32,55.44,73.32,61.67
78.46,78.46,54.98,72.38,60.77
78.72,78.72,54.05,72.67,60.43
78.85,78.85,53.89,72.63,60.53
79.35,79.35,59.28,69.77,62.32
79.42,79.42,64.27,63.19,61.33
75.84,75.84,81.44,71.66,66.16
74.68,74.68,82.36,69.81,66.24
74.62,74.62,77.43,70.96,68.32
74.87,74.87,70.19,70.74,65.29
73.52,73.52,61.90,70.59,65.42
73.71,73.71,56.51,71.81,64.53
72.67,72.67,48.32,70.43,63.49
70.99,70.99,51.82,71.86,63.98
62.56,62.56,45.04,71.80,64.26
59.36,59.36,42.53,71.67,65.20
56.86,56.86,42.03,72.59,65.59
54.91,54.91,51.44,71.53,67.02
55.31,55.31,46.59,72.35,65.79
62.61,62.61,45.55,69.63,66.87
67.66,67.66,45.64,66.45,67.90
65.66,65.66,48.25,74.05,68.35
64.57,64.57,46.94,72.52,68.40
64.77,64.77,44.95,70.98,66.04
63.78,63.78,39.81,70.95,66.17
62.40,62.40,40.89,71.86,66.60
61.82,61.82,40.14,71.11,66.25
57.27,57.27,40.81,71.06,66.53
52.45,52.45,40.79,71.13,65.88
49.63,49.63,40.27,69.70,66.66
47.98,47.98,44.00,70.33,65.66
48.14,48.14,47.77,70.02,64.32
47.04,47.04,52.45,69.30,64.81
56.64,56.64,63.43,62.80,62.48
62.52,62.52,74.44,69.50,62.76
64.46,64.46,84.46,71.25,64.57
70.63,70.63,80.90,70.66,69.18
72.62,72.62,73.30,72.07,68.07
72.74,72.74,66.62,70.78,67.97
66.97,66.97,58.44,70.53,68.57
65.03,65.03,49.58,72.29,69.80
65.20,65.20,54.74,71.53,69.70
64.17,64.17,49.51,72.42,69.60
59.69,59.69,53.00,73.06,68.75
50.17,50.17,48.03,72.27,70.12
48.37,48.37,47.92,73.15,69.06
46.23,46.23,53.96,72.91,68.91
48.44,48.44,44.84,72.35,68.05
55.04,55.04,44.54,68.48,66.65
66.19,66.19,48.38,70.21,66.24
70.82,70.82,48.70,72.59,65.06
71.43,71.43,48.27,72.38,64.18
70.56,70.56,44.87,72.23,64.57
67.42,67.42,46.14,72.16,66.75
64.37,64.37,46.99,73.11,67.68
62.82,62.82,46.48,72.12,69.13
62.09,62.09,48.27,72.90,68.75
59.28,59.28,44.55,73.53,67.15
59.12,59.12,47.00,72.68,69.27
59.05,59.05,46.40,73.78,67.52
59.86,59.86,45.11,73.38,66.68
58.24,58.24,52.81,72.83,69.49
58.73,58.73,62.23,66.32,68.44
63.27,63.27,73.22,71.67,67.76
70.59,70.59,85.04,70.56,62.67
74.67,74.67,80.22,70.34,62.24
75.66,75.66,71.96,71.09,64.71
74.90,74.90,65.18,71.47,65.68
74.31,74.31,60.96,73.77,63.36
73.96,73.96,51.15,72.53,62.56
74.52,74.52,47.52,72.31,63.27
74.69,74.69,46.60,73.92,65.80
75.27,75.27,45.62,72.98,66.24
74.94,74.94,52.88,73.32,65.60
75.08,75.08,51.71,73.23,64.56
74.51,74.51,54.95,71.49,64.09
72.16,72.16,61.75,64.09,65.35
71.07,71.07,70.65,68.50,66.56
71.57,71.57,72.41,77.23,64.85
73.84,73.84,75.02,72.67,65.41
73.97,73.97,74.13,71.80,65.14
74.13,74.13,78.57,71.25,65.66
72.88,72.88,75.29,72.63,65.22
72.14,72.14,73.68,73.39,66.75
72.39,72.39,74.54,72.55,67.60
72.05,72.05,76.70,73.22,67.10
73.04,73.04,76.41,73.13,66.01
72.90,72.90,73.46,71.22,67.27
71.77,71.77,73.47,73.97,65.61
70.74,70.74,77.45,72.40,67.22
75.86,75.86,74.44,72.60,67.68
74.94,74.94,70.97,68.11,68.35
72.58,72.58,72.59,49.37,70.65
75.73,75.73,80.99,65.79,69.17
75.81,75.81,83.54,69.24,70.73
76.66,76.66,78.24,69.43,69.52
75.47,75.47,66.19,68.98,69.07
74.67,74.67,65.17,70.57,71.06
74.83,74.83,66.23,70.13,71.88
76.10,76.10,62.91,69.91,72.35
75.92,75.92,66.15,71.41,71.44
75.36,75.36,66.63,70.77,72.81
74.88,74.88,60.76,70.38,70.67
75.52,75.52,68.15,71.16,69.92
75.58,75.58,60.04,69.46,69.69
74.84,74.84,60.64,69.85,72.24
74.82,74.82,58.78,59.10,71.11
73.24,73.24,62.91,68.22,72.28
71.90,71.90,62.13,77.34,70.57
73.34,73.34,55.97,75.06,68.10
76.60,76.60,56.65,73.61,67.99
74.59,74.59,54.22,73.41,67.26
73.25,73.25,53.77,74.48,67.63
73.21,73.21,56.88,74.60,68.04
74.00,74.00,50.01,73.75,67.87
72.98,72.98,55.27,74.04,68.30
73.30,73.30,53.48,75.06,68.26
73.64,73.64,51.09,75.26,68.98
73.97,73.97,48.94,74.30,68.04
74.28,74.28,49.72,74.14,69.77
73.94,73.94,59.02,72.30,66.50
73.51,73.51,62.89,68.12,70.38
72.43,72.43,79.88,73.78,67.38
72.84,72.84,82.78,70.42,65.47
73.42,73.42,79.21,71.93,65.48
74.23,74.23,70.62,72.59,63.71
74.30,74.30,59.56,73.46,64.51
74.37,74.37,54.35,73.38,64.56
75.39,75.39,49.52,73.62,64.04
74.97,74.97,44.30,73.97,63.16
74.98,74.98,46.75,74.24,61.28
75.03,75.03,41.85,74.54,58.87
74.81,74.81,46.61,74.67,61.42
74.33,74.33,45.36,74.24,62.89
74.04,74.04,46.54,74.14,67.51
74.76,74.76,48.65,70.20,65.87
74.90,74.90,48.03,69.43,69.00
74.88,74.88,45.00,76.32,67.18
75.20,75.20,43.94,74.88,64.76
75.36,75.36,45.75,75.17,65.74
75.35,75.35,44.60,74.49,64.93
73.73,73.73,42.43,74.51,64.11
71.29,71.29,39.84,74.57,63.81
70.33,70.33,40.71,74.24,64.63
59.72,59.72,43.63,74.77,63.81
64.21,64.21,45.69,75.12,63.24
62.82,62.82,44.94,75.30,63.26
58.89,58.89,48.05,75.33,61.99
63.55,63.55,56.87,74.07,60.93
67.60,67.60,64.26,73.89,62.09
66.35,66.35,79.62,73.72,63.07
64.09,64.09,83.45,73.24,62.74
58.56,58.56,78.17,73.23,66.28
58.38,58.38,70.94,74.02,66.37
56.61,56.61,63.30,74.04,67.48
49.22,49.22,57.84,74.63,67.87
46.98,46.98,52.87,75.20,67.24
42.30,42.30,50.69,75.24,65.71
47.65,47.65,51.55,74.91,64.81
54.51,54.51,49.30,74.48,65.48
63.33,63.33,48.34,74.42,64.72
64.12,64.12,48.11,75.44,63.50
64.64,64.64,42.02,75.42,63.44
62.31,62.31,43.98,74.80,62.50
61.57,61.57,47.38,64.58,65.09
59.68,59.68,48.44,72.00,67.19
65.67,65.67,45.89,76.08,64.41
75.22,75.22,44.64,74.67,65.01
75.65,75.65,43.77,76.06,62.08
75.33,75.33,42.87,75.95,62.90
75.58,75.58,43.11,75.58,62.20
75.06,75.06,39.60,75.37,61.94
74.05,74.05,41.14,75.17,62.74
74.07,74.07,39.69,74.94,63.03
73.89,73.89,36.28,74.95,63.18
73.81,73.81,42.35,74.68,62.37
74.25,74.25,48.91,75.10,62.53
74.51,74.51,57.12,74.02,62.64
74.40,74.40,65.58,72.67,63.78
72.46,72.46,84.60,71.23,64.22
66.68,66.68,82.58,72.09,65.68
59.62,59.62,75.74,72.07,68.00
54.51,54.51,68.10,72.95,67.88
52.24,52.24,58.45,73.35,69.19
47.73,47.73,50.80,74.29,68.76
49.10,49.10,40.71,74.86,67.80
49.07,49.07,46.15,75.33,67.96
47.95,47.95,47.01,74.75,67.64
48.36,48.36,49.01,74.31,66.82
48.66,48.66,49.71,75.03,69.16
49.96,49.96,47.68,75.12,68.79
52.35,52.35,52.86,72.80,68.03
65.61,65.61,65.03,61.74,69.50
69.82,69.82,68.62,68.95,68.63
72.46,72.46,63.11,74.91,66.83
72.46,72.46,59.13,72.97,66.36
73.74,73.74,55.98,73.78,66.35
72.39,72.39,54.83,73.81,67.52
72.67,72.67,53.36,73.75,68.70
71.00,71.00,51.25,73.82,68.30
71.14,71.14,48.61,73.83,68.47
71.13,71.13,48.05,73.56,67.21
71.14,71.14,44.44,73.91,67.27
72.01,72.01,45.61,74.38,65.44
71.70,71.70,45.37,74.43,66.54
70.38,70.38,54.23,73.02,65.62
71.25,71.25,63.61,61.35,65.62
71.56,71.56,70.57,70.72,66.33
69.87,69.87,84.08,75.32,62.70
68.87,68.87,82.11,71.21,65.02
71.58,71.58,74.80,72.46,67.25
72.54,72.54,68.07,72.14,66.91
72.24,72.24,60.05,73.26,67.80
73.32,73.32,54.81,73.24,66.59
72.38,72.38,47.09,73.74,66.17
71.78,71.78,48.62,74.44,67.01
71.40,71.40,51.02,74.22,66.37
71.76,71.76,47.64,73.44,66.81
72.69,72.69,49.70,73.81,67.01
72.72,72.72,51.24,74.59,66.13
72.36,72.36,53.98,72.52,67.34
71.43,71.43,62.60,66.51,67.15
71.37,71.37,64.42,75.66,68.58
72.23,72.23,63.75,72.22,68.00
71.34,71.34,62.66,72.36,67.45
71.92,71.92,63.80,72.05,69.30
72.48,72.48,61.99,72.97,69.57
71.05,71.05,60.85,73.44,67.66
67.79,67.79,60.10,72.54,68.46
69.06,69.06,61.70,72.68,67.94
70.28,70.28,60.10,73.71,66.15
72.91,72.91,59.31,74.10,66.69
73.04,73.04,58.79,73.28,66.12
70.87,70.87,59.53,72.95,65.01
66.52,66.52,58.17,73.43,66.66
67.47,67.47,56.86,74.36,67.02
68.26,68.26,56.53,74.72,67.24
70.01,70.01,56.73,74.49,68.57
68.27,68.27,57.09,74.41,69.38
61.95,61.95,56.85,74.47,69.96
56.84,56.84,56.96,74.86,69.43
54.00,54.00,55.48,74.98,69.88
58.65,58.65,55.45,74.76,69.22
53.31,53.31,53.99,74.78,68.92
55.77,55.77,53.83,75.22,68.25
53.04,53.04,54.25,75.39,68.41
51.33,51.33,54.84,75.46,69.22
50.45,50.45,56.09,75.64,69.56
54.34,54.34,54.13,75.51,69.66
53.68,53.68,53.16,75.15,69.75
48.63,48.63,52.74,74.91,68.83
48.98,48.98,53.43,74.67,67.99
46.67,46.67,53.47,75.13,69.04
47.89,47.89,52.42,75.08,69.89
47.14,47.14,52.43,75.15,68.75
42.59,42.59,53.78,75.12,69.02
44.08,44.08,51.34,75.43,69.29
40.09,40.09,50.57,75.26,69.37
40.77,40.77,49.15,75.12,70.14
43.34,43.34,49.12,74.70,70.47
42.26,42.26,48.52,74.98,70.55
39.57,39.57,48.08,75.13,69.66
40.19,40.19,48.75,75.24,69.75
39.27,39.27,47.62,75.14,68.73
37.47,37.47,48.63,75.25,68.70
34.57,34.57,46.89,75.07,67.65
41.13,41.13,47.38,74.90,67.89
35.71,35.71,48.04,74.49,67.77
34.91,34.91,46.97,74.68,68.28
34.14,34.14,47.60,74.74,67.63
32.92,32.92,46.38,74.76,67.62
32.57,32.57,46.91,74.83,68.34
30.21,30.21,47.35,74.91,67.38
31.34,31.34,46.28,74.63,67.53
30.25,30.25,46.14,74.47,68.78
32.90,32.90,47.07,74.17,69.49
29.98,29.98,49.02,74.09,70.29
31.20,31.20,48.71,74.34,71.13
30.30,30.30,49.76,74.37,72.07
32.69,32.69,49.35,74.48,71.96
33.80,33.80,47.92,74.35,69.73
33.72,33.72,47.95,74.27,68.54
30.07,30.07,47.69,74.21,68.23
30.39,30.39,45.42,74.00,67.73
29.15,29.15,46.44,73.30,66.55
36.33,36.33,46.09,73.74,67.29
48.64,48.64,45.15,74.08,69.84
56.97,56.97,44.21,73.97,68.78
67.05,67.05,45.12,73.83,66.08
72.79,72.79,44.19,73.72,65.78
69.05,69.05,46.60,73.45,60.83
67.82,67.82,50.76,73.30,63.62
72.17,72.17,52.89,73.02,64.06
79.20,79.20,50.14,71.68,62.10
79.70,79.70,48.20,71.84,64.07
79.70,79.70,46.87,71.68,63.31
78.43,78.43,45.16,71.40,61.76
79.45,79.45,43.99,72.00,60.97
79.51,79.51,44.27,71.90,62.20
77.31,77.31,44.95,71.63,64.86
77.35,77.35,45.96,71.93,64.97
76.77,76.77,43.75,71.73,62.73
77.00,77.00,41.24,71.67,62.87
75.44,75.44,41.37,71.65,66.37
70.97,70.97,43.78,72.10,66.44
68.18,68.18,43.93,72.39,63.40
68.54,68.54,47.62,71.94,64.83
67.26,67.26,63.73,70.57,62.46
72.34,72.34,74.81,70.89,65.01
71.21,71.21,86.48,68.70,64.91
70.93,70.93,82.59,66.32,65.11
71.20,71.20,82.25,66.68,65.33
71.29,71.29,77.00,67.81,66.45
71.52,71.52,75.86,68.51,66.85
72.21,72.21,65.56,71.00,66.26
71.28,71.28,63.90,70.34,63.73
71.38,71.38,66.45,69.96,67.04
66.66,66.66,70.34,72.27,68.58
70.32,70.32,73.69,70.20,69.38
70.51,70.51,71.99,71.01,63.80
71.87,71.87,67.64,70.56,61.25
68.67,68.67,78.17,69.45,61.96
68.29,68.29,80.71,68.34,57.29
67.14,67.14,75.50,70.17,58.91
72.79,72.79,77.69,69.67,58.48
73.45,73.45,74.08,67.41,59.58
71.87,71.87,69.84,65.62,62.25
70.04,70.04,69.13,66.67,61.29
72.76,72.76,69.07,64.42,62.48
70.34,70.34,66.63,61.39,61.94
72.67,72.67,67.75,64.94,64.51
72.79,72.79,66.55,63.75,62.33
73.08,73.08,64.62,64.23,64.42
70.11,70.11,62.72,62.22,62.23
68.13,68.13,61.48,61.96,61.76
72.90,72.90,60.65,60.10,64.35
76.94,76.94,60.80,59.93,67.19
72.23,72.23,57.94,59.24,71.01
72.96,72.96,58.13,55.13,71.14
73.87,73.87,56.77,50.51,71.14
73.80,73.80,55.03,52.62,72.53
71.34,71.34,55.22,53.01,72.14
66.85,66.85,52.59,47.66,73.20
64.65,64.65,50.21,44.36,73.08
64.65,64.65,52.64,40.98,72.34
60.17,60.17,51.50,36.32,74.20
61.43,61.43,52.31,31.45,75.74
57.87,57.87,50.35,20.87,75.50
58.42,58.42,52.99,13.80,75.29
58.27,58.27,58.29,10.99,74.45
63.88,63.88,70.02,35.24,75.66
65.93,65.93,85.11,52.15,73.45
73.23,73.23,83.67,56.22,74.14
75.31,75.31,79.90,64.12,73.46
75.85,75.85,81.57,77.23,72.78
73.94,73.94,73.23,77.57,72.60
72.08,72.08,71.39,75.50,73.46
71.65,71.65,74.66,74.89,74.72
72.49,72.49,74.57,72.34,74.46
73.67,73.67,72.34,71.70,72.27
74.84,74.84,70.49,71.98,71.22
73.19,73.19,69.43,71.18,71.00
73.93,73.93,69.19,70.10,71.49
72.80,72.80,70.22,72.56,72.10
73.41,73.41,70.05,71.32,72.77
71.28,71.28,68.70,71.19,73.43
70.20,70.20,68.13,71.83,73.21
70.90,70.90,68.32,69.17,75.26
70.51,70.51,67.62,70.00,74.11
71.29,71.29,67.05,68.79,73.77
71.54,71.54,66.28,64.92,72.99
70.73,70.73,66.12,59.77,72.07
72.53,72.53,65.50,65.81,71.86
72.66,72.66,65.36,64.18,72.73
72.93,72.93,64.74,56.41,72.82
73.38,73.38,63.60,47.76,72.34
73.20,73.20,63.61,32.36,73.18
71.60,71.60,63.77,44.41,72.94
70.45,70.45,65.61,43.89,69.80
67.89,67.89,69.02,54.08,71.14
66.72,66.72,78.10,58.04,70.86
64.51,64.51,85.64,68.07,69.51
70.06,70.06,84.24,73.01,69.62
71.18,71.18,78.32,76.78,68.99
72.10,72.10,78.45,72.85,69.95
75.20,75.20,71.58,73.21,69.70
75.91,75.91,68.11,74.00,70.15
75.12,75.12,68.22,73.59,71.13
76.26,76.26,69.98,75.41,70.43
75.61,75.61,70.73,73.76,70.96
71.28,71.28,68.20,73.61,72.52
61.94,61.94,71.01,74.62,72.40
54.59,54.59,68.66,75.85,72.57
54.09,54.09,64.96,74.08,73.57
58.92,58.92,64.41,74.81,72.60
62.70,62.70,64.09,76.18,71.43
70.28,70.28,64.74,75.19,71.80
75.47,75.47,64.78,75.88,72.03
73.47,73.47,63.30,75.37,71.62
73.27,73.27,63.35,74.89,71.91
72.38,72.38,61.87,74.28,73.02
69.64,69.64,61.73,71.10,74.47
74.53,74.53,61.61,63.65,73.29
76.30,76.30,63.06,57.30,73.24
76.15,76.15,60.59,53.05,73.95
76.01,76.01,60.63,41.90,73.19
77.26,77.26,62.42,35.49,73.51
78.02,78.02,61.44,26.77,74.18
76.47,76.47,67.07,52.14,73.01
67.78,67.78,80.97,62.57,70.69
74.33,74.33,84.93,64.26,71.10
71.30,71.30,82.45,70.85,71.26
74.36,74.36,76.67,75.33,70.66
75.63,75.63,72.87,72.54,70.44
74.88,74.88,73.22,72.95,69.61
74.39,74.39,66.17,72.74,70.80
73.62,73.62,64.50,72.09,70.61
74.03,74.03,70.17,72.36,69.22
74.76,74.76,68.86,73.65,69.24
74.15,74.15,66.93,70.78,70.73
73.49,73.49,63.05,63.89,70.77
73.48,73.48,64.56,62.00,70.98
72.85,72.85,62.87,60.05,69.68
67.18,67.18,63.26,61.53,71.08
64.21,64.21,63.28,61.47,71.84
60.49,60.49,62.82,70.29,73.76
59.11,59.11,62.84,80.74,72.58
54.84,54.84,63.95,80.82,73.16
53.00,53.00,62.43,80.52,72.81
55.15,55.15,60.19,78.92,73.73
60.07,60.07,59.33,78.61,72.50
64.04,64.04,57.47,79.11,71.48
70.97,70.97,57.30,77.35,69.29
74.97,74.97,56.04,77.40,69.95
73.44,73.44,56.21,78.41,70.19
74.01,74.01,58.71,77.82,70.21
73.39,73.39,64.15,77.49,67.84
72.43,72.43,73.64,77.06,70.34
68.66,68.66,81.91,71.56,68.86
69.81,69.81,86.15,68.99,66.94
71.23,71.23,79.07,69.35,68.01
73.11,73.11,77.98,61.40,70.59
72.03,72.03,74.49,59.70,68.88
74.23,74.23,70.40,57.36,69.75
73.32,73.32,70.52,52.34,68.78
73.04,73.04,68.94,56.12,69.46
72.88,72.88,67.99,57.10,69.50
72.43,72.43,72.65,60.93,70.89
71.40,71.40,67.92,63.03,71.08
59.89,59.89,64.70,62.24,72.48
60.85,60.85,64.85,64.25,69.82
60.11,60.11,63.42,64.02,71.70
65.37,65.37,63.47,63.72,71.41
68.01,68.01,58.30,74.17,73.03
68.60,68.60,59.57,82.25,71.44
70.98,70.98,58.45,77.92,70.54
74.13,74.13,58.71,76.86,70.99
76.64,76.64,58.09,76.67,69.76
74.65,74.65,58.45,76.74,68.60
75.22,75.22,55.93,75.81,69.92
75.80,75.80,54.71,76.23,70.07
74.82,74.82,54.58,74.61,71.24
75.66,75.66,53.85,74.32,70.55
76.71,76.71,55.20,71.41,70.81
77.20,77.20,57.63,60.81,70.61
78.15,78.15,60.31,53.82,69.95
77.44,77.44,71.93,64.12,70.51
74.92,74.92,85.73,65.58,67.98
76.55,76.55,81.38,68.97,68.55
74.41,74.41,79.91,68.78,70.09
73.45,73.45,74.68,69.10,70.43
74.18,74.18,74.55,74.07,71.58
74.47,74.47,73.36,73.75,70.98
73.97,73.97,68.62,71.50,70.94
75.25,75.25,67.62,73.31,69.63
73.12,73.12,68.96,74.74,70.17
74.43,74.43,68.00,72.52,72.46
74.65,74.65,62.67,73.79,73.44
74.24,74.24,60.39,75.72,72.81
72.13,72.13,65.98,74.43,72.29
74.08,74.08,64.14,73.58,69.60
72.55,72.55,62.53,75.81,70.68
74.34,74.34,63.65,76.30,71.66
71.80,71.80,61.52,74.12,72.08
75.70,75.70,63.06,74.95,73.03
76.08,76.08,62.20,74.22,71.98
77.19,77.19,58.05,72.03,71.03
74.78,74.78,60.05,69.55,72.13
72.70,72.70,57.68,58.20,71.96
72.38,72.38,57.89,54.21,72.69
75.27,75.27,56.51,57.51,74.18
75.73,75.73,56.78,60.24,74.30
76.51,76.51,56.25,52.72,73.76
76.68,76.68,57.47,36.21,73.45
78.60,78.60,62.18,32.83,71.90
76.37,76.37,73.30,43.55,72.26
72.20,72.20,80.59,67.36,68.75
71.03,71.03,84.49,65.75,68.35
71.03,71.03,81.44,73.38,70.96
68.51,68.51,74.49,69.87,71.83
59.57,59.57,72.22,70.64,73.51
58.90,58.90,69.71,74.01,74.74
53.80,53.80,68.35,74.48,73.46
54.15,54.15,69.35,72.69,73.73
48.42,48.42,72.52,74.81,73.88
52.50,52.50,70.50,73.99,72.71
52.65,52.65,70.11,73.69,73.19
52.34,52.34,65.36,74.64,73.33
53.79,53.79,68.50,74.48,73.91
54.82,54.82,69.93,71.69,73.57
58.17,58.17,64.17,75.95,74.20
59.77,59.77,59.44,75.89,73.09
63.79,63.79,59.50,73.46,72.41
63.44,63.44,63.51,74.62,73.12
64.82,64.82,61.42,75.80,72.46
64.13,64.13,56.88,73.96,73.73
62.02,62.02,56.43,70.73,74.19
58.80,58.80,57.29,68.52,75.50
59.35,59.35,54.79,62.50,75.54
53.25,53.25,54.15,54.43,76.34
53.52,53.52,53.87,40.40,75.41
53.88,53.88,54.71,29.65,74.36
62.34,62.34,57.71,27.26,75.95
70.00,70.00,65.14,46.38,72.20
71.76,71.76,71.48,60.87,70.41
68.39,68.39,83.80,62.36,71.71
71.54,71.54,84.67,65.35,71.02
71.33,71.33,79.44,74.07,72.87
67.16,67.16,73.79,69.83,74.13
62.65,62.65,76.61,71.21,73.97
62.51,62.51,72.65,75.13,73.92
60.04,60.04,72.21,74.11,73.80
60.67,60.67,70.70,72.69,72.25
60.81,60.81,69.32,74.94,73.21
62.70,62.70,71.86,70.02,73.06
63.64,63.64,58.68,68.39,74.24
64.09,64.09,55.64,63.78,74.68
63.50,63.50,61.22,61.91,73.17
63.54,63.54,55.76,57.63,74.37
62.94,62.94,62.15,60.17,72.20
70.89,70.89,65.08,78.23,73.84
72.37,72.37,59.91,76.24,72.43
70.84,70.84,57.06,76.54,73.30
71.25,71.25,53.48,79.05,73.21
71.94,71.94,54.48,78.20,72.27
71.59,71.59,55.10,74.57,72.34
70.42,70.42,50.80,78.20,71.86
70.49,70.49,48.89,77.21,71.84
71.06,71.06,49.46,76.74,72.57
68.49,68.49,52.82,76.92,72.02
65.19,65.19,53.79,76.55,72.12
70.63,70.63,62.64,75.97,73.07
68.75,68.75,74.12,74.81,74.25
71.06,71.06,78.59,65.23,71.39
67.61,67.61,85.37,62.14,69.44
69.17,69.17,84.65,64.85,70.50
67.79,67.79,78.65,73.11,70.48
70.91,70.91,75.80,72.16,69.68
70.83,70.83,74.95,68.56,71.05
68.90,68.90,73.26,66.46,70.81
67.89,67.89,69.62,59.45,70.44
68.30,68.30,68.71,45.31,71.24
71.60,71.60,69.52,42.15,71.75
72.84,72.84,71.58,34.27,71.41
70.26,70.26,66.00,32.29,71.03
70.58,70.58,62.47,47.72,69.81
69.87,69.87,60.36,46.49,70.08
62.83,62.83,59.18,58.27,70.81
67.82,67.82,62.73,75.00,70.79
69.63,69.63,59.36,75.80,71.13
72.04,72.04,55.69,76.79,70.99
72.66,72.66,56.24,78.45,71.71
72.12,72.12,58.82,77.63,70.95
70.19,70.19,59.09,74.32,72.62
69.75,69.75,62.44,78.20,73.15
64.99,64.99,54.98,76.22,73.07
64.16,64.16,49.20,76.51,73.33
62.34,62.34,48.99,77.40,73.57
58.38,58.38,53.89,77.12,73.22
51.80,51.80,52.53,76.45,73.71
52.99,52.99,64.97,72.61,71.52
59.00,59.00,72.87,73.49,71.95
68.78,68.78,84.13,70.58,70.68
71.77,71.77,84.21,69.12,71.18
74.81,74.81,78.05,66.68,68.97
78.15,78.15,76.02,66.74,71.19
73.78,73.78,74.91,67.50,70.55
73.72,73.72,70.52,67.71,72.42
74.81,74.81,72.63,68.75,72.42
75.84,75.84,67.86,69.08,72.45
76.13,76.13,66.22,68.38,73.07
76.24,76.24,67.55,68.84,73.81
74.92,74.92,65.39,67.22,72.85
76.35,76.35,57.70,67.15,70.39
76.86,76.86,56.52,70.82,70.43
75.66,75.66,58.17,70.36,71.48
77.52,77.52,60.51,67.28,73.86
75.93,75.93,63.69,67.00,73.15
74.96,74.96,62.52,69.98,73.46
74.58,74.58,61.29,67.70,71.96
74.10,74.10,57.36,61.91,72.48
73.84,73.84,54.59,60.98,72.60
74.56,74.56,53.68,56.47,72.09
68.48,68.48,53.21,54.89,71.64
62.12,62.12,52.14,47.55,73.17
56.09,56.09,53.00,40.87,74.22
59.01,59.01,51.40,27.49,72.09
54.57,54.57,54.47,24.79,72.78
54.81,54.81,58.83,27.82,71.47
54.90,54.90,67.18,49.08,72.29
56.50,56.50,79.97,70.15,71.22
58.69,58.69,81.55,71.80,66.68
72.39,72.39,81.95,67.36,68.84
72.21,72.21,79.41,69.17,69.91
71.23,71.23,73.23,69.21,68.76
73.15,73.15,76.13,69.31,69.00
72.86,72.86,72.61,72.57,69.52
71.12,71.12,69.56,72.51,68.57
71.08,71.08,64.89,72.33,69.56
72.96,72.96,65.09,71.71,69.17
72.07,72.07,68.27,70.58,67.91
73.00,73.00,65.83,71.32,69.41
73.32,73.32,63.53,70.41,69.78
72.53,72.53,63.14,71.13,68.23
73.87,73.87,61.77,71.29,68.80
72.77,72.77,61.46,69.70,68.86
74.78,74.78,62.14,69.08,68.70
73.95,73.95,61.50,69.84,68.59
71.79,71.79,59.93,68.75,68.56
71.25,71.25,57.35,70.87,69.30
70.33,70.33,56.77,69.05,70.90
71.89,71.89,56.00,63.17,70.91
72.12,72.12,55.59,58.86,72.11
72.68,72.68,50.16,55.72,71.66
73.60,73.60,53.47,47.09,73.20
72.85,72.85,49.75,40.06,73.89
71.54,71.54,53.31,46.19,73.22
73.98,73.98,59.06,36.65,73.12
71.76,71.76,64.54,52.85,71.16
73.81,73.81,80.25,68.10,69.68
74.54,74.54,84.61,70.36,69.17
75.03,75.03,81.42,73.02,70.83
75.05,75.05,73.95,71.96,70.26
75.14,75.14,76.11,71.94,68.45
73.76,73.76,74.85,73.81,68.81
74.53,74.53,71.11,74.18,68.91
75.15,75.15,66.91,71.84,70.67
75.30,75.30,64.10,67.46,69.72
75.49,75.49,70.06,63.21,70.83
75.30,75.30,68.32,64.02,70.96
75.02,75.02,67.08,61.28,71.44
72.98,72.98,65.73,59.51,71.53
69.40,69.40,64.36,60.80,71.42
64.08,64.08,64.97,63.51,72.19
68.18,68.18,68.66,60.80,72.38
73.82,73.82,65.24,76.19,71.90
76.26,76.26,64.57,73.48,72.09
77.44,77.44,63.21,72.38,71.95
76.14,76.14,57.27,70.58,70.96
77.27,77.27,54.62,70.77,71.30
78.16,78.16,51.59,69.37,73.16
77.50,77.50,52.57,69.62,73.13
79.11,79.11,51.37,71.29,72.93
77.51,77.51,50.54,71.55,73.06
78.80,78.80,49.69,72.20,72.20
77.23,77.23,53.34,72.65,71.64
71.23,71.23,61.20,71.82,71.49
70.35,70.35,73.85,70.62,69.45
70.28,70.28,81.78,69.60,66.96
69.02,69.02,85.47,67.16,68.40
74.05,74.05,80.17,63.98,69.25
75.52,75.52,75.96,63.39,69.62
76.00,76.00,75.40,63.23,69.49
72.72,72.72,74.60,56.75,70.91
74.86,74.86,69.09,49.72,72.16
75.75,75.75,71.15,40.59,71.24
77.01,77.01,66.45,33.75,71.34
76.26,76.26,68.88,22.06,71.63
74.42,74.42,69.48,7.20,70.22
76.90,76.90,65.30,25.72,71.19
76.77,76.77,67.93,31.57,72.65
74.07,74.07,68.61,42.29,72.81
75.25,75.25,66.50,59.04,70.89
77.58,77.58,62.34,67.38,71.03
74.65,74.65,60.32,76.63,69.42
75.38,75.38,59.46,74.80,69.33
76.09,76.09,57.84,75.75,69.88
76.14,76.14,55.97,75.98,68.32
75.25,75.25,55.57,75.86,69.60
74.90,74.90,54.46,74.29,68.16
74.66,74.66,53.71,74.72,69.80
74.21,74.21,53.51,74.84,69.90
74.46,74.46,53.32,74.37,70.98
74.91,74.91,49.96,74.36,70.82
74.44,74.44,53.84,74.12,71.05
74.50,74.50,60.46,73.91,70.53
73.49,73.49,69.74,74.53,71.21
73.19,73.19,84.63,72.75,70.73
75.37,75.37,84.30,68.63,70.84
75.14,75.14,79.75,65.74,70.34
73.69,73.69,73.47,61.57,71.06
73.94,73.94,74.87,51.53,72.16
74.98,74.98,71.72,41.41,72.49
75.39,75.39,71.31,25.99,70.16
75.63,75.63,70.44,12.10,71.62
75.79,75.79,69.65,4.87,72.07
75.80,75.80,71.19,0.93,70.94
76.24,76.24,63.65,17.64,71.17
78.03,78.03,59.34,31.72,72.54
76.92,76.92,61.83,53.96,72.70
75.30,75.30,61.15,65.83,71.99
76.84,76.84,60.09,68.19,70.24
72.99,72.99,59.74,76.16,70.78
72.88,72.88,60.16,75.80,71.64
69.04,69.04,59.20,77.15,70.87
72.40,72.40,61.52,76.24,70.79
71.96,71.96,57.45,75.82,71.55
71.77,71.77,54.25,76.37,72.13
72.76,72.76,52.85,76.36,71.06
74.15,74.15,52.68,73.14,71.78
73.62,73.62,48.75,66.49,70.52
72.62,72.62,52.18,61.50,70.89
73.72,73.72,50.82,51.72,70.67
67.07,67.07,59.23,48.40,69.38
61.39,61.39,66.35,44.85,67.83
56.98,56.98,78.75,57.67,69.31
51.62,51.62,85.31,58.45,68.09
54.59,54.59,82.81,68.38,70.85
58.32,58.32,79.71,76.22,70.47
62.80,62.80,75.11,74.01,72.15
63.86,63.86,74.18,72.88,71.54
63.76,63.76,68.83,73.52,71.74
64.01,64.01,65.13,74.58,73.41
62.19,62.19,67.29,73.89,73.13
59.63,59.63,67.00,72.92,74.03
55.44,55.44,65.35,73.14,74.23
52.60,52.60,63.22,73.45,73.81
53.63,53.63,64.05,72.75,72.40
60.35,60.35,65.25,72.96,72.68
66.14,66.14,64.56,72.67,72.76
68.02,68.02,61.61,67.79,74.53
72.91,72.91,60.94,69.59,73.77
72.64,72.64,60.65,68.57,74.53
73.16,73.16,59.46,67.15,74.59
73.22,73.22,57.34,67.91,72.73
72.00,72.00,57.52,68.05,73.12
72.66,72.66,53.69,66.03,74.16
72.67,72.67,52.93,65.03,72.53
73.31,73.31,50.92,58.07,73.00
71.37,71.37,49.36,54.53,74.16
72.62,72.62,49.93,44.78,73.90
71.09,71.09,51.35,36.20,73.52
69.37,69.37,55.06,31.82,72.40
69.35,69.35,61.26,42.60,71.97
68.60,68.60,74.68,64.09,73.68
71.23,71.23,85.50,67.41,70.53
76.77,76.77,81.79,66.23,70.63
75.60,75.60,79.41,65.90,71.04
73.14,73.14,73.93,64.23,70.31
73.76,73.76,69.24,66.58,69.17
75.39,75.39,67.72,68.56,69.92
74.85,74.85,66.97,69.79,68.68
74.77,74.77,70.17,70.77,69.83
73.99,73.99,73.42,69.32,68.64
73.75,73.75,70.10,66.82,70.14
73.69,73.69,64.67,65.12,70.12
72.54,72.54,63.38,62.40,71.09
71.91,71.91,62.67,62.36,72.02
74.49,74.49,60.99,60.53,70.68
75.39,75.39,57.92,64.46,70.37
75.61,75.61,55.28,72.69,71.51
73.83,73.83,58.09,70.45,71.82
72.98,72.98,60.02,70.00,71.58
73.62,73.62,59.85,69.72,71.27
73.08,73.08,57.58,70.40,70.54
72.51,72.51,55.33,70.75,71.13
72.00,72.00,52.41,70.54,71.22
73.69,73.69,50.37,70.30,70.66
73.32,73.32,50.43,69.65,69.68
72.08,72.08,50.59,68.87,70.30
69.83,69.83,55.62,70.37,70.56
68.61,68.61,63.48,67.95,69.30
65.01,65.01,74.88,68.04,70.83
60.05,60.05,79.86,68.13,67.64
65.96,65.96,82.01,64.06,68.83
66.75,66.75,81.07,65.27,70.30
69.76,69.76,75.61,63.87,70.56
71.14,71.14,71.39,54.95,70.66
71.59,71.59,71.23,57.59,70.21
71.52,71.52,65.05,46.59,72.09
70.92,70.92,66.41,41.20,72.22
68.43,68.43,72.26,31.86,72.94
70.42,70.42,69.70,23.61,71.81
74.29,74.29,70.04,14.17,69.61
74.86,74.86,71.40,9.71,69.22
74.59,74.59,65.94,12.25,71.04
69.15,69.15,61.62,25.36,72.00
72.91,72.91,61.72,48.07,72.34
70.65,70.65,62.89,57.85,70.91
71.21,71.21,63.87,67.34,70.03
72.56,72.56,63.59,74.19,71.62
73.52,73.52,61.69,71.58,71.80
71.61,71.61,61.05,71.86,72.08
73.79,73.79,57.70,72.33,72.70
71.71,71.71,56.22,74.56,71.29
67.63,67.63,57.22,74.54,74.53
66.39,66.39,54.06,73.77,72.51
66.56,66.56,53.60,73.26,74.10
63.97,63.97,53.59,73.17,72.14
65.40,65.40,56.99,72.73,73.42
67.85,67.85,64.46,68.66,74.01
67.09,67.09,63.52,62.78,73.24
66.83,66.83,84.67,62.10,71.86
73.15,73.15,83.34,67.03,70.97
73.91,73.91,79.33,72.20,69.97
74.31,74.31,76.00,71.37,70.78
73.44,73.44,71.38,70.24,69.98
73.16,73.16,72.07,67.37,70.44
74.47,74.47,68.67,68.14,70.24
74.80,74.80,67.45,69.42,70.77
75.33,75.33,70.54,69.66,70.40
76.24,76.24,69.59,68.30,69.95
77.79,77.79,66.57,69.74,68.40
78.46,78.46,65.95,69.73,70.01
77.12,77.12,65.13,70.01,69.87
76.12,76.12,64.58,67.83,68.73
75.56,75.56,64.62,66.96,70.64
73.97,73.97,63.82,67.37,70.18
70.15,70.15,62.99,67.29,70.71
65.31,65.31,63.72,66.33,70.27
64.43,64.43,63.73,68.76,72.36
62.22,62.22,64.86,67.65,72.05
58.80,58.80,66.43,59.70,72.56
58.96,58.96,64.15,48.63,72.43
61.35,61.35,62.98,39.29,73.46
61.33,61.33,62.67,27.59,74.95
65.17,65.17,61.22,17.39,74.29
67.87,67.87,58.67,12.64,72.67
67.28,67.28,59.89,23.59,72.16
65.79,65.79,65.10,36.56,70.09
66.03,66.03,75.88,53.63,70.04
66.24,66.24,83.95,69.40,69.19
68.89,68.89,84.65,72.93,68.27
71.30,71.30,77.19,73.29,70.75
73.63,73.63,75.44,71.75,69.67
74.50,74.50,73.07,72.35,68.41
74.66,74.66,72.46,71.87,68.59
76.25,76.25,70.08,71.03,69.51
74.81,74.81,69.43,72.41,67.67
74.23,74.23,70.26,74.37,69.71
73.47,73.47,66.30,74.24,69.22
73.02,73.02,66.93,74.19,70.80
71.49,71.49,66.74,74.76,68.19
72.62,72.62,65.23,73.72,70.09
68.60,68.60,61.51,73.55,70.72
72.04,72.04,60.81,73.88,71.28
73.07,73.07,61.02,71.59,72.97
74.45,74.45,64.08,69.05,72.67
74.70,74.70,64.56,68.40,72.55
74.89,74.89,61.10,62.30,73.24
78.58,78.58,59.35,58.68,72.13
74.31,74.31,59.40,42.14,72.79
77.10,77.10,59.10,37.21,73.46
76.94,76.94,56.77,15.40,73.48
74.76,74.76,58.36,3.84,74.30
67.13,67.13,56.87,7.91,74.57
71.15,71.15,57.31,32.55,74.20
73.97,73.97,62.73,44.21,73.44
75.63,75.63,66.69,58.85,71.62
72.52,72.52,80.36,68.91,70.55
71.08,71.08,85.24,69.01,69.29
73.50,73.50,80.75,69.02,69.54
73.69,73.69,76.44,69.58,68.25
74.04,74.04,77.53,67.91,68.98
73.38,73.38,75.09,68.14,68.31
74.08,74.08,71.31,71.63,68.92
73.60,73.60,68.77,71.66,69.87
73.40,73.40,66.62,72.41,68.81
72.92,72.92,68.99,71.39,68.30
72.68,72.68,67.78,67.79,68.44
70.07,70.07,63.60,59.73,70.08
65.16,65.16,59.09,58.68,69.81
65.28,65.28,63.20,53.57,70.63
65.95,65.95,58.31,52.45,73.32
65.91,65.91,62.07,58.93,74.31
65.64,65.64,62.26,63.73,73.80
65.57,65.57,63.63,74.05,73.80
65.07,65.07,65.10,74.83,73.71
65.53,65.53,61.56,73.27,73.62
65.42,65.42,58.64,72.22,73.74
66.17,66.17,56.69,74.13,72.81
69.02,69.02,49.89,74.91,72.72
73.90,73.90,51.66,73.61,71.45
75.08,75.08,51.08,72.32,69.66
77.34,77.34,51.61,71.26,68.96
76.95,76.95,55.95,71.83,68.80
75.79,75.79,63.48,68.75,68.18
73.78,73.78,74.05,66.12,69.40
71.45,71.45,78.45,66.56,67.54
71.41,71.41,83.02,51.51,65.06
72.28,72.28,81.81,64.66,66.13
73.80,73.80,76.31,66.77,67.71
72.69,72.69,74.79,69.47,68.99
70.03,70.03,69.34,69.39,69.76
70.02,70.02,67.38,65.33,70.62
71.46,71.46,65.32,65.09,71.69
71.17,71.17,65.77,67.56,70.84
70.59,70.59,68.82,71.35,71.66
70.75,70.75,69.23,72.58,73.43
71.74,71.74,63.48,72.99,72.55
73.52,73.52,64.92,71.20,72.79
72.37,72.37,67.97,72.40,72.82
72.10,72.10,64.99,70.53,71.01
61.96,61.96,67.60,51.94,69.93
70.47,70.47,64.58,59.02,71.93
75.21,75.21,64.43,69.42,71.50
76.04,76.04,58.77,73.57,70.47
77.26,77.26,55.08,71.46,71.81
76.77,76.77,54.18,68.08,71.81
76.93,76.93,55.57,70.73,73.02
77.16,77.16,54.07,72.18,71.19
77.56,77.56,51.38,71.07,70.98
76.87,76.87,50.43,72.09,70.41
77.38,77.38,49.36,70.62,71.65
76.35,76.35,50.68,68.11,70.41
74.44,74.44,59.95,70.46,69.91
72.39,72.39,66.96,70.98,69.26
72.75,72.75,85.77,66.76,67.69
74.40,74.40,83.62,53.02,68.90
76.26,76.26,79.38,59.16,70.39
77.85,77.85,76.96,66.45,72.02
77.90,77.90,73.90,67.75,70.29
78.15,78.15,72.12,66.37,70.49
75.79,75.79,71.80,67.31,69.72
74.87,74.87,65.53,67.30,70.21
75.49,75.49,67.30,69.98,70.08
76.40,76.40,68.86,69.14,68.61
77.05,77.05,67.63,71.27,68.85
77.51,77.51,62.33,71.98,69.68
76.51,76.51,58.80,72.99,70.66
72.72,72.72,61.37,72.16,69.18
69.43,69.43,64.74,73.10,69.80
68.55,68.55,62.58,71.49,69.78
71.79,71.79,60.29,72.79,70.41
73.39,73.39,57.95,72.66,71.92
72.77,72.77,58.61,73.03,71.65
72.66,72.66,54.51,66.54,70.66
72.82,72.82,53.95,64.86,72.58
73.45,73.45,53.81,65.01,72.10
72.75,72.75,54.97,59.27,70.59
73.08,73.08,56.06,63.75,71.65
73.03,73.03,54.14,59.94,73.02
74.18,74.18,51.71,55.80,74.49
74.28,74.28,57.55,48.43,71.91
74.06,74.06,62.18,44.25,71.96
72.03,72.03,72.42,56.32,73.57
68.42,68.42,86.03,64.29,69.92
66.30,66.30,84.49,69.57,69.03
68.05,68.05,77.43,69.58,71.17
66.32,66.32,78.51,70.96,69.81
70.21,70.21,70.57,69.47,69.47
70.00,70.00,68.85,70.82,69.96
70.79,70.79,67.08,68.72,70.72
68.09,68.09,66.53,68.33,72.09
68.20,68.20,69.92,69.06,71.04
70.59,70.59,67.69,70.66,71.36
70.59,70.59,66.30,69.93,72.39
69.42,69.42,67.88,72.15,72.77
64.89,64.89,65.88,69.76,72.83
67.02,67.02,65.99,70.10,72.66
72.27,72.27,62.66,72.03,72.88
72.76,72.76,65.15,70.67,71.99
75.13,75.13,61.80,70.49,71.70
77.44,77.44,60.60,71.48,71.11
76.65,76.65,57.68,69.28,70.64
74.47,74.47,50.12,65.04,71.19
74.72,74.72,51.74,58.53,70.05
73.88,73.88,54.29,50.66,71.19
74.33,74.33,48.68,45.73,70.78
73.82,73.82,52.93,43.94,71.03
75.39,75.39,47.28,38.37,71.58
75.77,75.77,49.19,34.03,71.03
75.74,75.74,49.15,33.21,69.93
75.27,75.27,59.38,37.89,70.29
74.71,74.71,63.52,58.79,70.53
72.55,72.55,85.72,62.66,69.00
72.88,72.88,84.14,67.03,71.40
73.15,73.15,78.49,72.95,71.01
74.14,74.14,75.52,71.34,70.36
73.61,73.61,73.22,70.84,71.00
73.74,73.74,73.66,71.57,70.62
74.35,74.35,69.18,71.45,69.66
74.53,74.53,66.94,73.70,68.86
74.80,74.80,71.40,72.44,70.98
74.47,74.47,69.83,70.84,72.04
74.20,74.20,70.22,70.15,72.97
74.71,74.71,60.00,65.81,73.47
65.93,65.93,59.61,64.15,71.89
62.28,62.28,60.98,63.47,72.95
66.33,66.33,59.23,62.82,71.74
72.17,72.17,57.00,66.74,70.60
75.99,75.99,55.74,70.57,69.12
76.54,76.54,56.63,70.38,67.81
76.69,76.69,57.38,66.41,67.94
77.07,77.07,56.05,68.11,67.27
77.02,77.02,51.36,70.59,68.07
77.54,77.54,50.45,70.20,69.72
75.71,75.71,49.83,71.74,70.31
75.30,75.30,48.02,70.62,70.30
74.15,74.15,46.36,67.09,68.00
73.07,73.07,49.84,68.28,69.62
73.24,73.24,59.56,70.50,68.64
74.44,74.44,66.94,67.92,67.87
70.05,70.05,77.26,68.23,68.04
64.95,64.95,81.40,66.60,68.55
61.87,61.87,84.44,66.09,70.01
65.44,65.44,80.19,62.26,70.84
67.17,67.17,73.52,63.38,71.27
70.00,70.00,74.67,57.46,71.26
69.55,69.55,71.71,52.63,71.18
69.21,69.21,67.28,40.79,72.21
69.60,69.60,69.49,31.11,72.98
71.99,71.99,68.61,13.11,72.77
73.57,73.57,70.19,7.01,72.16
75.16,75.16,65.58,10.31,72.51
75.16,75.16,64.32,23.93,72.54
74.23,74.23,66.59,35.49,72.60
71.52,71.52,60.38,55.98,72.73
67.24,67.24,58.31,62.58,72.29
74.10,74.10,62.41,68.94,71.51
74.20,74.20,60.12,73.03,70.71
73.70,73.70,57.96,71.36,70.17
71.75,71.75,55.09,72.68,71.19
71.59,71.59,54.00,72.23,72.41
73.07,73.07,50.45,73.45,71.47
74.19,74.19,50.03,73.03,70.88
73.89,73.89,50.49,73.79,71.09
74.30,74.30,50.30,72.08,71.23
74.51,74.51,50.04,73.68,70.84
73.24,73.24,54.64,71.69,71.42
72.69,72.69,67.08,69.78,71.31
72.90,72.90,69.84,64.81,71.59
68.86,68.86,85.58,64.02,70.59
70.01,70.01,83.28,62.64,70.08
76.56,76.56,77.85,71.68,72.06
75.54,75.54,74.70,66.07,69.46
75.10,75.10,71.86,65.66,69.50
73.80,73.80,71.00,65.27,69.89
77.82,77.82,68.44,67.96,68.71
78.92,78.92,65.59,67.30,68.06
78.37,78.37,68.18,67.98,69.69
77.14,77.14,70.43,67.42,68.91
75.69,75.69,66.52,67.81,70.75
73.48,73.48,58.56,67.67,70.61
75.89,75.89,58.72,68.97,70.39
76.73,76.73,56.35,69.81,72.99
77.38,77.38,54.52,70.52,71.37
78.01,78.01,54.25,69.34,70.42
78.08,78.08,55.08,69.01,69.72
78.01,78.01,57.84,67.63,70.77
76.98,76.98,58.69,68.99,70.75
74.97,74.97,58.45,68.85,71.70
74.33,74.33,52.03,66.93,70.11
71.12,71.12,49.12,57.19,70.05
72.44,72.44,47.88,54.88,72.72
74.65,74.65,46.20,48.33,71.45
76.44,76.44,48.89,48.16,70.75
78.15,78.15,48.26,38.12,71.25
79.32,79.32,52.02,29.23,70.11
79.49,79.49,61.08,42.18,68.11
78.48,78.48,73.55,58.76,69.04
74.34,74.34,78.16,63.07,68.54
75.38,75.38,81.90,68.40,68.79
76.59,76.59,81.30,70.32,68.88
76.59,76.59,76.56,70.56,68.93
76.14,76.14,74.99,71.23,70.30
76.62,76.62,72.24,70.23,71.08
75.59,75.59,66.49,71.18,71.07
76.54,76.54,66.79,70.24,71.63
77.27,77.27,68.65,69.33,71.74
77.31,77.31,65.76,69.39,70.65
76.60,76.60,65.21,67.98,70.67
77.39,77.39,64.63,65.98,70.78
77.37,77.37,63.69,66.16,70.46
77.42,77.42,63.25,68.36,71.69
77.33,77.33,61.76,70.27,71.74
75.48,75.48,61.85,69.72,72.24
74.20,74.20,63.21,69.88,71.67
74.21,74.21,60.21,70.81,71.69
74.50,74.50,57.03,70.11,71.98
74.79,74.79,56.13,64.87,72.58
75.33,75.33,57.36,60.54,73.39
75.15,75.15,52.77,52.66,73.05
75.91,75.91,51.65,44.76,72.85
76.84,76.84,54.17,41.15,73.67
76.64,76.64,52.45,35.32,74.28
76.25,76.25,50.15,14.39,74.37
75.97,75.97,52.46,21.93,74.34
75.41,75.41,59.62,38.95,73.28
74.57,74.57,65.54,62.16,74.14
73.73,73.73,85.92,64.68,70.02
73.20,73.20,82.51,70.23,70.70
72.85,72.85,78.32,67.99,70.98
72.38,72.38,75.33,69.72,71.20
71.86,71.86,68.93,70.28,70.99
72.50,72.50,64.16,66.53,70.53
72.66,72.66,63.73,68.14,68.56
73.65,73.65,66.85,69.64,69.37
74.08,74.08,72.20,68.72,71.02
73.58,73.58,71.95,69.19,69.66
74.11,74.11,71.53,65.85,68.95
74.31,74.31,69.35,63.66,70.48
74.49,74.49,68.10,60.26,69.43
75.28,75.28,62.08,58.10,68.62
76.22,76.22,62.22,57.51,69.78
76.20,76.20,60.96,68.97,69.93
76.15,76.15,58.76,75.27,69.73
75.94,75.94,55.67,70.49,69.29
75.85,75.85,58.33,69.72,70.55
75.99,75.99,60.31,70.16,70.04
76.06,76.06,54.07,68.00,70.25
77.61,77.61,52.96,67.76,70.45
77.10,77.10,51.62,71.00,69.67
77.30,77.30,50.96,72.01,68.89
77.00,77.00,48.87,70.99,69.14
76.80,76.80,47.46,71.67,70.54
76.90,76.90,51.24,70.56,69.23
75.58,75.58,60.44,67.41,68.96
72.89,72.89,71.36,70.19,68.33
70.97,70.97,86.40,69.19,68.54
71.66,71.66,85.02,60.02,68.14
73.50,73.50,77.15,54.74,70.31
73.66,73.66,73.95,57.97,70.38
74.13,74.13,70.43,60.63,71.23
74.22,74.22,67.78,56.42,72.24
75.06,75.06,65.18,51.54,72.94
73.60,73.60,65.78,49.01,73.25
73.11,73.11,71.27,46.35,73.51
74.04,74.04,68.71,42.54,73.40
73.48,73.48,70.84,39.48,72.80
73.27,73.27,71.45,48.14,74.32
74.55,74.55,67.82,59.14,73.47
75.81,75.81,63.27,69.14,71.95
74.55,74.55,63.40,76.35,70.26
73.05,73.05,64.88,77.32,69.61
73.18,73.18,60.98,73.16,69.85
74.50,74.50,56.73,75.24,70.78
76.04,76.04,54.58,75.47,71.23
76.23,76.23,57.07,74.89,70.09
75.07,75.07,54.31,74.38,70.75
73.15,73.15,54.25,75.49,69.79
73.28,73.28,52.42,74.85,69.92
69.02,69.02,51.72,73.73,70.87
66.77,66.77,49.64,72.68,71.78
69.13,69.13,49.79,72.71,71.81
58.94,58.94,51.14,71.71,72.88
55.70,55.70,57.00,70.66,72.09
53.92,53.92,68.12,68.02,72.17
54.39,54.39,79.82,68.83,71.54
49.27,49.27,85.68,49.36,71.53
50.89,50.89,81.86,52.08,72.71
50.50,50.50,76.38,63.73,74.27
48.92,48.92,71.33,65.97,74.19
49.74,49.74,66.53,63.59,74.40
52.53,52.53,72.48,59.28,74.18
49.27,49.27,68.75,61.93,74.33
50.29,50.29,70.26,62.34,74.35
51.94,51.94,74.52,61.52,74.68
52.08,52.08,77.67,61.38,74.87
47.26,47.26,74.92,63.69,74.19
50.28,50.28,73.31,67.31,74.09
47.49,47.49,67.86,69.98,74.56
46.60,46.60,62.51,73.65,75.67
45.95,45.95,63.87,74.94,75.23
42.60,42.60,66.38,70.86,75.63
42.32,42.32,65.22,72.37,75.35
44.99,44.99,64.48,72.65,74.87
44.50,44.50,60.05,72.22,75.14
45.56,45.56,57.58,71.88,74.81
42.91,42.91,58.14,71.67,74.10
41.12,41.12,55.16,69.82,74.32
43.42,43.42,55.46,66.90,76.58
43.27,43.27,55.70,56.89,76.40
45.00,45.00,55.64,58.42,76.00
46.77,46.77,60.00,45.24,75.99
44.33,44.33,66.23,48.42,76.11
47.95,47.95,76.67,66.04,76.10
45.56,45.56,78.16,71.46,72.87
49.39,49.39,83.15,70.19,70.70
52.64,52.64,83.47,71.30,72.33
54.80,54.80,76.52,68.09,73.22
53.79,53.79,69.82,69.07,71.75
56.36,56.36,67.92,72.22,72.07
55.75,55.75,66.68,73.89,71.20
52.70,52.70,65.36,74.63,71.93
47.76,47.76,70.10,73.10,71.10
44.97,44.97,72.17,72.65,71.43
41.15,41.15,70.29,72.85,71.71
41.03,41.03,69.94,74.05,72.83
45.05,45.05,63.16,74.35,73.20
53.11,53.11,61.74,73.07,73.96
61.88,61.88,60.86,69.19,72.76
71.69,71.69,59.31,66.17,72.93
69.96,69.96,56.97,67.15,72.57
67.98,67.98,61.46,66.23,73.18
60.07,60.07,62.28,69.43,72.91
58.65,58.65,60.59,70.42,73.59
52.91,52.91,58.93,70.89,73.69
53.41,53.41,55.47,70.85,74.54
50.44,50.44,55.07,67.87,73.88
45.86,45.86,54.45,60.25,73.95
52.71,52.71,54.34,49.73,73.61
50.93,50.93,55.99,44.03,73.65
53.82,53.82,61.71,44.07,73.18
60.44,60.44,68.54,49.64,72.22
70.76,70.76,81.40,61.33,69.67
67.11,67.11,84.66,65.29,66.66
71.28,71.28,81.83,66.49,69.65
75.22,75.22,79.09,68.46,70.25
74.68,74.68,70.89,68.78,70.36
75.62,75.62,69.17,68.64,70.10
74.13,74.13,67.95,67.59,70.83
73.44,73.44,65.84,68.90,71.57
72.32,72.32,66.79,71.90,72.33
73.70,73.70,63.89,73.50,73.26
73.97,73.97,65.16,73.13,73.42
73.47,73.47,63.70,71.02,72.05
73.80,73.80,65.38,67.65,73.43
62.85,62.85,63.94,63.60,70.72
61.88,61.88,71.36,63.53,72.64
61.58,61.58,84.50,63.55,72.57
72.58,72.58,84.73,66.92,72.87
72.90,72.90,78.78,69.30,72.08
71.67,71.67,71.56,68.87,70.68
71.80,71.80,67.91,68.14,71.71
70.26,70.26,60.76,67.56,69.98
71.46,71.46,60.73,69.63,71.12
70.57,70.57,70.30,67.64,71.39
69.34,69.34,77.22,65.86,70.04
65.88,65.88,72.65,67.67,70.59
65.18,65.18,69.66,68.57,70.93
67.65,67.65,67.37,69.63,71.56
65.78,65.78,69.22,66.79,70.01
69.22,69.22,71.97,64.11,71.54
70.58,70.58,75.81,67.32,72.06
64.64,64.64,74.13,70.33,70.63
67.67,67.67,70.98,69.70,70.70
69.79,69.79,67.02,70.40,69.52
70.83,70.83,66.61,73.82,69.95
70.31,70.31,65.19,74.46,69.28
70.44,70.44,64.13,72.91,69.80
68.91,68.91,62.82,70.94,70.91
70.26,70.26,62.26,71.28,71.50
71.10,71.10,59.87,72.95,71.19
69.67,69.67,58.95,74.33,71.43
71.27,71.27,58.96,74.13,72.73
73.35,73.35,60.66,73.05,74.00
74.90,74.90,60.20,71.07,73.00
72.43,72.43,78.61,70.39,72.47
68.89,68.89,83.93,70.78,70.70
67.72,67.72,81.58,73.81,73.01
69.60,69.60,74.38,73.17,71.70
72.18,72.18,70.37,73.85,72.16
66.32,66.32,68.46,73.18,71.79
65.84,65.84,59.70,72.28,72.87
65.13,65.13,59.96,73.17,72.38
64.37,64.37,58.96,72.73,71.34
60.29,60.29,53.53,72.09,71.77
67.35,67.35,54.95,73.57,70.93
67.17,67.17,59.55,74.59,73.71
69.37,69.37,57.85,74.01,72.69
68.23,68.23,65.36,70.68,71.21
77.26,77.26,69.72,68.78,71.76
77.35,77.35,84.61,62.67,69.42
75.65,75.65,83.53,67.10,71.12
73.98,73.98,79.98,69.86,70.46
77.10,77.10,77.44,67.22,70.23
78.44,78.44,77.29,69.10,71.74
76.90,76.90,72.08,66.61,70.64
76.12,76.12,71.74,65.84,70.81
75.40,75.40,69.11,70.56,70.81
76.52,76.52,70.64,73.29,70.75
77.51,77.51,72.89,71.77,70.26
77.93,77.93,70.52,70.05,69.66
78.54,78.54,68.46,69.55,70.35
79.93,79.93,68.11,68.29,70.17
77.92,77.92,67.46,68.29,70.05
75.65,75.65,67.33,66.68,69.62
75.30,75.30,67.66,64.03,70.58
72.50,72.50,68.14,72.48,70.67
69.93,69.93,66.99,71.70,70.01
71.87,71.87,66.61,70.61,69.74
76.28,76.28,64.74,71.14,70.26
72.71,72.71,65.14,70.48,69.96
73.98,73.98,67.10,69.81,70.01
71.84,71.84,66.15,70.58,71.22
70.45,70.45,67.40,70.01,72.32
73.15,73.15,67.08,71.89,73.56
72.19,72.19,64.82,74.23,72.18
73.51,73.51,64.50,72.44,71.17
73.72,73.72,67.31,71.31,70.55
73.19,73.19,75.59,70.83,72.05
70.29,70.29,81.53,66.69,69.38
69.97,69.97,85.25,70.20,69.78
70.20,70.20,79.95,72.70,70.32
71.10,71.10,73.84,71.39,71.39
70.66,70.66,70.97,71.78,71.90
69.27,69.27,68.47,71.74,71.96
66.42,66.42,67.19,72.02,70.49
67.70,67.70,69.48,73.11,70.51
70.08,70.08,70.62,73.71,71.50
65.59,65.59,67.97,72.25,71.85
65.67,65.67,69.36,72.32,73.00
68.68,68.68,68.26,73.76,72.19
66.91,66.91,67.87,73.18,71.96
66.15,66.15,68.27,73.12,69.73
74.22,74.22,67.42,73.67,67.97
72.30,72.30,67.23,71.45,67.53
71.01,71.01,65.67,74.97,67.28
72.29,72.29,65.09,74.82,66.91
72.50,72.50,65.70,74.40,66.43
71.80,71.80,63.62,74.16,65.72
68.48,68.48,62.94,76.04,66.52
62.54,62.54,63.94,75.97,66.65
62.33,62.33,64.17,75.74,67.61
61.69,61.69,63.04,77.13,67.09
61.63,61.63,61.51,76.02,67.17
63.78,63.78,61.40,76.49,67.79
71.22,71.22,62.20,76.57,66.26
71.55,71.55,65.28,73.36,66.89
73.58,73.58,70.92,68.55,67.23
72.35,72.35,85.25,67.15,67.16
71.66,71.66,84.13,69.25,67.96
70.24,70.24,79.54,72.19,67.44
69.82,69.82,73.22,71.58,66.70
69.53,69.53,73.20,74.13,67.20
69.96,69.96,67.44,75.33,66.22
69.12,69.12,67.26,73.95,65.90
71.33,71.33,66.87,74.00,63.39
71.90,71.90,69.29,75.11,67.98
72.94,72.94,72.63,74.41,66.21
72.54,72.54,69.84,75.03,68.05
69.31,69.31,59.96,76.04,67.65
71.31,71.31,59.31,75.35,70.11
71.46,71.46,57.43,74.54,72.02
72.38,72.38,58.46,67.15,72.67
71.10,71.10,59.45,71.33,71.77
68.87,68.87,59.58,76.71,72.32
69.50,69.50,61.86,76.06,73.56
68.80,68.80,63.05,76.35,72.61
67.55,67.55,57.18,75.85,72.93
69.65,69.65,56.19,75.29,71.74
69.80,69.80,57.60,75.38,71.77
70.63,70.63,54.34,76.18,73.13
71.82,71.82,53.75,75.40,72.21
72.98,72.98,53.58,76.21,71.51
73.24,73.24,52.33,74.37,71.48
70.27,70.27,59.56,73.40,70.17
66.51,66.51,66.30,75.20,69.62
63.24,63.24,76.29,73.56,68.95
59.08,59.08,83.21,71.29,65.88
54.78,54.78,83.20,66.04,66.86
53.56,53.56,80.48,69.17,67.74
56.13,56.13,75.75,69.74,68.42
58.50,58.50,71.58,69.55,67.39
61.49,61.49,73.27,70.36,68.10
63.97,63.97,69.88,73.09,70.05
63.54,63.54,66.76,73.55,70.15
64.42,64.42,64.71,72.23,70.48
64.86,64.86,68.10,72.70,71.31
67.72,67.72,67.39,74.69,69.83
70.92,70.92,62.80,75.37,70.89
69.91,69.91,63.02,74.61,71.21
70.12,70.12,62.69,69.67,70.67
71.27,71.27,63.23,73.66,71.22
71.93,71.93,61.13,75.56,71.94
73.31,73.31,60.47,71.26,69.66
70.04,70.04,61.58,75.99,71.29
69.32,69.32,59.60,74.23,70.65
69.21,69.21,58.44,74.45,71.97
64.95,64.95,58.83,73.53,72.14
65.80,65.80,57.28,76.81,72.61
67.29,67.29,55.97,75.94,72.15
70.65,70.65,53.29,76.90,71.62
71.14,71.14,51.34,73.09,71.87
69.13,69.13,52.93,73.52,71.79
68.99,68.99,60.13,71.84,72.92
70.64,70.64,70.61,70.70,71.25
71.34,71.34,79.80,69.88,69.53
70.02,70.02,85.56,68.36,69.49
67.67,67.67,81.42,71.67,69.68
67.56,67.56,75.21,71.36,70.07
68.13,68.13,75.11,72.77,70.34
67.94,67.94,69.75,71.42,70.97
66.64,66.64,68.73,71.88,69.93
67.27,67.27,71.16,71.58,70.44
66.65,66.65,70.94,71.72,71.32
65.02,65.02,74.69,71.23,71.56
65.77,65.77,69.69,74.07,71.21
66.84,66.84,62.05,72.00,71.92
66.63,66.63,61.84,70.66,70.46
64.53,64.53,61.72,69.39,72.57
69.89,69.89,58.95,69.32,73.31
70.30,70.30,57.74,72.76,72.28
68.26,68.26,59.29,68.81,71.24
68.08,68.08,60.10,73.48,71.65
68.61,68.61,60.27,73.34,71.79
70.22,70.22,54.45,70.95,71.75
67.73,67.73,53.26,72.45,72.41
64.61,64.61,51.92,72.67,71.68
59.60,59.60,52.24,74.78,72.88
58.16,58.16,53.18,74.29,72.16
57.58,57.58,49.79,75.91,73.36
58.87,58.87,49.80,75.39,71.64
62.14,62.14,58.83,74.34,71.45
62.70,62.70,66.81,73.69,72.44
66.01,66.01,78.07,68.47,70.13
65.53,65.53,80.52,67.56,66.30
64.11,64.11,82.12,67.42,68.18
65.98,65.98,81.49,67.88,68.93
67.25,67.25,74.17,66.76,69.38
71.24,71.24,70.89,69.71,68.82
68.68,68.68,66.59,68.64,69.26
67.87,67.87,63.78,72.73,70.18
69.83,69.83,65.66,71.46,69.22
69.38,69.38,69.16,70.57,70.04
68.38,68.38,69.48,68.34,70.17
67.93,67.93,65.74,71.62,69.44
66.80,66.80,65.55,73.89,70.89
68.72,68.72,63.95,74.85,70.04
69.74,69.74,62.41,73.53,69.35
71.29,71.29,68.66,65.19,68.23
70.84,70.84,63.91,74.57,69.77
69.50,69.50,56.77,71.04,70.34
69.97,69.97,55.75,73.29,70.35
70.25,70.25,56.21,73.00,68.98
70.27,70.27,54.45,75.28,69.96
69.69,69.69,55.64,74.24,69.06
69.14,69.14,54.41,71.70,70.41
68.54,68.54,54.98,71.54,70.34
68.38,68.38,54.37,73.22,72.26
69.97,69.97,53.09,74.19,72.78
70.71,70.71,51.83,72.78,72.94
72.11,72.11,56.42,74.52,72.68
71.43,71.43,64.71,68.76,73.23
66.87,66.87,71.61,68.00,72.46
65.15,65.15,84.81,71.03,73.35
65.25,65.25,83.16,69.81,72.54
65.88,65.88,78.85,68.61,72.16
64.88,64.88,74.39,71.94,73.23
63.12,63.12,65.54,71.16,72.45
63.94,63.94,61.93,71.81,71.34
65.19,65.19,64.55,68.87,72.92
63.56,63.56,71.58,71.88,72.76
63.00,63.00,74.17,72.07,70.41
63.39,63.39,70.43,73.47,71.59
60.29,60.29,70.70,72.87,70.06
52.29,52.29,67.23,70.80,70.31
49.57,49.57,68.90,72.34,71.25
46.83,46.83,71.09,71.94,71.84
48.74,48.74,78.53,69.18,72.82
44.26,44.26,78.41,70.07,73.84
47.36,47.36,80.45,69.37,74.34
47.37,47.37,79.30,70.01,74.52
48.90,48.90,80.48,72.79,73.71
53.78,53.78,79.95,72.99,74.16
55.23,55.23,78.78,71.75,72.83
54.45,54.45,79.34,72.96,73.19
53.41,53.41,79.78,73.34,74.24
53.64,53.64,79.57,71.38,73.86
52.13,52.13,79.54,70.95,72.83
49.69,49.69,78.78,71.06,72.27
45.91,45.91,79.18,67.99,70.00
41.96,41.96,80.25,63.12,70.26
37.79,37.79,84.28,64.25,67.88
39.66,39.66,84.71,56.55,68.27
43.66,43.66,80.60,63.81,67.08
45.25,45.25,75.30,67.23,68.28
45.64,45.64,71.60,70.29,67.26
47.10,47.10,73.51,70.11,67.04
46.74,46.74,69.78,71.05,66.06
44.73,44.73,71.22,71.43,68.19
43.76,43.76,71.83,71.66,68.22
38.40,38.40,72.09,68.74,67.66
36.11,36.11,70.49,68.35,67.00
33.95,33.95,73.06,69.62,67.70
37.76,37.76,73.39,71.97,68.58
41.04,41.04,71.48,72.55,70.62
43.86,43.86,71.64,72.82,71.30
44.30,44.30,72.87,68.81,70.70
43.17,43.17,72.04,67.86,70.23
42.75,42.75,72.91,67.90,70.21
40.89,40.89,71.59,70.77,71.65
38.84,38.84,71.54,71.03,70.14
36.36,36.36,71.23,68.99,70.53
34.60,34.60,70.62,69.94,69.30
34.55,34.55,69.35,70.84,70.52
34.49,34.49,69.67,69.94,69.58
37.16,37.16,69.92,69.91,70.76
37.30,37.30,69.56,71.03,70.35
38.73,38.73,68.35,71.98,70.80
33.84,33.84,66.27,71.99,72.05
35.90,35.90,69.63,71.45,72.06
38.42,38.42,76.15,71.97,71.50
40.09,40.09,86.18,66.80,71.77
40.05,40.05,81.92,70.37,71.40
44.43,44.43,80.19,70.28,70.12
41.80,41.80,75.64,70.08,69.25
38.88,38.88,66.67,70.81,70.91
38.33,38.33,69.15,71.49,70.10
45.94,45.94,70.50,69.40,71.26
47.82,47.82,71.37,67.33,70.87
50.27,50.27,68.33,66.96,71.92
60.17,60.17,70.33,68.16,71.56
62.02,62.02,74.90,70.85,71.06
67.71,67.71,69.36,73.24,71.23
66.78,66.78,68.74,73.72,71.21
73.32,73.32,69.23,71.87,72.20
72.45,72.45,68.13,73.71,70.79
69.17,69.17,65.14,71.76,70.71
67.98,67.98,61.44,71.16,70.14
69.08,69.08,61.37,71.98,70.20
68.24,68.24,61.89,72.00,68.88
68.08,68.08,60.43,71.11,68.81
65.98,65.98,60.52,71.50,69.55
60.55,60.55,60.83,71.22,69.74
58.88,58.88,60.39,71.36,69.95
66.93,66.93,60.13,70.98,68.89
66.84,66.84,59.14,71.09,68.94
69.44,69.44,60.12,72.13,69.92
67.48,67.48,63.62,71.86,68.99
68.92,68.92,73.27,67.33,70.18
68.42,68.42,81.58,71.74,69.14
69.12,69.12,84.35,67.40,68.54
68.64,68.64,80.96,70.22,69.59
69.79,69.79,77.01,69.43,69.84
66.59,66.59,70.64,71.51,70.29
63.62,63.62,65.90,71.59,70.70
63.82,63.82,63.30,72.37,70.43
60.92,60.92,63.80,73.70,69.85
60.92,60.92,62.29,73.96,70.53
61.42,61.42,63.97,73.49,71.81
63.95,63.95,65.35,73.73,70.81
63.65,63.65,61.99,73.76,71.96
66.14,66.14,62.40,72.75,73.30
65.26,65.26,62.72,72.13,72.27
70.92,70.92,64.53,70.48,71.02
75.54,75.54,65.65,72.83,69.81
74.75,74.75,64.23,71.63,68.20
74.35,74.35,63.15,70.29,68.16
73.80,73.80,63.58,71.92,67.79
71.46,71.46,58.82,70.62,68.59
71.84,71.84,54.75,71.00,68.19
68.51,68.51,53.82,70.62,68.83
63.52,63.52,55.90,71.31,70.18
63.45,63.45,55.38,71.00,69.16
61.87,61.87,54.08,72.76,68.89
61.23,61.23,54.50,72.51,69.52
66.44,66.44,55.19,71.47,68.53
66.83,66.83,65.04,70.38,67.45
66.19,66.19,71.89,64.62,68.50
72.21,72.21,84.44,62.75,67.24
72.19,72.19,83.50,70.17,66.93
71.72,71.72,79.12,71.22,68.92
71.67,71.67,77.44,69.97,68.94
71.17,71.17,72.05,70.96,69.99
72.27,72.27,65.34,70.73,70.51
74.00,74.00,62.36,69.81,69.77
76.24,76.24,68.76,70.13,69.10
77.50,77.50,73.84,71.60,68.95
76.68,76.68,69.51,72.28,68.99
76.36,76.36,68.66,72.46,70.41
75.93,75.93,66.93,73.23,70.06
74.22,74.22,59.72,73.63,70.14
75.38,75.38,63.56,72.68,70.21
74.58,74.58,63.94,71.14,71.38
72.10,72.10,62.96,68.94,71.73
74.59,74.59,60.14,75.85,72.15
74.46,74.46,61.82,74.04,72.06
73.05,73.05,60.33,75.01,71.11
72.21,72.21,55.83,74.81,70.65
72.39,72.39,54.01,74.94,70.60
71.52,71.52,54.71,75.30,70.98
72.84,72.84,55.25,74.01,70.70
72.30,72.30,52.39,72.13,70.39
72.35,72.35,50.56,70.80,71.03
71.01,71.01,50.77,70.83,71.31
69.82,69.82,57.75,69.94,70.85
67.96,67.96,65.84,71.04,69.06
66.63,66.63,75.60,73.82,69.08
62.82,62.82,86.30,73.25,65.44
61.21,61.21,84.92,72.49,66.80
63.53,63.53,78.92,72.74,67.98
63.94,63.94,74.19,73.00,68.21
62.42,62.42,67.33,72.76,66.51
59.68,59.68,65.49,72.30,67.56
59.84,59.84,64.78,70.66,66.02
58.91,58.91,64.83,68.19,64.51
59.69,59.69,67.54,69.88,65.44
61.58,61.58,64.57,73.84,65.16
63.19,63.19,61.04,76.18,66.55
64.15,64.15,63.23,77.94,69.07
66.75,66.75,63.35,75.76,70.33
70.06,70.06,60.55,76.66,71.70
66.16,66.16,63.74,75.21,73.51
70.53,70.53,64.91,73.07,73.84
68.07,68.07,62.27,76.96,71.55
67.04,67.04,63.45,78.04,72.06
69.47,69.47,58.91,77.63,72.54
72.07,72.07,55.31,78.80,70.46
73.87,73.87,53.97,78.50,71.47
67.17,67.17,54.53,78.68,70.51
64.88,64.88,52.42,78.42,72.00
64.68,64.68,54.24,77.64,73.59
67.34,67.34,51.82,79.02,73.83
67.01,67.01,50.72,79.17,73.56
64.24,64.24,56.37,77.08,73.55
67.84,67.84,64.27,75.67,73.74
69.86,69.86,70.69,74.63,71.65
70.29,70.29,84.35,72.49,69.30
70.43,70.43,84.79,66.76,70.09
69.03,69.03,78.99,69.06,69.84
70.97,70.97,71.65,73.54,70.10
72.81,72.81,65.42,74.53,69.84
72.50,72.50,58.57,75.84,69.12
66.71,66.71,61.03,74.78,69.17
62.89,62.89,73.39,73.97,68.94
63.23,63.23,71.50,74.98,68.08
64.71,64.71,71.43,76.70,70.29
63.41,63.41,71.03,75.80,70.38
59.05,59.05,65.45,76.80,70.66
55.44,55.44,65.90,76.64,71.31
60.49,60.49,61.85,78.05,72.08
66.80,66.80,63.35,74.74,72.62
68.47,68.47,60.41,71.94,70.83
70.25,70.25,62.00,74.76,70.33
72.66,72.66,61.32,76.96,70.93
70.22,70.22,60.30,75.50,69.15
71.78,71.78,56.66,77.42,68.30
70.20,70.20,53.39,76.36,68.80
65.87,65.87,54.93,76.49,69.12
64.54,64.54,53.93,77.77,69.30
65.07,65.07,51.50,76.74,69.76
67.58,67.58,51.17,78.67,68.89
68.27,68.27,53.45,77.42,68.54
68.93,68.93,59.83,76.74,66.84
65.47,65.47,68.59,75.52,65.75
64.16,64.16,80.42,74.32,65.53
66.07,66.07,85.16,72.42,66.78
66.43,66.43,82.02,66.54,68.86
67.63,67.63,77.99,70.62,68.48
68.27,68.27,72.23,71.69,69.06
67.22,67.22,66.51,73.22,68.07
69.40,69.40,67.16,73.47,67.09
70.70,70.70,64.47,73.61,67.31
73.56,73.56,66.55,76.37,67.68
72.63,72.63,66.23,74.64,67.40
72.40,72.40,67.84,73.98,67.54
71.05,71.05,69.86,73.67,66.44
69.61,69.61,67.62,74.68,66.99
68.30,68.30,64.08,75.80,68.98
66.83,66.83,62.97,71.21,69.00
68.70,68.70,62.75,69.89,70.55
72.32,72.32,64.34,76.86,72.51
71.87,71.87,59.53,75.94,69.01
70.41,70.41,57.29,78.30,69.89
70.07,70.07,53.28,77.53,67.07
69.36,69.36,53.36,76.56,67.77
70.43,70.43,56.58,77.52,67.35
71.58,71.58,60.28,77.81,69.41
72.57,72.57,63.12,77.56,68.35
73.53,73.53,62.96,77.60,69.29
71.44,71.44,62.72,76.84,67.96
69.07,69.07,59.98,78.39,70.37
66.93,66.93,59.96,77.23,70.04
69.92,69.92,65.12,73.68,70.53
73.19,73.19,76.20,71.34,68.39
74.35,74.35,85.24,71.23,66.34
76.12,76.12,81.62,66.89,68.28
73.68,73.68,79.80,68.40,69.67
73.88,73.88,68.24,72.80,68.20
75.42,75.42,60.28,73.77,69.67
75.27,75.27,64.48,72.82,70.59
74.35,74.35,59.95,74.67,70.64
71.85,71.85,65.39,76.11,70.08
72.72,72.72,64.89,74.86,69.97
74.52,74.52,69.58,73.83,69.87
73.95,73.95,75.61,72.84,69.13
66.92,66.92,72.34,74.19,68.20
66.75,66.75,68.56,76.10,68.41
68.58,68.58,65.72,71.56,68.54
73.62,73.62,62.65,72.40,67.26
73.78,73.78,65.68,75.35,67.62
73.28,73.28,58.93,73.15,69.94
71.34,71.34,55.49,76.52,66.92
70.30,70.30,55.18,74.57,69.23
72.56,72.56,54.27,74.87,68.32
71.88,71.88,49.32,75.50,68.93
72.72,72.72,51.64,75.78,67.81
72.02,72.02,50.89,76.28,67.87
68.23,68.23,46.83,74.00,67.62
69.52,69.52,47.88,76.07,69.29
71.13,71.13,54.93,76.97,69.51
72.32,72.32,65.34,70.66,68.88
71.60,71.60,78.30,65.15,70.54
69.09,69.09,83.68,64.82,67.46
66.57,66.57,84.28,66.04,69.29
68.62,68.62,81.58,68.59,70.46
69.23,69.23,76.71,71.85,69.41
69.07,69.07,71.05,70.39,70.03
70.08,70.08,66.99,71.42,67.82
69.48,69.48,63.38,73.70,68.29
70.27,70.27,67.27,72.97,68.51
74.24,74.24,67.39,70.94,68.97
73.63,73.63,68.08,74.62,69.22
73.80,73.80,64.59,75.60,68.64
71.95,71.95,63.30,72.49,70.40
70.28,70.28,57.34,76.18,67.52
74.18,74.18,61.13,75.37,69.02
69.33,69.33,63.94,73.40,69.39
68.21,68.21,64.67,74.51,70.13
70.95,70.95,62.62,70.91,70.07
69.53,69.53,65.54,72.67,70.40
73.76,73.76,64.68,72.89,70.40
69.80,69.80,55.81,74.29,70.74
68.61,68.61,54.27,76.13,72.82
67.03,67.03,55.07,73.71,70.67
64.45,64.45,51.49,75.87,71.03
66.69,66.69,49.93,75.11,72.64
60.69,60.69,47.04,73.03,68.75
64.81,64.81,52.11,73.90,69.13
68.81,68.81,59.79,68.55,68.63
71.93,71.93,65.53,65.86,67.70
69.03,69.03,78.95,69.31,68.38
74.98,74.98,84.85,65.67,67.92
74.09,74.09,81.10,71.76,69.61
71.61,71.61,76.87,72.95,69.25
76.17,76.17,71.75,73.67,68.67
77.05,77.05,73.07,72.87,69.23
76.89,76.89,72.05,72.90,70.23
77.30,77.30,70.35,74.23,68.87
77.99,77.99,71.42,73.58,69.59
77.31,77.31,73.85,73.89,69.40
77.57,77.57,66.71,74.95,68.75
78.52,78.52,66.58,74.28,71.42
79.67,79.67,65.24,74.15,70.92
80.51,80.51,64.25,73.24,69.26
80.83,80.83,56.05,73.25,70.26
80.74,80.74,58.40,66.71,70.09
80.40,80.40,63.59,72.32,69.20
80.23,80.23,60.89,74.49,69.77
79.19,79.19,52.67,74.70,69.35
78.12,78.12,53.08,73.90,67.70
76.68,76.68,52.93,74.74,67.92
75.13,75.13,53.80,73.30,68.36
75.14,75.14,53.31,73.05,67.98
73.59,73.59,53.76,72.58,68.73
74.59,74.59,53.76,73.48,69.84
74.91,74.91,52.16,73.13,69.32
72.38,72.38,50.81,73.73,69.49
74.39,74.39,58.04,75.14,67.83
75.49,75.49,64.11,73.27,66.47
73.32,73.32,75.16,70.99,67.89
71.68,71.68,83.53,71.87,65.17
70.92,70.92,82.66,69.07,66.87
72.66,72.66,80.61,70.44,68.51
72.37,72.37,75.33,70.07,68.95
72.01,72.01,68.59,70.47,68.12
71.96,71.96,64.73,70.26,70.90
72.63,72.63,64.28,70.88,69.58
70.69,70.69,63.06,71.51,68.88
69.74,69.74,65.77,71.78,69.74
70.08,70.08,64.78,71.43,70.61
70.95,70.95,65.67,72.23,69.40
73.17,73.17,65.49,71.44,70.66
71.10,71.10,63.53,71.13,71.13
72.25,72.25,63.13,69.51,69.88
72.60,72.60,63.52,65.36,68.51
73.81,73.81,65.40,74.68,68.68
74.02,74.02,66.80,69.40,66.45
74.71,74.71,65.50,68.79,66.48
73.85,73.85,59.90,68.10,68.04
73.28,73.28,58.04,70.23,66.56
71.22,71.22,59.00,72.52,68.46
67.57,67.57,58.16,71.41,67.97
65.62,65.62,56.96,73.64,67.72
66.02,66.02,56.22,73.09,66.59
65.65,65.65,54.19,71.94,66.80
65.10,65.10,53.46,73.50,67.31
68.33,68.33,54.07,72.44,68.48
68.93,68.93,58.69,69.07,67.52
67.84,67.84,65.29,70.02,68.91
69.53,69.53,82.33,69.04,68.46
69.53,69.53,84.09,69.19,66.78
71.32,71.32,79.92,67.15,68.43
70.69,70.69,76.12,66.86,67.48
69.87,69.87,68.66,69.86,67.71
70.05,70.05,62.54,70.59,64.59
71.33,71.33,58.29,71.11,64.50
71.52,71.52,59.90,73.23,63.78
71.65,71.65,71.40,72.95,65.61
72.67,72.67,63.86,73.56,64.24
72.49,72.49,62.44,73.42,66.54
70.73,70.73,64.05,72.36,66.02
70.19,70.19,66.41,73.50,72.59
70.26,70.26,64.35,70.88,71.34
69.87,69.87,58.13,66.67,73.80
70.06,70.06,67.19,71.67,73.78
70.47,70.47,66.30,78.55,73.40
70.88,70.88,68.41,75.62,73.19
70.40,70.40,62.02,75.34,73.01
71.98,71.98,55.24,75.01,73.56
73.52,73.52,55.32,73.70,72.17
71.94,71.94,55.06,74.27,71.86
73.59,73.59,53.32,74.31,72.14
73.37,73.37,51.31,72.76,71.81
74.62,74.62,49.63,73.69,72.13
73.11,73.11,48.40,75.91,71.54
71.73,71.73,56.09,74.66,71.43
69.15,69.15,63.86,72.17,67.36
61.86,61.86,75.24,67.65,68.57
56.87,56.87,81.05,69.92,66.85
55.79,55.79,83.54,63.57,68.28
54.40,54.40,82.00,67.43,68.13
55.64,55.64,76.07,69.36,68.77
56.33,56.33,67.97,68.44,70.45
53.91,53.91,66.49,69.19,71.96
55.60,55.60,63.95,68.60,72.07
58.43,58.43,65.78,69.09,71.87
57.04,57.04,67.42,68.46,71.70
56.56,56.56,66.13,67.61,71.47
58.31,58.31,67.07,68.74,71.89
59.46,59.46,61.05,71.10,73.79
64.31,64.31,60.58,71.73,74.09
64.61,64.61,66.54,65.87,72.85
66.82,66.82,62.85,69.00,71.14
71.45,71.45,66.96,73.48,72.17
70.92,70.92,67.08,74.88,69.25
71.52,71.52,66.02,73.42,73.17
69.75,69.75,58.46,72.31,73.27
68.12,68.12,57.95,74.02,71.52
68.94,68.94,55.85,71.95,73.03
68.42,68.42,55.38,72.04,70.38
66.47,66.47,53.73,74.99,71.73
64.11,64.11,52.23,74.69,73.11
65.28,65.28,52.27,72.45,71.33
63.05,63.05,52.14,72.97,72.19
64.32,64.32,56.12,74.51,71.58
66.49,66.49,62.97,71.87,72.90
69.84,69.84,69.85,68.52,72.44
67.76,67.76,85.93,68.25,70.46
68.37,68.37,83.66,64.19,70.92
69.87,69.87,77.40,62.81,70.36
71.77,71.77,73.88,63.53,69.75
72.80,72.80,61.01,69.54,69.07
68.46,68.46,61.65,71.62,72.36
66.74,66.74,62.20,73.83,69.25
65.37,65.37,64.31,71.60,70.67
62.89,62.89,68.55,68.93,72.70
62.39,62.39,66.98,69.40,71.34
62.19,62.19,65.03,75.12,72.53
69.15,69.15,69.74,74.60,71.75
65.34,65.34,68.20,73.72,71.81
73.35,73.35,61.35,69.30,71.20
72.53,72.53,62.93,73.67,70.89
72.87,72.87,66.50,72.58,71.77
69.83,69.83,67.84,75.27,69.74
67.42,67.42,66.77,73.89,71.15
66.36,66.36,55.84,74.75,70.80
66.01,66.01,52.60,73.79,72.17
58.81,58.81,56.58,74.89,71.04
63.07,63.07,55.08,75.43,72.96
60.87,60.87,52.27,74.95,72.91
60.10,60.10,50.07,74.28,72.04
62.64,62.64,48.32,75.80,71.52
66.35,66.35,53.67,75.75,69.79
65.10,65.10,64.21,71.99,69.41
64.87,64.87,73.70,68.81,71.07
66.64,66.64,81.41,64.79,70.25
66.12,66.12,86.15,67.80,69.48
65.28,65.28,80.56,65.78,68.29
66.62,66.62,78.81,66.19,68.64
69.02,69.02,70.97,70.10,70.20
71.49,71.49,67.52,70.02,69.93
72.16,72.16,63.80,68.27,68.53
71.40,71.40,65.20,70.73,70.39
71.39,71.39,65.21,72.76,70.36
70.65,70.65,65.60,73.58,69.21
70.18,70.18,64.59,72.29,69.24
69.84,69.84,64.20,71.27,71.69
71.33,71.33,63.65,69.33,73.33
72.27,72.27,64.68,72.32,72.50
72.06,72.06,60.41,71.14,70.63
72.23,72.23,62.13,74.73,70.14
72.57,72.57,69.08,71.97,70.79
71.52,71.52,64.36,74.41,70.47
69.61,69.61,62.28,75.95,71.85
70.09,70.09,57.93,76.09,71.64
72.56,72.56,53.10,74.58,70.92
71.60,71.60,52.20,74.62,71.99
72.10,72.10,51.84,75.36,69.73
72.38,72.38,52.62,76.52,69.20
73.51,73.51,52.33,75.37,69.08
71.57,71.57,51.74,75.63,68.57
71.68,71.68,57.14,73.34,70.05
70.17,70.17,65.98,71.37,68.51
66.40,66.40,73.63,63.38,69.98
62.01,62.01,84.12,66.12,69.30
63.88,63.88,82.20,62.35,69.40
65.37,65.37,78.94,65.42,69.34
64.63,64.63,78.48,65.61,69.71
63.30,63.30,78.00,66.20,68.75
63.30,63.30,76.91,68.68,69.93
62.29,62.29,76.88,70.33,69.50
63.80,63.80,78.35,72.50,70.70
62.52,62.52,78.77,72.53,70.06
60.27,60.27,78.16,69.39,72.65
59.04,59.04,77.86,69.46,71.52
58.31,58.31,77.52,71.01,71.81
57.72,57.72,76.17,70.35,69.29
55.63,55.63,78.85,67.71,73.06
52.47,52.47,76.58,62.65,72.10
57.00,57.00,68.52,66.04,72.38
59.04,59.04,76.61,70.64,72.05
59.02,59.02,78.07,68.38,71.91
56.62,56.62,74.40,69.17,73.02
51.63,51.63,76.01,69.05,73.09
48.57,48.57,79.44,70.48,73.75
48.59,48.59,75.97,67.80,72.52
47.15,47.15,73.03,68.77,72.36
47.54,47.54,79.29,70.95,72.08
47.51,47.51,76.08,70.84,73.41
47.49,47.49,70.26,72.28,71.66
47.93,47.93,79.83,68.31,71.69
43.66,43.66,74.84,65.68,68.69
36.68,36.68,81.41,67.96,71.05
33.85,33.85,80.29,67.63,68.30
33.43,33.43,81.60,61.79,69.47
32.70,32.70,75.95,64.45,70.07
34.32,34.32,73.46,66.57,69.77
32.23,32.23,72.02,69.74,67.71
35.77,35.77,71.10,69.88,69.92
40.21,40.21,70.29,68.71,67.69
41.99,41.99,68.31,68.08,67.97
38.24,38.24,70.28,65.90,69.87
39.25,39.25,72.13,68.77,69.97
43.35,43.35,68.36,68.62,71.32
41.09,41.09,68.43,70.08,68.87
38.37,38.37,71.79,72.76,70.96
38.88,38.88,70.59,73.51,72.75
36.69,36.69,68.62,66.09,70.67
34.91,34.91,69.97,70.01,70.98
35.39,35.39,67.18,73.76,72.44
40.29,40.29,67.67,75.89,73.46
42.90,42.90,64.90,74.91,71.83
36.00,36.00,63.96,71.01,72.10
34.90,34.90,65.55,71.22,72.84
30.91,30.91,65.24,73.90,70.45
32.85,32.85,65.16,74.48,71.65
36.63,36.63,64.56,74.04,72.08
37.74,37.74,63.77,72.91,72.99
38.15,38.15,62.79,72.25,73.93
38.61,38.61,65.14,68.16,73.54
37.93,37.93,68.75,69.19,74.44
35.74,35.74,79.32,74.03,72.27
37.93,37.93,85.09,68.79,71.45
35.46,35.46,81.05,63.67,70.63
38.85,38.85,76.11,58.79,71.85
40.98,40.98,68.21,64.14,72.83
37.80,37.80,65.02,65.92,72.53
41.70,41.70,60.93,64.07,72.87
38.37,38.37,69.10,69.34,73.21
38.63,38.63,68.77,68.31,73.08
44.85,44.85,71.94,65.92,74.43
52.05,52.05,71.34,65.80,73.85
60.74,60.74,67.94,64.36,73.41
61.75,61.75,64.26,60.18,72.40
70.22,70.22,64.72,68.40,72.90
67.61,67.61,66.45,70.77,73.54
69.20,69.20,61.06,75.72,72.72
67.57,67.57,60.25,72.94,71.54
66.22,66.22,63.93,73.68,71.74
68.91,68.91,63.34,73.61,71.60
72.88,72.88,58.55,73.72,70.51
73.51,73.51,55.92,73.69,70.03
73.40,73.40,58.39,73.45,70.29
68.50,68.50,59.01,74.98,70.95
65.34,65.34,59.28,74.50,71.64
65.45,65.45,58.02,72.85,70.66
65.01,65.01,56.99,71.17,69.10
71.83,71.83,59.12,71.36,69.78
70.22,70.22,66.12,70.40,68.64
67.47,67.47,76.61,66.95,69.88
69.08,69.08,83.16,70.44,67.73
71.03,71.03,83.84,65.45,67.72
73.04,73.04,79.87,66.10,70.77
73.56,73.56,78.49,66.90,69.39
72.84,72.84,69.18,66.93,69.96
71.23,71.23,67.25,67.38,70.31
70.12,70.12,65.39,65.25,70.06
64.32,64.32,65.88,66.18,70.88
63.41,63.41,68.48,67.79,71.38
65.19,65.19,68.51,68.49,72.48
64.85,64.85,70.10,66.04,73.84
62.71,62.71,68.45,64.49,73.93
66.79,66.79,62.97,64.05,72.77
69.18,69.18,67.58,61.71,71.80
76.46,76.46,62.83,70.16,72.56
75.96,75.96,60.33,73.94,71.45
75.57,75.57,60.59,71.18,71.76
75.86,75.86,56.03,69.38,70.83
75.40,75.40,53.48,67.81,71.57
76.98,76.98,52.79,69.52,71.70
76.60,76.60,51.52,70.08,70.05
75.78,75.78,52.46,69.96,71.61
73.17,73.17,53.25,71.69,71.14
72.41,72.41,53.06,72.90,72.17
68.84,68.84,53.19,73.28,70.94
67.71,67.71,52.31,72.35,72.14
64.23,64.23,56.25,69.95,73.04
65.41,65.41,65.80,68.20,70.91
68.10,68.10,70.27,70.69,69.52
73.08,73.08,84.37,68.52,66.99
72.96,72.96,84.08,66.77,68.41
72.77,72.77,77.34,65.10,69.27
72.55,72.55,70.44,66.89,70.39
70.77,70.77,68.19,66.96,70.70
70.45,70.45,60.57,67.10,70.88
72.18,72.18,58.01,69.45,71.45
73.18,73.18,62.15,69.33,71.72
75.87,75.87,66.52,69.45,70.79
77.03,77.03,67.23,70.49,69.78
76.76,76.76,72.94,70.49,71.00
75.98,75.98,72.23,70.51,70.57
73.25,73.25,72.76,72.07,69.19
73.24,73.24,62.91,71.38,72.54
72.85,72.85,65.67,61.75,74.31
70.49,70.49,63.67,71.91,73.43
72.15,72.15,57.23,69.35,73.03
73.43,73.43,53.58,72.72,72.84
71.06,71.06,54.83,71.95,72.11
70.22,70.22,52.39,70.09,72.10
69.14,69.14,51.34,69.24,71.74
70.21,70.21,52.04,68.03,71.31
72.88,72.88,52.93,69.03,71.94
74.46,74.46,51.18,71.19,72.48
74.43,74.43,50.78,70.73,70.82
74.94,74.94,50.54,70.23,70.10
75.06,75.06,57.20,69.42,68.96
74.55,74.55,66.88,65.86,67.06
62.56,62.56,76.51,69.43,67.37
56.53,56.53,86.23,63.36,65.33
54.71,54.71,83.51,60.35,65.71
55.70,55.70,78.81,55.23,65.67
57.49,57.49,73.35,61.18,66.17
59.36,59.36,68.63,63.74,66.70
63.02,63.02,68.91,68.54,67.86
65.15,65.15,67.65,68.18,68.37
66.16,66.16,68.24,71.44,70.34
68.34,68.34,67.72,72.82,70.36
68.88,68.88,69.01,71.05,69.30
68.55,68.55,72.79,70.98,70.13
66.34,66.34,69.25,70.13,69.34
66.82,66.82,71.50,68.79,70.70
72.72,72.72,65.22,68.60,70.75
70.88,70.88,65.01,74.11,73.26
72.19,72.19,62.40,71.21,70.22
73.54,73.54,57.88,78.74,70.78
73.49,73.49,58.69,78.84,71.82
70.04,70.04,57.79,79.15,70.13
68.67,68.67,53.44,79.88,70.65
66.50,66.50,53.49,80.66,72.06
60.54,60.54,52.90,80.89,71.86
64.31,64.31,54.15,78.25,72.07
65.32,65.32,53.87,78.51,72.01
67.14,67.14,52.66,78.52,70.76
70.89,70.89,54.65,78.20,70.28
67.49,67.49,57.17,75.34,72.61
68.61,68.61,66.63,69.83,71.68
72.46,72.46,78.26,73.68,68.66
72.06,72.06,85.03,70.95,66.21
71.84,71.84,81.86,70.52,67.50
70.97,70.97,75.09,71.25,67.69
70.51,70.51,69.55,69.86,68.31
69.42,69.42,65.83,71.76,68.12
69.06,69.06,70.74,72.97,68.35
69.70,69.70,66.97,72.63,69.06
70.63,70.63,71.74,73.14,68.47
69.85,69.85,70.71,75.59,68.90
69.63,69.63,72.94,76.63,66.93
68.97,68.97,70.68,76.25,68.71
71.46,71.46,73.80,76.01,68.59
70.44,70.44,74.04,75.75,67.59
69.55,69.55,69.02,75.48,67.81
70.87,70.87,62.96,75.70,67.91
71.92,71.92,64.13,76.10,68.24
72.01,72.01,65.06,75.74,67.38
74.58,74.58,63.49,75.98,67.82
74.47,74.47,63.41,75.90,67.35
73.29,73.29,54.34,76.09,66.02
71.67,71.67,55.72,75.70,67.07
69.72,69.72,54.38,74.74,67.43
69.02,69.02,52.33,75.66,66.92
69.66,69.66,48.53,75.46,67.87
70.41,70.41,53.12,74.76,68.99
68.47,68.47,47.68,74.20,69.42
66.07,66.07,50.78,73.09,69.29
65.12,65.12,63.10,71.47,67.56
71.41,71.41,72.97,70.83,67.07
72.91,72.91,85.56,62.87,66.96
73.94,73.94,81.76,65.97,66.46
74.49,74.49,80.09,67.82,67.37
74.76,74.76,75.61,68.34,68.64
74.65,74.65,74.57,66.39,67.95
74.60,74.60,74.14,65.00,67.85
75.26,75.26,67.65,65.05,67.88
74.19,74.19,68.52,63.33,68.23
70.22,70.22,71.15,63.91,68.95
67.85,67.85,70.10,64.05,67.85
69.28,69.28,68.54,65.86,67.87
72.97,72.97,64.70,65.82,68.97
72.49,72.49,62.42,67.70,68.37
72.84,72.84,63.39,69.07,67.02
71.45,71.45,66.26,70.10,67.47
72.94,72.94,64.22,71.33,65.79
74.08,74.08,62.30,71.13,67.23
74.52,74.52,62.38,71.09,68.76
74.99,74.99,61.35,72.15,67.92
74.26,74.26,61.89,73.37,67.63
74.87,74.87,51.68,73.73,66.96
74.12,74.12,53.95,72.99,66.56
74.20,74.20,50.64,73.05,65.57
73.80,73.80,46.31,73.14,65.08
71.12,71.12,42.84,73.53,64.91
73.90,73.90,39.81,72.98,64.98
71.46,71.46,50.89,73.46,65.82
71.34,71.34,58.23,74.20,66.17
73.54,73.54,66.96,74.03,66.60
74.13,74.13,85.31,71.39,65.35
73.47,73.47,83.59,72.49,65.17
75.38,75.38,79.79,73.98,64.65
74.00,74.00,76.00,74.78,62.62
73.99,73.99,74.69,75.02,63.69
75.09,75.09,73.57,75.68,63.27
74.60,74.60,73.79,75.97,62.85
73.45,73.45,68.76,76.43,63.57
73.22,73.22,70.25,77.17,63.56
72.59,72.59,71.04,77.08,63.23
74.65,74.65,63.40,76.63,63.30
73.71,73.71,52.94,76.39,62.20
71.04,71.04,57.22,77.02,64.73
72.62,72.62,60.14,76.65,64.73
72.80,72.80,66.49,76.83,65.61
74.10,74.10,65.29,76.75,65.64
73.91,73.91,67.73,76.55,68.00
72.85,72.85,63.42,76.29,67.18
74.64,74.64,65.88,76.12,67.56
73.30,73.30,61.74,76.71,68.55
72.78,72.78,63.81,77.23,68.19
72.95,72.95,63.22,77.48,67.97
71.16,71.16,59.14,77.49,67.56
70.11,70.11,61.48,77.46,68.74
69.59,69.59,57.64,77.63,69.52
67.92,67.92,58.89,77.43,69.96
68.91,68.91,54.71,77.54,70.54
67.09,67.09,57.23,77.77,69.50
74.59,74.59,60.01,78.04,69.22
75.46,75.46,56.49,77.22,69.47
75.93,75.93,51.16,76.55,68.73
77.35,77.35,50.12,76.44,68.85
78.40,78.40,50.81,76.64,69.80
79.35,79.35,45.65,76.26,68.93
80.40,80.40,43.06,75.78,67.88
80.65,80.65,46.33,75.83,68.03
79.48,79.48,53.88,76.73,68.27
78.76,78.76,47.20,76.37,68.12
78.60,78.60,40.07,75.71,68.59
79.03,79.03,35.09,72.70,68.67
78.15,78.15,43.52,67.92,68.95
76.11,76.11,46.20,70.18,68.91
73.37,73.37,46.51,76.58,68.84
69.61,69.61,45.30,78.94,69.14
66.48,66.48,41.41,74.97,69.04
65.71,65.71,38.83,76.43,70.39
64.34,64.34,36.53,77.59,70.38
61.82,61.82,43.66,77.17,71.22
61.35,61.35,51.43,78.12,70.68
65.15,65.15,50.15,76.72,71.22
63.76,63.76,50.50,75.04,69.92
61.93,61.93,52.91,73.92,68.91
60.38,60.38,50.90,73.60,68.29
60.63,60.63,52.20,70.97,67.33
57.31,57.31,56.33,69.16,65.87
57.79,57.79,54.44,46.06,64.42
61.07,61.07,64.58,46.13,63.96
59.79,59.79,74.06,60.89,65.83
65.90,65.90,82.58,69.89,65.47
75.43,75.43,84.86,72.32,64.16
75.32,75.32,80.43,74.96,64.80
74.65,74.65,70.30,73.92,64.32
73.20,73.20,76.10,74.10,64.89
75.14,75.14,71.95,75.76,64.46
76.03,76.03,70.77,74.15,64.56
74.25,74.25,75.84,73.65,65.21
72.51,72.51,75.26,74.59,63.73
74.19,74.19,70.38,73.63,61.43
75.79,75.79,71.09,73.57,63.14
75.80,75.80,68.73,74.27,61.79
73.50,73.50,73.34,73.30,60.18
72.17,72.17,73.68,73.17,60.93
70.90,70.90,71.67,75.42,65.29
71.02,71.02,72.98,74.17,63.35
73.65,73.65,73.58,71.21,62.17
74.13,74.13,72.01,75.25,61.87
74.88,74.88,69.23,74.07,62.87
74.82,74.82,69.27,72.84,62.84
75.25,75.25,70.45,73.55,62.14
77.48,77.48,72.82,72.95,61.47
77.67,77.67,71.99,73.99,59.84
76.45,76.45,73.14,74.86,61.57
75.23,75.23,72.96,73.08,63.16
75.40,75.40,71.69,72.83,59.14
76.53,76.53,71.59,74.29,55.99
76.59,76.59,76.86,71.40,57.20
76.04,76.04,82.00,67.61,56.19
72.49,72.49,85.26,64.07,56.98
76.80,76.80,81.33,68.22,58.08
77.49,77.49,79.86,68.63,56.69
78.62,78.62,71.92,70.65,57.44
79.48,79.48,70.58,71.04,57.12
79.97,79.97,73.81,71.17,57.74
79.41,79.41,71.61,71.83,58.89
76.58,76.58,73.94,70.41,57.85
74.54,74.54,69.44,71.37,56.78
75.80,75.80,70.92,72.11,56.99
72.99,72.99,70.64,70.67,58.39
69.13,69.13,66.81,71.72,57.72
65.16,65.16,71.25,72.87,59.70
67.62,67.62,73.47,72.25,62.28
66.07,66.07,66.18,74.84,61.61
67.74,67.74,68.18,73.49,61.12
70.35,70.35,73.10,71.93,60.72
72.08,72.08,71.38,74.34,60.51
73.70,73.70,72.59,74.33,62.63
76.06,76.06,73.93,73.29,61.26
77.40,77.40,68.45,73.09,61.85
77.77,77.77,67.43,73.31,63.20
76.72,76.72,70.56,72.88,63.79
75.61,75.61,72.49,73.03,63.46
74.99,74.99,75.09,72.95,64.45
76.28,76.28,74.02,70.88,61.88
77.07,77.07,71.51,72.99,61.78
74.67,74.67,71.92,73.33,62.16
74.22,74.22,85.10,70.01,64.87
73.21,73.21,83.15,68.09,62.29
73.60,73.60,79.27,69.63,61.94
73.40,73.40,77.96,71.21,61.88
74.40,74.40,71.98,72.68,61.78
73.34,73.34,60.45,70.81,63.80
74.56,74.56,70.13,69.90,64.64
76.53,76.53,65.98,71.70,61.89
77.04,77.04,75.15,71.22,61.26
76.60,76.60,72.68,70.97,61.57
75.96,75.96,73.05,72.41,62.18
73.26,73.26,73.38,72.30,58.27
70.07,70.07,71.27,71.86,60.09
66.64,66.64,74.09,73.36,59.78
66.46,66.46,81.17,70.96,57.06
70.10,70.10,74.85,70.23,55.41
70.05,70.05,71.09,72.44,55.05
69.52,69.52,69.09,71.12,56.88
69.89,69.89,69.74,72.09,59.59
69.06,69.06,70.36,74.02,57.31
69.04,69.04,68.12,72.83,53.21
70.38,70.38,65.19,73.20,56.44
72.18,72.18,66.69,74.74,58.82
72.28,72.28,70.80,73.70,56.56
72.70,72.70,71.66,73.39,57.21
72.42,72.42,72.06,74.73,59.39
73.53,73.53,71.25,73.40,58.89
75.25,75.25,70.84,73.60,61.13
73.41,73.41,70.14,75.41,60.63
73.57,73.57,83.66,72.04,62.16
75.14,75.14,84.26,69.04,61.87
77.17,77.17,77.33,71.53,61.24
77.32,77.32,70.13,71.69,59.66
78.20,78.20,66.18,72.08,60.07
78.96,78.96,70.41,72.01,61.64
79.78,79.78,68.38,71.01,60.08
79.96,79.96,68.21,70.98,58.99
80.79,80.79,69.53,71.03,58.81
80.53,80.53,66.24,71.03,57.05
77.13,77.13,72.71,71.63,58.65
69.92,69.92,75.28,69.21,58.65
72.10,72.10,74.95,64.96,56.84
70.29,70.29,75.13,65.71,61.69
70.68,70.68,78.61,69.06,56.56
72.23,72.23,78.62,65.61,57.30
73.52,73.52,76.74,64.86,58.27
72.86,72.86,80.24,68.13,57.77
70.90,70.90,76.14,69.55,59.53
69.97,69.97,81.58,70.47,60.01
69.45,69.45,75.40,70.34,57.76
70.14,70.14,80.47,69.19,60.35
70.19,70.19,73.23,69.66,60.20
69.77,69.77,82.52,69.47,58.90
70.06,70.06,72.25,69.95,58.75
69.90,69.90,80.19,66.67,58.58
70.97,70.97,75.20,56.36,57.75
71.06,71.06,78.18,62.40,58.88
71.61,71.61,85.27,71.05,60.17
75.18,75.18,83.37,67.42,60.10
72.39,72.39,78.94,69.54,60.37
70.86,70.86,76.63,68.69,61.71
72.91,72.91,66.80,67.80,60.95
74.55,74.55,68.91,67.22,59.85
74.75,74.75,69.50,69.08,59.75
75.94,75.94,71.44,68.09,59.78
74.94,74.94,69.66,69.98,58.76
72.15,72.15,77.33,72.33,59.20
74.23,74.23,73.09,72.32,59.28
73.61,73.61,68.34,68.69,57.83
75.12,75.12,72.04,71.25,58.60
76.55,76.55,68.89,70.62,59.79
75.12,75.12,69.45,71.71,60.52
73.42,73.42,71.19,70.72,65.71
72.40,72.40,71.43,74.21,67.03
70.76,70.76,72.68,74.46,64.18
72.97,72.97,67.31,74.08,63.69
71.98,71.98,71.00,73.99,60.78
74.35,74.35,55.87,70.97,60.01
74.97,74.97,61.38,69.02,60.91
74.27,74.27,59.99,73.59,61.03
72.67,72.67,68.95,74.98,61.79
72.57,72.57,67.75,74.14,60.02
69.81,69.81,70.38,75.25,61.22
66.70,66.70,71.15,72.75,59.66
66.52,66.52,66.82,71.31,56.79
67.06,67.06,78.69,70.78,58.86
67.53,67.53,84.39,64.35,56.39
71.78,71.78,82.75,61.22,55.53
71.44,71.44,80.22,64.68,55.72
72.94,72.94,74.13,67.41,58.16
71.24,71.24,70.20,65.41,59.84
69.83,69.83,68.22,65.20,58.57
65.91,65.91,68.62,69.86,57.90
67.40,67.40,65.28,71.17,56.26
68.86,68.86,69.28,72.31,59.28
69.01,69.01,69.09,70.76,62.43
73.06,73.06,64.11,66.67,62.24
75.21,75.21,62.28,68.05,60.87
77.41,77.41,60.52,67.88,61.05
78.20,78.20,67.71,69.92,60.66
79.15,79.15,69.50,70.97,60.39
76.00,76.00,67.50,73.68,60.44
75.48,75.48,68.84,71.48,59.71
74.77,74.77,64.55,71.12,57.17
76.99,76.99,63.75,73.12,57.59
75.60,75.60,54.89,70.32,59.05
76.72,76.72,53.58,69.65,56.99
76.76,76.76,61.99,71.01,55.57
78.64,78.64,69.32,73.59,56.59
79.64,79.64,66.41,70.75,54.04
79.24,79.24,65.00,72.82,54.30
79.61,79.61,63.74,72.42,57.76
79.85,79.85,57.70,70.05,59.11
80.69,80.69,67.65,69.25,57.34
79.58,79.58,77.15,68.97,59.17
78.13,78.13,85.00,66.84,62.71
77.49,77.49,81.76,63.98,62.61
76.13,76.13,78.06,69.51,60.39
73.34,73.34,69.44,72.13,58.06
67.75,67.75,68.82,71.00,58.33
63.71,63.71,70.68,70.99,61.75
63.29,63.29,66.55,72.27,61.35
61.53,61.53,68.72,74.11,60.37
63.25,63.25,63.73,72.58,60.59
63.20,63.20,63.73,72.73,61.08
61.41,61.41,69.71,71.92,60.58
60.04,60.04,69.12,73.73,58.01
62.23,62.23,73.17,73.35,54.89
67.26,67.26,77.73,70.36,56.77
75.22,75.22,80.99,59.87,55.88
75.48,75.48,73.86,70.50,55.73
76.13,76.13,71.58,73.35,57.08
76.20,76.20,70.10,74.13,56.72
76.82,76.82,67.02,74.00,57.42
76.94,76.94,70.54,74.64,59.03
76.19,76.19,70.47,73.66,58.60
77.04,77.04,67.73,75.37,59.91
77.41,77.41,67.64,74.94,58.82
77.58,77.58,70.23,73.05,58.96
77.69,77.69,71.50,74.38,59.83
78.11,78.11,67.78,74.51,59.30
76.51,76.51,69.63,72.57,58.28
76.29,76.29,75.82,69.53,61.10
73.24,73.24,81.15,67.66,60.81
67.02,67.02,84.55,71.46,61.58
69.09,69.09,82.15,68.87,60.31
70.97,70.97,71.74,70.05,60.41
71.12,71.12,72.16,70.02,61.03
71.07,71.07,70.30,69.83,59.64
67.55,67.55,72.39,69.83,58.93
67.49,67.49,66.26,72.54,59.04
64.96,64.96,70.73,70.45,59.65
62.78,62.78,64.10,70.83,60.18
63.09,63.09,71.70,69.57,61.14
61.17,61.17,73.42,70.67,60.88
61.69,61.69,72.02,67.70,58.89
64.57,64.57,70.21,71.41,59.31
67.39,67.39,78.71,68.43,60.60
68.87,68.87,76.74,65.47,55.87
73.98,73.98,79.27,66.54,56.31
75.38,75.38,80.30,71.29,56.53
77.03,77.03,79.11,69.48,56.10
76.80,76.80,79.81,73.30,55.86
74.35,74.35,75.05,71.67,57.03
73.49,73.49,78.27,70.10,58.84
72.69,72.69,78.01,70.22,58.76
74.55,74.55,78.50,72.26,61.09
72.79,72.79,79.16,71.03,59.35
72.99,72.99,77.82,72.54,61.14
74.49,74.49,78.12,69.47,60.16
73.46,73.46,80.49,69.09,59.70
72.65,72.65,75.30,65.66,61.10
70.83,70.83,85.73,69.10,61.73
71.51,71.51,81.16,67.63,59.82
73.43,73.43,78.71,66.42,62.36
74.87,74.87,70.22,70.20,61.55
73.69,73.69,68.52,71.10,61.45
74.76,74.76,71.41,70.60,61.61
76.05,76.05,68.48,70.25,61.61
73.01,73.01,68.18,71.54,61.74
73.80,73.80,73.85,71.48,60.93
75.29,75.29,65.29,71.49,60.22
73.45,73.45,73.48,71.81,61.28
74.81,74.81,63.05,71.45,62.17
75.77,75.77,73.17,71.49,60.35
76.49,76.49,62.83,72.93,64.01
77.40,77.40,68.14,72.07,62.93
76.71,76.71,68.57,62.69,66.90
78.17,78.17,65.47,63.92,65.44
77.55,77.55,62.23,55.37,65.11
76.81,76.81,64.53,55.14,64.78
77.10,77.10,57.55,54.55,62.98
77.35,77.35,62.52,51.98,61.67
77.39,77.39,66.25,57.75,65.31
77.61,77.61,63.87,53.07,61.33
76.34,76.34,62.51,51.83,61.00
75.76,75.76,58.14,55.23,64.40
76.99,76.99,60.68,59.27,59.19
76.50,76.50,62.85,53.08,58.73
76.11,76.11,67.54,50.36,56.89
74.90,74.90,78.37,64.96,54.80
74.79,74.79,85.73,66.29,52.78
73.98,73.98,82.36,70.76,55.83
72.25,72.25,75.03,69.34,57.36
71.36,71.36,74.08,67.48,56.96
74.33,74.33,70.16,69.49,55.88
76.20,76.20,68.65,69.63,56.69
75.75,75.75,65.48,67.99,56.66
75.47,75.47,65.14,68.76,58.89
73.66,73.66,70.89,69.81,59.80
74.34,74.34,67.07,68.90,59.33
74.79,74.79,71.95,68.76,58.99
74.66,74.66,74.28,70.13,61.16
74.75,74.75,74.21,70.15,60.44
74.13,74.13,72.94,69.18,61.11
74.03,74.03,72.90,69.27,61.05
74.94,74.94,65.32,69.77,62.29
75.20,75.20,67.62,69.99,59.98
75.33,75.33,66.20,71.22,59.53
75.81,75.81,57.67,69.74,60.88
76.15,76.15,59.75,70.99,61.83
76.32,76.32,66.16,71.04,60.46
75.23,75.23,66.45,70.58,61.55
73.52,73.52,60.01,71.09,62.94
67.83,67.83,63.69,70.96,62.05
62.43,62.43,69.28,69.45,62.58
59.18,59.18,67.59,68.15,63.96
53.91,53.91,61.32,71.13,63.82
56.27,56.27,67.43,72.48,66.15
56.89,56.89,73.12,74.35,65.34
53.70,53.70,84.50,69.10,63.03
57.76,57.76,83.91,66.87,62.02
60.36,60.36,78.51,69.80,62.58
63.20,63.20,76.89,69.41,61.03
62.50,62.50,75.17,70.44,60.05
54.33,54.33,68.83,69.98,59.23
50.05,50.05,65.10,70.20,62.09
51.17,51.17,72.55,70.09,60.11
47.91,47.91,66.50,69.55,59.78
54.37,54.37,63.27,69.71,60.60
44.10,44.10,71.10,71.17,62.11
44.30,44.30,72.74,72.01,60.03
44.83,44.83,69.57,71.94,55.56
37.75,37.75,75.35,71.45,57.22
33.40,33.40,82.54,69.47,56.27
40.08,40.08,76.65,70.85,57.09
43.80,43.80,71.87,70.86,60.39
43.55,43.55,70.14,69.50,63.32
48.13,48.13,72.46,70.44,64.78
48.41,48.41,72.04,70.77,63.34
51.43,51.43,74.18,70.76,64.04
53.08,53.08,73.48,69.86,64.10
48.82,48.82,74.40,70.15,65.03
45.77,45.77,72.56,70.70,65.61
47.11,47.11,73.88,69.85,66.81
50.48,50.48,72.16,69.15,66.14
53.28,53.28,72.24,70.27,64.38
56.57,56.57,71.30,71.33,63.01
55.16,55.16,79.87,74.01,64.15
51.85,51.85,85.41,65.78,63.15
51.12,51.12,83.04,65.33,61.46
46.81,46.81,77.37,67.65,63.89
46.87,46.87,69.55,69.38,63.32
47.18,47.18,63.42,68.44,61.30
47.78,47.78,69.39,68.32,62.21
49.59,49.59,74.81,69.46,62.58
50.14,50.14,69.97,70.83,63.71
53.48,53.48,70.05,71.26,64.58
54.08,54.08,71.79,70.88,64.24
56.14,56.14,63.42,68.53,63.91
53.76,53.76,67.41,67.13,63.76
55.16,55.16,73.25,69.52,64.59
58.28,58.28,77.22,66.47,63.35
57.57,57.57,79.69,67.74,65.97
62.41,62.41,79.53,66.45,64.97
63.31,63.31,78.19,66.04,64.55
64.26,64.26,77.79,67.22,66.19
66.96,66.96,81.20,65.43,66.30
62.57,62.57,77.01,65.94,65.32
48.49,48.49,80.64,68.16,65.93
51.30,51.30,77.72,68.42,66.13
46.54,46.54,81.50,67.74,66.10
47.84,47.84,78.31,66.82,66.11
48.57,48.57,80.87,64.82,66.40
53.30,53.30,78.63,68.26,64.81
56.38,56.38,79.09,62.72,65.48
66.92,66.92,81.43,62.31,66.27
70.70,70.70,83.83,67.43,63.90
72.05,72.05,85.02,65.60,59.98
72.66,72.66,77.58,65.41,62.11
72.85,72.85,74.67,66.26,61.89
74.86,74.86,73.02,65.42,61.62
74.24,74.24,66.86,65.11,59.53
73.36,73.36,77.12,65.30,59.21
75.55,75.55,71.48,67.05,61.14
75.45,75.45,73.49,70.26,61.72
76.66,76.66,72.07,70.67,62.24
76.92,76.92,69.71,70.86,62.69
75.99,75.99,74.50,70.87,62.85
72.11,72.11,67.63,69.45,62.80
67.65,67.65,73.51,67.44,64.68
70.56,70.56,67.99,66.49,66.87
70.40,70.40,73.32,67.59,68.38
72.74,72.74,66.87,66.42,66.93
72.99,72.99,70.33,67.68,65.20
72.54,72.54,72.00,68.26,63.40
74.94,74.94,65.49,67.98,61.11
75.90,75.90,74.29,68.04,61.35
75.69,75.69,68.07,67.62,61.80
75.17,75.17,72.13,67.75,63.44
74.59,74.59,72.10,67.26,64.10
72.63,72.63,69.99,66.77,64.56
71.18,71.18,74.02,68.09,63.99
71.78,71.78,67.34,66.25,62.79
70.51,70.51,71.55,64.74,57.49
68.84,68.84,76.44,68.07,55.84
67.41,67.41,82.06,67.19,58.63
70.65,70.65,84.54,61.80,61.11
74.00,74.00,79.67,61.86,64.28
73.44,73.44,76.22,61.67,63.81
73.25,73.25,74.16,59.12,66.09
73.12,73.12,66.71,63.04,65.43
73.24,73.24,73.74,65.00,66.97
72.20,72.20,70.27,61.26,67.30
72.49,72.49,75.08,64.21,65.61
72.60,72.60,74.09,61.24,65.43
72.94,72.94,72.70,58.64,64.79
72.95,72.95,61.93,63.08,63.58
70.12,70.12,63.92,60.24,63.80
66.11,66.11,67.84,59.19,63.71
66.92,66.92,65.76,64.15,67.14
68.17,68.17,71.64,61.25,66.96
66.60,66.60,74.26,64.08,68.50
68.82,68.82,74.27,61.59,65.92
72.79,72.79,75.54,62.31,66.95
73.49,73.49,76.39,63.67,66.86
73.39,73.39,75.08,64.83,66.38
73.23,73.23,73.71,61.18,67.99
73.36,73.36,73.91,60.57,66.38
73.21,73.21,72.02,61.66,63.30
71.14,71.14,73.25,64.60,62.96
74.24,74.24,71.24,62.91,65.21
73.80,73.80,68.80,63.18,62.71
74.95,74.95,69.12,61.59,64.31
75.75,75.75,68.53,60.30,64.16
74.95,74.95,76.55,68.36,65.13
74.27,74.27,84.99,65.46,65.33
69.79,69.79,81.31,59.24,64.09
72.68,72.68,80.09,56.08,64.81
72.25,72.25,75.14,62.72,64.82
72.24,72.24,72.79,64.31,66.07
72.02,72.02,65.15,66.57,63.68
72.04,72.04,68.17,68.56,62.87
73.27,73.27,74.49,69.74,63.80
74.39,74.39,61.48,70.18,61.74
72.84,72.84,69.82,70.79,61.76
72.96,72.96,65.89,69.74,62.59
72.34,72.34,60.33,65.29,61.52
68.12,68.12,69.55,59.36,61.91
68.65,68.65,77.08,66.76,63.60
66.22,66.22,76.14,69.96,62.97
72.75,72.75,74.65,64.87,64.99
71.15,71.15,78.51,69.21,64.88
72.62,72.62,80.19,71.31,63.78
72.41,72.41,76.67,70.51,64.97
72.25,72.25,80.13,69.01,63.49
72.06,72.06,77.26,68.78,64.72
66.72,66.72,79.47,69.63,64.44
67.13,67.13,76.49,69.03,64.57
65.65,65.65,80.91,68.84,63.48
64.20,64.20,75.97,69.47,62.65
62.63,62.63,80.07,70.07,61.23
62.46,62.46,74.52,66.15,58.92
60.18,60.18,81.58,65.05,58.18
61.40,61.40,84.43,70.24,59.36
72.27,72.27,82.81,67.82,56.11
73.58,73.58,77.92,67.54,58.05
73.69,73.69,76.38,69.82,57.60
74.14,74.14,70.56,70.36,56.31
73.61,73.61,72.30,70.28,56.71
72.95,72.95,73.99,70.29,58.42
72.72,72.72,69.58,70.86,57.05
73.03,73.03,72.98,69.61,57.96
73.68,73.68,72.69,69.84,59.31
75.51,75.51,71.57,71.57,59.83
76.62,76.62,74.22,72.35,60.07
75.21,75.21,67.07,72.23,60.55
74.63,74.63,69.28,72.05,60.02
74.74,74.74,71.47,73.01,61.81
75.23,75.23,71.01,72.19,64.86
75.27,75.27,70.85,69.87,63.98
74.26,74.26,69.97,70.59,63.45
71.83,71.83,65.97,70.48,62.46
71.60,71.60,65.63,69.28,62.93
65.57,65.57,70.50,71.15,61.91
66.86,66.86,66.58,71.70,61.37
66.32,66.32,73.17,69.15,60.71
65.52,65.52,73.55,69.32,60.99
63.45,63.45,71.70,70.89,59.97
60.85,60.85,70.21,67.62,60.45
58.13,58.13,72.11,63.02,61.18
57.07,57.07,70.65,65.70,61.49
57.75,57.75,83.30,66.91,63.61
62.96,62.96,83.42,70.23,65.73
70.64,70.64,78.81,72.47,66.24
73.79,73.79,76.91,73.92,65.57
77.70,77.70,69.18,72.44,64.63
76.57,76.57,61.32,71.66,66.95
77.31,77.31,68.28,72.07,66.81
76.71,76.71,69.30,70.98,65.96
78.13,78.13,72.72,72.85,66.44
78.14,78.14,68.96,71.81,65.46
77.84,77.84,69.79,72.07,64.22
76.45,76.45,71.77,72.95,62.46
70.73,70.73,69.38,74.02,62.25
67.30,67.30,73.50,73.72,61.37
68.42,68.42,70.76,75.12,64.17
70.01,70.01,62.76,76.41,65.10
65.19,65.19,73.06,74.69,65.76
73.02,73.02,72.80,73.81,64.03
78.99,78.99,71.19,74.62,65.12
77.87,77.87,70.19,73.34,61.78
77.38,77.38,69.40,73.27,63.31
78.80,78.80,67.11,74.37,63.03
78.33,78.33,69.29,73.98,63.13
76.99,76.99,69.57,75.10,61.86
76.72,76.72,73.60,75.95,62.84
76.54,76.54,73.60,73.93,60.79
76.50,76.50,72.17,74.45,58.47
76.74,76.74,72.17,74.69,58.02
76.03,76.03,75.06,74.13,57.61
74.66,74.66,79.67,76.31,58.07
71.19,71.19,83.18,67.40,56.44
71.56,71.56,81.41,68.85,58.60
70.84,70.84,77.03,71.24,58.93
70.95,70.95,75.74,72.25,59.88
69.39,69.39,67.88,72.39,61.20
66.66,66.66,66.84,73.92,63.38
68.24,68.24,67.39,74.28,64.25
65.36,65.36,63.27,74.71,66.26
62.40,62.40,66.92,74.97,65.27
65.42,65.42,73.15,74.43,65.85
68.53,68.53,65.49,74.42,65.93
67.10,67.10,64.02,76.09,65.20
68.47,68.47,66.10,74.72,64.56
68.39,68.39,65.15,73.99,62.33
69.22,69.22,69.58,75.50,61.91
75.41,75.41,64.06,75.23,62.97
75.00,75.00,61.75,73.71,60.69
76.34,76.34,59.86,74.42,58.28
75.66,75.66,54.31,74.16,59.15
75.34,75.34,55.43,74.70,57.19
74.86,74.86,54.78,76.03,57.71
74.34,74.34,59.61,75.00,60.00
73.94,73.94,62.76,73.65,60.96
74.37,74.37,57.77,75.19,59.98
74.30,74.30,68.02,74.02,59.87
74.87,74.87,66.81,73.23,62.35
73.37,73.37,68.29,74.20,60.25
73.02,73.02,71.06,72.80,61.58
72.51,72.51,78.00,72.68,61.13
72.67,72.67,84.54,71.11,63.87
74.16,74.16,81.76,69.84,60.41
74.45,74.45,75.85,69.82,59.89
74.60,74.60,71.41,71.71,59.28
75.24,75.24,65.09,70.61,61.07
74.84,74.84,66.91,71.45,59.87
73.77,73.77,74.03,72.90,57.20
73.68,73.68,64.55,71.50,58.71
73.10,73.10,70.16,71.86,59.29
73.00,73.00,66.54,71.54,57.21
72.74,72.74,64.85,72.01,56.43
72.48,72.48,70.07,72.34,52.31
67.40,67.40,76.63,71.89,55.36
67.72,67.72,78.78,69.31,54.29
71.53,71.53,76.07,71.31,54.34
72.78,72.78,72.77,72.14,55.51
73.64,73.64,72.46,71.61,54.98
72.88,72.88,72.64,72.33,54.56
73.09,73.09,67.93,72.68,55.24
74.61,74.61,71.46,71.65,55.51
74.68,74.68,72.23,72.99,55.39
75.69,75.69,68.76,73.13,55.50
76.91,76.91,70.26,71.86,55.19
77.80,77.80,73.40,73.44,57.62
77.99,77.99,72.83,72.77,55.36
78.26,78.26,70.68,71.83,58.86
75.53,75.53,68.96,74.27,60.29
68.39,68.39,69.37,75.46,60.89
67.94,67.94,83.78,73.04,59.01
70.74,70.74,84.35,69.38,58.36
70.82,70.82,77.99,70.13,59.06
72.27,72.27,73.29,71.47,57.25
72.11,72.11,71.19,72.08,56.34
71.43,71.43,71.91,71.65,56.47
70.28,70.28,68.82,72.89,56.38
70.61,70.61,68.21,74.07,56.79
71.11,71.11,72.64,73.26,55.34
70.56,70.56,63.68,73.17,55.92
70.43,70.43,72.08,70.95,56.11
70.65,70.65,71.38,63.30,57.30
72.23,72.23,69.44,73.31,58.35
71.45,71.45,73.45,65.68,60.19
70.30,70.30,72.27,64.46,59.46
70.62,70.62,76.93,66.38,62.36
72.63,72.63,76.45,71.79,61.05
73.50,73.50,80.86,70.34,61.33
75.17,75.17,76.60,67.40,62.13
75.63,75.63,78.09,68.74,60.72
73.62,73.62,77.64,70.65,60.02
73.41,73.41,77.73,70.37,59.35
74.27,74.27,78.46,69.46,56.72
75.29,75.29,80.48,69.77,59.07
76.30,76.30,78.43,68.53,60.97
76.43,76.43,79.54,63.56,62.52
77.11,77.11,78.75,62.53,61.31
76.05,76.05,78.90,63.70,62.30
72.79,72.79,81.34,66.45,65.34
72.07,72.07,84.31,65.44,67.16
71.10,71.10,82.20,65.97,66.45
67.79,67.79,76.60,67.21,66.56
59.04,59.04,70.17,67.82,67.18
62.25,62.25,71.58,67.50,65.31
62.37,62.37,74.96,68.54,65.18
68.07,68.07,74.15,69.05,63.87
69.23,69.23,69.85,71.94,65.68
66.83,66.83,74.29,70.53,66.55
66.07,66.07,73.82,70.10,67.46
63.44,63.44,76.10,68.41,66.08
62.16,62.16,71.30,70.58,66.26
61.38,61.38,77.97,68.84,67.00
68.13,68.13,73.31,71.21,66.80
67.54,67.54,67.80,70.98,64.96
75.11,75.11,69.17,69.63,66.32
77.14,77.14,64.02,69.85,63.71
77.77,77.77,70.98,70.07,63.88
78.41,78.41,61.32,69.18,62.20
78.17,78.17,69.75,70.29,60.21
77.47,77.47,72.94,73.21,60.83
73.98,73.98,69.62,71.87,60.16
73.12,73.12,72.53,73.80,62.56
72.48,72.48,70.22,72.01,63.74
71.92,71.92,62.95,70.75,63.50
72.13,72.13,58.94,71.81,61.98
71.50,71.50,68.20,70.95,60.17
70.11,70.11,77.98,69.08,59.50
66.51,66.51,82.76,71.20,59.33
65.14,65.14,84.98,66.46,57.94
67.93,67.93,79.21,67.12,59.38
67.90,67.90,79.04,65.25,60.64
69.47,69.47,71.37,68.46,64.44
71.11,71.11,70.11,68.82,64.10
70.72,70.72,71.96,68.61,62.99
72.56,72.56,72.12,69.53,64.71
66.02,66.02,72.83,70.13,64.35
65.28,65.28,72.29,70.48,63.83
60.70,60.70,74.62,71.08,64.51
61.65,61.65,66.70,70.57,64.56
58.86,58.86,72.69,70.05,63.58
59.68,59.68,75.39,71.81,62.53
65.31,65.31,74.22,69.19,62.94
73.46,73.46,74.00,66.36,61.51
74.78,74.78,70.32,70.09,63.13
75.71,75.71,70.44,70.17,62.16
75.63,75.63,70.47,70.61,63.63
76.01,76.01,69.44,70.05,62.87
76.67,76.67,63.09,69.31,60.98
77.55,77.55,57.11,66.60,62.64
78.29,78.29,57.09,66.81,60.98
78.62,78.62,66.55,70.41,59.93
78.73,78.73,71.65,71.36,60.21
78.45,78.45,71.80,73.41,57.77
78.21,78.21,71.70,72.58,59.88
77.90,77.90,73.63,69.62,58.96
76.40,76.40,75.15,65.09,59.43
75.25,75.25,79.38,67.63,60.20
73.53,73.53,82.74,61.92,60.70
74.01,74.01,81.63,63.10,62.94
74.12,74.12,76.91,63.00,62.38
72.74,72.74,69.13,63.79,59.88
71.57,71.57,70.62,59.07,62.10
66.77,66.77,66.27,62.18,63.84
67.07,67.07,73.08,68.64,61.08
63.08,63.08,63.84,69.24,60.87
55.93,55.93,72.49,70.07,62.02
55.55,55.55,74.20,72.87,63.25
57.78,57.78,69.69,71.50,62.21
59.00,59.00,61.76,64.03,61.10
58.62,58.62,70.93,63.09,62.25
64.02,64.02,79.83,71.75,62.23
68.90,68.90,77.05,69.44,61.00
75.61,75.61,73.21,74.27,61.36
73.93,73.93,73.22,74.95,63.03
74.13,74.13,68.84,73.57,62.68
73.97,73.97,67.05,73.27,60.50
74.83,74.83,67.76,71.87,64.37
74.27,74.27,69.92,74.47,64.17
74.30,74.30,72.51,74.29,63.81
74.47,74.47,69.81,72.69,64.70
74.30,74.30,66.10,74.76,64.75
74.94,74.94,66.87,73.46,64.33
75.37,75.37,72.85,72.12,64.25
75.55,75.55,70.00,73.59,64.27
75.13,75.13,70.76,75.03,64.28
72.68,72.68,84.62,73.31,64.86
71.95,71.95,82.02,70.10,62.89
72.34,72.34,80.61,69.96,63.19
73.00,73.00,72.50,68.36,60.29
73.29,73.29,70.48,67.51,59.80
73.05,73.05,70.54,71.47,60.36
73.25,73.25,67.04,68.93,61.33
74.21,74.21,68.20,68.77,61.35
74.45,74.45,71.17,67.97,60.17
71.36,71.36,67.28,69.39,62.30
63.23,63.23,54.94,71.51,62.28
59.56,59.56,63.07,71.07,64.68
58.75,58.75,67.69,71.19,61.52
58.77,58.77,74.14,66.68,60.36
60.79,60.79,76.98,69.63,59.49
67.12,67.12,78.37,68.75,63.86
75.74,75.74,78.28,68.86,63.61
71.80,71.80,79.74,68.96,63.06
74.34,74.34,75.28,70.86,64.77
74.29,74.29,78.26,69.67,65.71
73.82,73.82,76.44,70.13,63.81
74.11,74.11,77.10,71.18,63.24
74.22,74.22,78.79,72.97,64.45
73.57,73.57,73.45,72.03,62.28
73.90,73.90,78.82,73.17,63.70
73.77,73.77,75.01,70.09,62.79
73.91,73.91,76.47,68.54,60.70
74.56,74.56,78.41,69.51,61.92
73.10,73.10,82.25,70.36,60.97
73.23,73.23,83.72,64.20,62.38
68.97,68.97,84.09,69.38,62.28
60.00,60.00,77.96,72.60,62.40
58.96,58.96,68.62,69.82,60.94
58.63,58.63,74.38,72.02,64.31
64.15,64.15,71.43,69.84,64.35
65.70,65.70,71.28,69.00,62.06
65.44,65.44,73.60,70.84,66.00
66.35,66.35,71.87,71.47,67.59
65.37,65.37,74.14,72.06,64.81
65.56,65.56,71.16,71.29,65.74
64.81,64.81,67.39,69.30,65.23
64.18,64.18,75.59,70.65,63.76
66.44,66.44,67.98,71.19,65.19
66.24,66.24,72.00,70.41,65.54
64.35,64.35,69.83,71.17,67.68
78.64,78.64,67.80,69.78,65.21
76.50,76.50,68.65,68.72,61.87
75.47,75.47,68.43,64.86,61.18
75.89,75.89,61.11,61.41,62.77
75.59,75.59,71.61,59.43,61.89
73.98,73.98,64.01,62.03,59.57
73.57,73.57,62.78,62.61,60.62
73.11,73.11,65.82,63.67,60.95
74.30,74.30,63.73,63.99,60.66
74.98,74.98,63.08,62.14,60.03
74.80,74.80,65.01,60.47,59.75
74.78,74.78,71.98,61.12,56.96
71.90,71.90,82.49,65.49,60.14
73.27,73.27,86.03,65.42,58.96
74.81,74.81,79.43,67.25,58.75
73.33,73.33,75.34,70.45,60.25
72.62,72.62,72.84,69.85,62.71
74.76,74.76,67.22,69.56,60.78
74.74,74.74,70.86,70.40,59.71
73.98,73.98,73.29,71.23,60.78
73.60,73.60,71.97,71.01,61.90
73.76,73.76,73.38,71.11,62.06
74.43,74.43,71.41,72.02,64.98
75.09,75.09,65.99,72.35,64.28
74.75,74.75,61.59,72.32,65.41
74.70,74.70,64.40,71.25,66.91
74.65,74.65,66.58,70.24,66.73
74.12,74.12,68.12,69.54,66.06
73.76,73.76,70.09,69.07,66.11
74.09,74.09,71.66,70.45,63.85
73.99,73.99,72.24,70.45,64.86
74.14,74.14,75.20,69.41,64.21
74.52,74.52,75.26,69.66,64.19
74.77,74.77,74.00,68.39,65.57
75.57,75.57,74.23,68.88,66.47
75.73,75.73,74.07,67.39,66.86
76.00,76.00,74.25,67.00,67.74
76.14,76.14,75.12,66.35,68.62
75.31,75.31,72.48,67.24,70.04
73.23,73.23,75.21,66.60,69.45
71.20,71.20,74.43,62.38,68.88
68.73,68.73,79.14,67.74,65.13
65.24,65.24,85.56,67.39,65.68
67.80,67.80,79.72,64.62,65.08
67.36,67.36,75.19,69.00,63.43
66.91,66.91,74.10,67.60,64.48
64.07,64.07,67.70,67.57,66.29
63.65,63.65,70.70,67.85,66.41
62.47,62.47,68.67,67.50,65.06
60.02,60.02,62.48,68.84,66.33
57.72,57.72,71.38,69.54,68.08
57.64,57.64,68.90,70.08,68.80
58.29,58.29,65.81,70.34,68.52
55.85,55.85,70.86,68.93,67.47
55.70,55.70,71.98,68.59,66.59
54.71,54.71,76.52,62.33,66.52
53.66,53.66,81.10,66.19,65.61
55.95,55.95,73.71,66.10,64.55
57.10,57.10,71.76,67.21,66.49
55.95,55.95,71.15,69.13,67.30
54.93,54.93,72.26,67.65,68.59
55.98,55.98,74.25,66.52,69.59
54.39,54.39,73.85,68.90,69.15
54.28,54.28,73.22,67.54,68.75
56.10,56.10,69.18,67.59,69.86
56.52,56.52,65.90,67.97,68.74
56.13,56.13,62.89,67.63,68.29
54.93,54.93,63.67,67.97,69.04
55.67,55.67,66.20,67.55,68.01
57.20,57.20,70.99,63.02,70.11
57.21,57.21,78.85,58.07,69.12
53.39,53.39,85.91,69.37,68.61
50.74,50.74,81.32,65.59,67.37
49.73,49.73,75.95,70.07,65.63
50.73,50.73,72.66,68.94,65.51
49.81,49.81,70.94,71.40,66.98
49.89,49.89,69.95,72.60,68.29
50.16,50.16,68.30,71.78,67.34
49.25,49.25,72.18,69.37,66.58
47.79,47.79,70.01,69.84,66.89
45.41,45.41,69.09,69.95,65.26
42.22,42.22,68.10,69.33,65.84
35.34,35.34,65.77,68.12,65.59
34.44,34.44,69.23,61.66,65.82
34.17,34.17,75.84,64.15,67.33
40.18,40.18,78.87,65.15,67.93
48.42,48.42,77.59,63.67,67.60
54.16,54.16,73.13,64.77,68.59
57.57,57.57,79.97,68.34,68.35
56.59,56.59,79.69,64.91,67.69
57.39,57.39,81.08,64.95,67.63
58.19,58.19,75.72,68.14,67.69
58.22,58.22,81.40,66.73,66.78
60.04,60.04,76.00,64.94,67.50
61.69,61.69,82.04,68.19,67.69
62.95,62.95,76.84,68.02,66.74
65.07,65.07,77.49,65.91,65.76
65.58,65.58,80.27,67.78,65.54
67.59,67.59,79.86,68.87,65.80
66.89,66.89,86.07,66.43,64.66
65.92,65.92,81.58,66.96,65.20
63.78,63.78,81.18,67.46,63.92
60.73,60.73,79.19,68.16,65.01
59.58,59.58,71.79,69.58,64.90
57.89,57.89,78.39,70.91,64.59
54.79,54.79,73.50,70.35,64.36
57.04,57.04,70.82,68.92,66.10
59.18,59.18,75.13,69.31,65.79
61.23,61.23,73.48,70.30,67.39
61.47,61.47,76.22,69.86,66.52
64.08,64.08,73.55,68.85,66.03
67.36,67.36,72.44,70.93,63.89
78.50,78.50,76.47,70.46,63.74
77.15,77.15,68.98,68.81,63.84
76.88,76.88,72.79,67.97,64.05
75.77,75.77,63.69,67.13,64.76
77.91,77.91,71.76,69.07,63.45
78.55,78.55,73.69,67.76,62.41
76.92,76.92,64.84,65.87,62.59
76.30,76.30,73.05,67.95,62.02
76.45,76.45,71.10,66.35,63.04
74.17,74.17,71.54,66.28,63.12
74.75,74.75,72.26,65.67,63.47
75.32,75.32,68.51,63.03,62.42
75.67,75.67,74.25,64.12,61.83
74.83,74.83,69.15,59.59,61.60
71.28,71.28,71.97,60.26,58.66
67.86,67.86,78.33,69.51,62.87
67.93,67.93,82.92,73.50,59.08
69.57,69.57,84.09,70.05,61.46
71.78,71.78,77.59,70.73,62.05
71.95,71.95,72.63,70.55,60.79
71.57,71.57,66.97,70.38,61.78
71.47,71.47,73.22,71.36,63.52
71.96,71.96,72.14,72.83,62.81
72.16,72.16,67.85,71.61,61.89
72.82,72.82,65.60,69.99,61.38
74.41,74.41,67.80,71.55,62.60
72.68,72.68,65.74,72.20,63.00
70.21,70.21,75.11,73.32,62.15
70.64,70.64,76.12,72.71,62.29
70.74,70.74,73.43,72.88,64.84
69.40,69.40,74.35,73.29,67.66
71.92,71.92,67.74,71.56,66.30
71.67,71.67,67.56,72.31,66.03
75.55,75.55,63.41,74.35,66.40
74.19,74.19,62.16,73.01,65.04
73.87,73.87,61.10,72.40,64.83
73.98,73.98,58.81,72.44,66.23
74.34,74.34,57.53,72.26,64.60
73.64,73.64,51.28,72.19,66.47
64.88,64.88,55.78,71.83,66.01
63.08,63.08,50.50,71.92,66.16
62.17,62.17,54.51,72.51,66.31
63.88,63.88,61.52,72.24,64.63
65.27,65.27,61.86,71.93,65.06
68.01,68.01,72.68,71.91,66.06
71.42,71.42,86.03,65.06,63.93
70.11,70.11,83.28,67.42,62.39
73.92,73.92,80.08,65.18,62.37
74.24,74.24,66.66,69.03,60.95
73.84,73.84,65.08,68.74,61.19
72.95,72.95,65.26,68.49,61.41
71.55,71.55,71.55,69.27,62.42
73.46,73.46,63.28,68.62,60.97
72.70,72.70,66.09,67.79,60.65
74.80,74.80,61.74,67.12,61.11
72.99,72.99,70.13,68.16,59.01
71.88,71.88,67.00,68.04,61.30
72.07,72.07,62.35,66.33,60.13
73.69,73.69,68.98,62.59,66.13
73.70,73.70,63.95,70.48,66.91
73.49,73.49,58.73,76.27,65.94
73.76,73.76,61.48,72.09,65.28
72.87,72.87,58.49,72.70,64.35
74.06,74.06,66.12,72.12,63.73
73.12,73.12,70.13,72.12,61.00
68.44,68.44,80.48,72.05,61.85
65.46,65.46,76.56,71.20,61.53
66.24,66.24,72.17,71.63,63.30
65.74,65.74,67.95,72.48,63.51
64.19,64.19,66.62,73.24,63.03
62.69,62.69,67.62,72.84,64.24
65.74,65.74,68.73,67.98,59.75
73.22,73.22,78.26,69.28,62.41
71.88,71.88,85.22,70.18,59.37
72.95,72.95,83.88,67.21,58.79
74.79,74.79,77.01,69.45,60.65
74.36,74.36,71.01,69.25,59.69
75.64,75.64,68.83,69.44,61.11
75.79,75.79,71.13,68.42,60.20
74.29,74.29,68.77,67.56,59.96
75.04,75.04,67.84,66.78,60.39
75.56,75.56,70.15,66.09,62.07
77.10,77.10,59.85,67.67,61.42
77.78,77.78,55.99,68.20,60.20
76.78,76.78,60.89,68.27,61.00
74.60,74.60,58.56,64.75,63.01
67.77,67.77,67.93,67.08,64.58
63.96,63.96,71.67,70.92,64.98
61.19,61.19,77.51,71.94,67.27
58.58,58.58,79.97,68.87,67.89
61.82,61.82,78.73,69.19,70.06
67.80,67.80,80.52,71.72,67.56
68.43,68.43,79.44,70.03,67.00
67.75,67.75,79.78,68.57,68.26
67.10,67.10,79.66,70.65,67.88
60.67,60.67,79.89,71.54,65.72
55.42,55.42,80.00,73.22,64.92
55.47,55.47,81.33,72.99,65.34
59.01,59.01,79.67,70.14,63.93
64.47,64.47,78.16,71.88,63.25
68.85,68.85,81.29,70.08,68.20
68.81,68.81,82.92,70.15,70.79
67.04,67.04,83.97,70.39,73.79
71.70,71.70,83.98,70.54,74.38
74.61,74.61,75.78,69.43,74.40
75.56,75.56,76.33,71.53,73.55
74.98,74.98,74.57,72.07,73.12
75.10,75.10,71.45,71.79,72.78
76.23,76.23,71.76,73.89,73.27
74.67,74.67,74.58,73.91,71.37
74.35,74.35,73.15,72.08,70.02
76.40,76.40,74.28,72.82,69.95
77.00,77.00,74.11,73.38,69.30
75.57,75.57,72.60,71.61,69.37
74.59,74.59,74.15,71.58,66.46
77.10,77.10,71.75,70.84,66.82
76.90,76.90,70.28,71.11,67.86
79.21,79.21,70.02,70.11,65.50
76.06,76.06,70.90,74.57,66.21
69.32,69.32,71.46,74.22,65.64
74.66,74.66,73.06,73.07,64.40
69.64,69.64,71.91,75.23,61.96
67.31,67.31,70.86,73.76,63.90
67.09,67.09,69.52,73.72,65.22
66.91,66.91,70.36,74.43,65.56
66.81,66.81,69.60,75.21,64.97
66.19,66.19,67.97,74.79,65.79
67.82,67.82,69.21,75.65,65.47
66.29,66.29,67.57,73.47,65.95
66.25,66.25,69.23,74.14,63.34
65.88,65.88,71.46,73.28,65.56
67.09,67.09,80.24,64.54,64.21
70.34,70.34,82.48,70.74,60.32
74.04,74.04,82.29,70.73,60.88
73.25,73.25,79.54,73.20,63.54
72.31,72.31,71.31,73.29,63.73
74.08,74.08,69.36,74.36,65.04
75.38,75.38,65.18,74.87,66.50
75.69,75.69,66.26,73.29,64.04
75.87,75.87,69.16,74.42,65.10
77.29,77.29,67.55,73.40,61.77
77.34,77.34,63.11,72.36,61.02
78.20,78.20,62.25,72.66,61.59
76.75,76.75,65.46,72.56,61.97
69.75,69.75,63.78,71.71,65.44
67.01,67.01,61.14,64.52,66.81
69.05,69.05,64.44,69.63,71.17
73.86,73.86,67.39,75.06,69.01
75.98,75.98,63.97,73.89,64.74
75.78,75.78,63.34,75.31,65.32
67.29,67.29,63.91,74.15,63.66
59.82,59.82,62.01,73.74,64.80
58.15,58.15,63.67,74.29,63.51
57.21,57.21,63.13,74.58,65.56
55.88,55.88,61.55,74.62,65.45
56.51,56.51,62.49,74.71,65.16
57.75,57.75,60.05,76.65,64.75
66.01,66.01,57.35,76.89,62.60
69.69,69.69,58.87,75.61,63.07
68.19,68.19,71.02,73.08,63.19
75.01,75.01,75.68,70.57,67.33
74.03,74.03,84.77,70.52,67.13
76.59,76.59,80.85,71.88,70.84
76.66,76.66,78.92,72.24,69.30
75.78,75.78,70.11,72.94,70.30
76.38,76.38,63.03,73.90,68.46
77.57,77.57,68.16,75.55,66.87
77.27,77.27,69.53,75.14,64.80
76.01,76.01,73.34,76.03,61.12
76.31,76.31,68.86,74.84,61.76
71.82,71.82,72.78,74.44,61.87
67.86,67.86,74.30,75.77,59.33
68.96,68.96,72.21,75.46,62.80
67.36,67.36,66.73,75.63,66.75
67.57,67.57,64.68,74.08,72.04
65.84,65.84,66.41,70.60,74.73
66.48,66.48,65.94,75.65,72.53
74.19,74.19,64.48,78.00,69.97
74.55,74.55,63.88,76.21,69.09
75.46,75.46,53.84,76.44,66.15
74.70,74.70,57.16,76.70,64.54
75.83,75.83,51.58,75.35,61.68
76.04,76.04,50.83,75.64,62.21
74.58,74.58,52.63,73.85,63.51
75.22,75.22,50.94,73.20,63.64
73.31,73.31,50.75,73.09,64.78
72.74,72.74,56.04,75.16,63.56
72.34,72.34,64.74,74.00,62.90
72.82,72.82,77.70,72.05,66.86
66.16,66.16,83.23,65.86,64.23
66.55,66.55,83.16,71.32,65.45
70.41,70.41,81.91,74.82,66.41
69.83,69.83,77.35,74.26,66.34
70.10,70.10,72.15,75.57,64.13
68.86,68.86,67.39,74.36,63.50
71.45,71.45,67.31,73.72,60.03
70.11,70.11,64.78,73.77,64.17
70.53,70.53,69.29,72.73,64.15
72.10,72.10,69.06,72.67,63.76
71.61,71.61,62.41,72.94,66.10
72.61,72.61,58.13,74.91,62.68
72.33,72.33,61.15,74.86,66.54
70.81,70.81,58.40,75.60,64.66
72.56,72.56,65.59,72.44,68.82
73.26,73.26,62.76,74.88,68.47
73.97,73.97,53.56,74.65,67.93
74.75,74.75,52.58,72.21,66.61
73.98,73.98,52.32,71.16,66.64
73.14,73.14,49.38,71.11,62.07
73.20,73.20,46.13,71.75,65.77
72.79,72.79,46.07,72.43,63.70
73.37,73.37,49.68,72.17,61.31
72.81,72.81,47.94,69.31,63.68
73.04,73.04,45.24,69.64,65.06
73.88,73.88,48.10,72.94,62.70
73.29,73.29,56.70,72.43,66.26
73.41,73.41,67.57,71.21,65.85
73.02,73.02,75.73,74.66,68.37
72.22,72.22,85.96,68.03,68.73
71.25,71.25,81.21,72.22,71.89
70.97,70.97,77.91,70.53,72.39
72.73,72.73,71.33,70.90,74.72
71.30,71.30,61.32,70.71,72.00
71.26,71.26,69.23,70.67,73.72
72.13,72.13,69.94,72.21,70.65
71.97,71.97,72.03,73.58,70.72
73.49,73.49,67.18,70.99,66.26
74.28,74.28,69.51,70.58,69.08
75.57,75.57,72.75,71.42,63.86
73.61,73.61,70.93,73.64,63.68
74.66,74.66,70.05,75.82,61.85
73.11,73.11,65.07,72.72,66.63
75.67,75.67,66.07,71.04,69.61
76.17,76.17,65.29,73.02,71.12
76.66,76.66,58.68,73.33,71.00
75.42,75.42,60.54,76.00,71.63
75.67,75.67,52.19,74.33,71.18
75.73,75.73,42.88,74.80,71.19
77.63,77.63,46.15,75.19,66.92
77.40,77.40,39.99,75.13,65.88
75.95,75.95,44.73,74.60,63.12
76.13,76.13,38.36,75.87,62.52
76.83,76.83,43.57,75.75,59.76
71.16,71.16,50.34,75.15,59.03
68.88,68.88,60.82,76.18,58.80
68.37,68.37,72.90,71.23,61.31
63.71,63.71,81.93,63.47,63.72
62.28,62.28,83.37,63.83,64.31
63.34,63.34,82.48,63.08,65.97
67.33,67.33,77.76,64.14,67.46
69.74,69.74,72.46,66.23,66.93
68.67,68.67,65.28,69.98,65.23
70.62,70.62,62.57,68.19,65.58
71.47,71.47,63.92,71.63,67.09
73.52,73.52,65.91,72.05,66.70
72.89,72.89,65.87,73.03,64.01
73.19,73.19,67.86,72.27,64.52
73.58,73.58,64.95,70.90,62.60
71.68,71.68,65.97,68.67,63.28
73.22,73.22,62.12,71.69,64.24
74.00,74.00,65.55,72.80,63.21
74.79,74.79,68.39,69.89,65.94
74.46,74.46,61.37,74.66,69.96
73.76,73.76,55.99,73.76,70.77
73.91,73.91,58.63,71.12,70.45
72.22,72.22,54.10,71.91,70.01
69.56,69.56,49.23,71.99,67.85
68.09,68.09,44.52,74.35,66.50
68.00,68.00,44.88,75.24,68.19
66.59,66.59,44.60,72.46,66.21
67.10,67.10,47.34,72.48,65.89
61.48,61.48,44.92,73.99,63.99
62.00,62.00,49.70,73.58,64.92
68.01,68.01,63.24,71.11,63.78
73.77,73.77,71.89,71.52,65.35
73.21,73.21,80.32,71.27,66.37
73.92,73.92,84.76,70.95,64.40
74.78,74.78,82.04,68.40,66.86
74.47,74.47,74.22,70.18,66.51
75.60,75.60,68.47,70.55,66.14
75.32,75.32,58.67,68.98,62.58
73.18,73.18,65.53,70.19,65.28
74.41,74.41,67.00,72.53,62.19
75.10,75.10,69.43,71.35,64.39
75.93,75.93,71.91,72.08,64.20
75.72,75.72,71.45,69.50,65.20
76.20,76.20,73.87,70.15,65.05
74.43,74.43,67.52,73.47,62.47
71.69,71.69,58.00,75.33,65.32
70.82,70.82,64.43,73.19,70.51
71.85,71.85,65.78,74.66,74.96
72.29,72.29,63.55,72.23,73.37
73.20,73.20,60.94,75.10,74.12
77.13,77.13,50.84,72.72,71.84
76.23,76.23,44.26,73.93,72.12
75.42,75.42,42.65,73.91,70.30
76.08,76.08,43.62,75.32,69.19
78.04,78.04,47.97,73.66,68.51
78.52,78.52,44.84,73.51,67.11
79.41,79.41,39.58,73.96,66.70
79.46,79.46,45.98,74.14,65.49
78.39,78.39,59.43,73.32,59.64
76.76,76.76,66.95,72.92,63.07
74.15,74.15,80.26,68.30,68.72
74.20,74.20,80.14,64.37,67.38
75.63,75.63,83.69,69.07,67.58
76.31,76.31,79.40,65.60,70.15
76.88,76.88,75.92,65.19,70.22
77.06,77.06,69.16,68.39,67.75
77.74,77.74,65.05,68.64,64.29
77.01,77.01,62.60,72.92,64.01
77.48,77.48,64.82,71.48,63.36
76.59,76.59,67.15,69.36,60.22
75.65,75.65,65.99,69.55,60.01
74.24,74.24,61.89,68.50,60.38
70.11,70.11,65.49,73.61,61.31
73.97,73.97,60.71,74.87,60.81
78.65,78.65,63.43,74.10,62.58
77.18,77.18,67.01,69.83,72.82
76.76,76.76,61.02,73.65,74.56
74.95,74.95,50.63,72.20,73.86
72.92,72.92,52.30,75.06,71.20
71.76,71.76,54.82,73.50,70.00
73.24,73.24,53.01,75.43,66.15
72.38,72.38,44.70,74.30,68.70
72.68,72.68,44.30,74.96,71.34
74.05,74.05,44.81,74.51,71.21
72.71,72.71,47.49,74.24,68.80
72.35,72.35,48.50,74.96,64.97
72.66,72.66,52.74,76.15,63.36
72.68,72.68,57.05,75.26,65.36
67.72,67.72,65.99,70.31,63.38
67.58,67.58,73.91,71.06,66.48
67.54,67.54,85.15,65.86,70.14
66.38,66.38,82.94,65.59,70.41
66.84,66.84,80.15,71.60,69.56
67.41,67.41,70.40,70.23,68.91
67.59,67.59,63.65,70.43,66.77
67.11,67.11,62.61,67.34,66.37
67.70,67.70,69.07,68.69,62.93
65.75,65.75,70.94,68.99,62.02
75.47,75.47,70.42,70.31,59.19
75.24,75.24,71.19,70.54,58.95
76.71,76.71,73.30,69.97,60.76
76.01,76.01,68.45,68.07,60.21
75.80,75.80,70.58,68.46,62.95
75.28,75.28,65.17,69.68,62.93
76.99,76.99,67.16,71.05,66.60
74.32,74.32,65.25,67.96,69.06
74.47,74.47,55.46,73.88,67.31
75.97,75.97,57.69,70.05,66.41
75.96,75.96,53.84,67.31,67.93
75.82,75.82,56.19,66.25,65.75
75.92,75.92,48.91,68.75,65.83
76.48,76.48,47.84,69.30,65.04
75.61,75.61,45.23,69.41,65.23
76.55,76.55,43.02,68.89,63.06
76.63,76.63,41.74,69.27,63.09
76.66,76.66,49.22,70.22,61.04
76.44,76.44,58.81,69.05,57.77
74.03,74.03,69.82,69.97,61.35
70.38,70.38,79.97,72.74,63.37
70.33,70.33,81.06,64.58,63.90
72.34,72.34,84.27,61.32,63.24
71.39,71.39,79.16,68.33,64.28
71.69,71.69,72.87,66.35,64.09
71.58,71.58,65.30,66.58,65.05
70.09,70.09,65.40,69.33,66.05
69.97,69.97,64.47,69.50,67.23
69.58,69.58,67.31,70.48,68.00
61.22,61.22,65.27,70.82,65.99
64.35,64.35,64.47,71.67,65.47
61.33,61.33,65.56,71.80,65.64
55.15,55.15,57.75,72.69,62.50
53.68,53.68,66.51,73.21,65.24
55.45,55.45,65.72,72.24,68.01
57.91,57.91,64.31,69.23,69.65
55.89,55.89,67.37,70.30,71.34
51.96,51.96,68.43,73.72,70.39
57.19,57.19,62.86,73.62,69.65
59.48,59.48,58.80,73.19,68.33
54.32,54.32,53.12,73.50,67.00
55.49,55.49,49.95,74.89,65.27
58.49,58.49,47.94,74.66,64.02
58.77,58.77,45.65,74.23,63.77
55.12,55.12,45.86,74.61,62.83
55.90,55.90,46.78,74.19,62.11
50.08,50.08,45.43,73.43,61.04
46.65,46.65,63.57,73.35,61.09
40.72,40.72,69.74,75.59,67.53
47.27,47.27,82.57,72.84,70.47
49.25,49.25,84.38,67.54,70.48
47.38,47.38,79.18,75.85,71.94
44.15,44.15,75.25,73.46,73.98
48.58,48.58,68.11,71.48,72.41
40.95,40.95,63.36,71.75,68.90
42.05,42.05,66.57,71.33,67.10
47.31,47.31,67.40,71.64,64.83
42.45,42.45,75.02,72.05,65.40
44.43,44.43,71.81,73.30,65.64
40.60,40.60,69.56,73.59,62.97
39.23,39.23,70.72,73.61,63.06
37.47,37.47,67.57,74.27,62.66
34.54,34.54,60.77,73.19,67.47
19.00,19.00,58.29,69.84,75.04
15.06,15.06,65.48,69.88,76.99
22.70,22.70,62.81,75.73,74.29
33.89,33.89,62.85,73.99,74.30
31.47,31.47,60.95,75.59,72.61
26.28,26.28,48.61,73.90,72.68
32.20,32.20,47.62,73.51,72.18
31.73,31.73,39.52,74.45,69.88
31.34,31.34,40.01,73.64,68.50
32.44,32.44,47.07,73.34,69.94
33.73,33.73,43.68,71.23,68.44
36.31,36.31,45.50,70.84,69.37
28.06,28.06,55.39,72.55,67.58
20.03,20.03,67.57,73.12,67.56
14.20,14.20,77.98,72.19,67.05
9.12,9.12,78.89,70.21,61.19
15.64,15.64,83.31,64.82,61.31
24.63,24.63,83.99,69.87,61.77
27.72,27.72,77.17,70.87,61.06
26.42,26.42,71.93,69.58,60.15
21.40,21.40,70.29,70.87,59.24
20.34,20.34,69.03,70.83,59.62
26.30,26.30,68.00,69.82,61.41
30.91,30.91,68.04,70.98,62.21
24.50,24.50,68.18,72.85,61.14
26.98,26.98,71.66,74.09,60.88
24.29,24.29,65.68,73.05,61.18
27.33,27.33,64.60,71.56,62.19
22.02,22.02,69.97,70.88,66.63
13.69,13.69,69.76,67.16,68.76
9.68,9.68,63.46,76.16,72.11
13.75,13.75,63.52,73.14,71.16
21.82,21.82,62.69,70.57,70.78
27.68,27.68,59.62,72.26,71.11
30.95,30.95,54.97,71.76,71.98
35.82,35.82,54.59,71.84,70.53
36.60,36.60,57.21,71.50,70.04
34.93,34.93,55.94,71.02,68.06
34.13,34.13,54.32,71.25,66.53
35.45,35.45,51.70,71.61,65.78
33.61,33.61,50.18,72.09,66.31
34.53,34.53,52.67,72.52,67.13
32.37,32.37,62.06,70.97,68.47
36.90,36.90,66.91,64.20,73.22
42.82,42.82,84.53,71.20,70.40
49.78,49.78,84.76,69.06,70.26
54.92,54.92,79.46,70.96,70.32
57.65,57.65,77.07,71.00,71.40
60.82,60.82,71.88,71.14,69.08
63.14,63.14,72.29,71.30,67.35
62.65,62.65,74.36,71.82,66.38
60.85,60.85,71.26,71.79,67.51
56.41,56.41,69.38,70.72,64.85
49.49,49.49,66.39,71.77,65.56
39.88,39.88,67.90,72.70,65.42
34.29,34.29,64.71,72.62,64.91
40.34,40.34,63.64,73.38,68.22
50.36,50.36,64.79,72.06,73.77
58.83,58.83,73.65,66.68,76.02
64.14,64.14,68.68,71.28,74.58
72.07,72.07,63.27,75.35,71.62
72.68,72.68,57.91,71.99,71.08
72.96,72.96,58.29,73.19,68.14
71.35,71.35,53.88,72.56,67.22
67.37,67.37,51.42,72.43,65.97
63.38,63.38,47.31,73.59,67.34
64.23,64.23,38.94,73.55,67.16
65.77,65.77,42.42,73.90,65.66
65.04,65.04,35.26,73.68,66.34
56.20,56.20,45.34,73.41,65.52
53.52,53.52,58.15,73.15,64.48
57.81,57.81,67.37,72.24,62.64
67.39,67.39,81.02,58.42,65.78
73.98,73.98,83.21,60.42,64.16
74.08,74.08,84.63,63.39,66.42
72.78,72.78,82.93,69.33,64.30
73.79,73.79,76.99,68.73,63.89
76.82,76.82,66.78,68.62,64.56
77.50,77.50,66.85,69.93,65.76
76.50,76.50,69.33,72.05,65.70
75.84,75.84,72.31,72.80,64.59
76.72,76.72,66.83,71.53,64.33
76.04,76.04,71.07,71.65,65.66
76.67,76.67,70.09,72.81,66.52
77.02,77.02,66.83,72.43,66.32
69.28,69.28,66.93,72.37,68.75
67.18,67.18,66.77,70.43,72.37
72.33,72.33,66.27,68.78,70.75
73.09,73.09,63.28,72.44,72.71
74.07,74.07,63.52,75.15,73.79
72.70,72.70,63.62,69.59,73.20
74.56,74.56,62.36,71.90,72.24
74.14,74.14,60.08,71.93,69.88
71.88,71.88,57.46,70.09,67.94
72.59,72.59,56.07,72.66,66.81
70.79,70.79,56.43,73.34,66.38
71.18,71.18,57.83,73.89,67.47
70.86,70.86,57.08,74.26,65.56
67.41,67.41,55.63,73.73,64.01
70.65,70.65,59.00,73.33,65.49
70.22,70.22,67.50,69.78,69.81
75.07,75.07,72.73,60.35,71.19
73.40,73.40,85.34,60.11,69.45
73.39,73.39,82.01,57.59,67.99
74.98,74.98,77.98,62.17,68.19
75.73,75.73,72.83,61.32,67.98
72.30,72.30,71.22,68.50,67.75
70.53,70.53,73.41,65.89,67.80
72.24,72.24,69.94,67.30,68.21
71.24,71.24,69.13,69.07,68.27
72.72,72.72,65.04,71.17,67.24
74.14,74.14,66.58,69.65,68.76
73.93,73.93,66.57,69.25,67.64
69.37,69.37,56.49,71.51,68.06
69.28,69.28,52.58,70.96,70.50
69.84,69.84,56.42,68.95,74.54
72.53,72.53,59.39,68.68,75.90
69.42,69.42,64.31,70.80,76.03
63.65,63.65,58.04,74.09,76.05
71.69,71.69,52.62,73.02,75.28
73.22,73.22,57.48,70.68,72.63
67.60,67.60,48.42,73.19,71.18
66.68,66.68,49.97,73.68,72.34
63.30,63.30,43.79,73.41,70.68
64.86,64.86,45.05,70.95,71.38
63.78,63.78,47.04,73.25,70.77
62.82,62.82,45.33,73.82,70.53
55.59,55.59,48.59,72.54,68.02
56.94,56.94,60.57,72.85,67.49
59.64,59.64,69.38,71.91,67.84
68.37,68.37,78.97,71.67,69.82
68.19,68.19,82.50,65.59,68.91
71.30,71.30,83.06,72.91,69.80
74.19,74.19,80.86,69.47,68.82
76.05,76.05,76.78,68.12,70.57
76.42,76.42,74.49,73.05,68.44
76.93,76.93,69.17,69.75,69.04
77.38,77.38,69.54,68.28,66.97
78.01,78.01,67.91,74.19,68.45
77.16,77.16,69.06,72.03,67.55
76.71,76.71,67.89,68.52,67.63
75.59,75.59,64.70,72.72,67.76
73.86,73.86,62.70,72.89,67.56
66.07,66.07,63.12,72.16,69.71
58.65,58.65,63.18,72.34,75.20
55.46,55.46,63.24,69.61,74.85
56.23,56.23,62.89,71.67,74.26
56.04,56.04,62.53,74.70,71.17
55.73,55.73,62.77,74.44,74.85
55.60,55.60,62.69,71.80,69.68
56.56,56.56,63.50,71.51,72.41
60.02,60.02,62.96,73.88,71.07
58.02,58.02,61.53,73.01,72.14
55.79,55.79,62.10,72.73,71.34
55.48,55.48,60.72,73.10,72.16
50.08,50.08,58.82,72.24,69.31
44.92,44.92,58.84,72.74,69.14
51.60,51.60,60.57,72.97,70.36
58.62,58.62,70.18,73.46,74.33
63.16,63.16,77.82,73.48,73.02
69.48,69.48,84.44,65.34,71.65
71.40,71.40,81.18,68.49,74.60
72.75,72.75,73.43,67.68,73.80
72.75,72.75,69.71,68.32,71.54
66.72,66.72,69.19,70.18,72.01
65.93,65.93,65.26,71.12,72.11
64.97,64.97,70.06,72.13,71.97
65.63,65.63,74.00,74.04,71.20
65.61,65.61,71.89,73.14,73.15
64.86,64.86,69.50,72.57,72.92
64.31,64.31,72.68,72.42,73.12
64.61,64.61,72.31,72.26,72.40
63.12,63.12,69.28,73.53,71.95
67.51,67.51,67.53,71.82,73.44
73.43,73.43,67.36,68.50,75.24
76.05,76.05,66.96,71.97,73.18
76.64,76.64,66.06,71.68,71.47
77.23,77.23,65.65,67.09,69.39
75.65,75.65,67.59,68.84,70.06
75.07,75.07,68.28,71.10,68.47
75.29,75.29,65.54,73.89,69.86
75.49,75.49,66.00,73.70,70.59
75.62,75.62,66.01,73.70,70.27
75.34,75.34,65.82,76.65,69.38
75.49,75.49,65.70,75.59,70.36
75.61,75.61,65.79,74.54,67.85
75.71,75.71,67.39,74.99,66.08
74.24,74.24,75.84,74.12,67.98
71.40,71.40,82.09,69.84,68.60
70.91,70.91,81.14,70.86,67.23
71.71,71.71,79.36,74.34,68.70
72.25,72.25,72.58,73.19,69.28
71.30,71.30,67.88,74.21,68.91
72.93,72.93,67.30,72.37,68.52
73.24,73.24,65.10,71.98,68.74
73.65,73.65,69.66,71.37,68.72
73.85,73.85,71.74,72.27,68.09
73.83,73.83,65.37,70.64,66.22
73.20,73.20,66.67,72.84,68.55
72.53,72.53,68.79,73.29,69.35
73.54,73.54,65.49,73.46,68.29
74.41,74.41,64.24,74.77,69.30
74.05,74.05,65.30,71.45,73.13
74.05,74.05,61.41,69.00,75.71
75.96,75.96,62.12,73.39,72.77
74.05,74.05,60.03,74.37,72.47
74.06,74.06,61.33,70.87,73.14
75.45,75.45,60.72,71.98,70.80
76.94,76.94,62.13,71.40,69.61
76.41,76.41,59.91,70.93,67.55
76.65,76.65,58.10,72.33,67.48
76.05,76.05,59.45,71.53,67.74
77.02,77.02,59.93,72.37,67.44
76.37,76.37,57.86,74.77,68.54
71.00,71.00,58.87,74.15,68.90
65.70,65.70,64.49,74.63,72.17
65.95,65.95,75.12,75.61,71.32
70.56,70.56,85.15,63.88,70.46
73.07,73.07,80.62,67.88,71.36
72.31,72.31,77.42,71.44,69.70
71.32,71.32,69.97,68.25,69.54
70.33,70.33,65.67,69.42,68.73
64.34,64.34,59.62,71.06,70.23
61.64,61.64,65.81,72.04,71.29
60.31,60.31,72.95,73.85,70.03
61.27,61.27,74.50,73.18,69.62
60.19,60.19,69.49,74.83,70.27
56.12,56.12,68.62,76.57,70.44
53.76,53.76,70.23,75.70,69.50
55.68,55.68,67.98,75.21,69.07
62.35,62.35,68.69,75.87,72.84
66.41,66.41,64.62,71.72,77.02
73.27,73.27,62.60,69.38,74.83
75.02,75.02,53.26,72.72,74.05
75.46,75.46,53.04,69.90,72.26
75.80,75.80,55.13,68.38,72.16
74.94,74.94,52.00,69.73,70.99
73.85,73.85,51.28,72.58,70.58
76.80,76.80,49.14,72.05,70.34
75.60,75.60,50.35,72.55,70.75
77.48,77.48,50.32,72.64,70.17
78.06,78.06,51.42,72.46,68.62
77.12,77.12,55.62,73.13,69.28
74.89,74.89,65.06,70.53,68.91
73.47,73.47,75.27,67.17,71.05
72.17,72.17,81.46,63.77,67.30
72.05,72.05,83.14,60.07,66.85
74.39,74.39,82.62,69.89,67.45
75.59,75.59,76.07,70.01,67.52
73.79,73.79,70.91,70.10,68.42
73.99,73.99,65.99,71.22,66.76
71.88,71.88,63.12,71.56,66.33
69.87,69.87,63.35,69.79,65.15
69.56,69.56,68.08,69.89,66.43
68.84,68.84,68.91,70.69,67.11
71.49,71.49,72.82,70.74,68.74
74.51,74.51,69.75,72.78,68.52
73.81,73.81,69.51,71.06,69.56
72.55,72.55,65.32,69.24,70.11
71.42,71.42,66.91,69.21,72.60
74.54,74.54,65.32,67.91,70.68
78.43,78.43,64.14,75.20,70.03
75.90,75.90,58.19,73.95,70.88
71.53,71.53,55.56,73.75,71.15
73.91,73.91,55.25,70.47,70.29
75.26,75.26,52.73,74.23,70.73
76.45,76.45,49.66,72.56,69.57
77.33,77.33,47.95,74.13,68.31
78.31,78.31,48.30,74.96,68.27
78.33,78.33,49.31,72.87,68.64
78.49,78.49,48.24,72.63,69.33
78.37,78.37,50.77,73.21,69.27
77.91,77.91,59.56,72.95,69.83
73.08,73.08,67.79,69.07,69.59
62.68,62.68,84.86,66.35,71.25
57.68,57.68,83.53,64.83,70.82
56.04,56.04,80.39,68.09,71.87
58.20,58.20,76.99,68.44,71.51
63.92,63.92,67.58,68.63,70.62
65.59,65.59,70.56,69.61,70.41
65.42,65.42,64.23,65.06,72.34
66.00,66.00,68.39,66.54,70.95
65.65,65.65,75.69,70.55,72.35
62.87,62.87,70.52,70.73,69.75
58.79,58.79,67.67,71.64,70.86
54.02,54.02,65.89,72.43,72.77
51.12,51.12,66.72,72.55,71.05
57.98,57.98,67.66,74.81,74.32
66.80,66.80,63.39,70.40,75.29
68.76,68.76,66.11,72.88,74.12
74.15,74.15,60.67,72.92,71.33
74.78,74.78,57.39,71.94,73.25
75.01,75.01,55.57,73.11,72.36
71.04,71.04,52.66,70.76,71.79
69.37,69.37,48.51,72.82,72.15
71.13,71.13,49.17,72.23,71.05
71.12,71.12,49.38,72.62,72.44
66.58,66.58,46.30,71.08,72.14
57.18,57.18,45.47,74.00,71.79
51.92,51.92,45.70,74.79,72.33
49.62,49.62,59.01,74.91,69.90
54.75,54.75,66.98,70.32,70.08
60.68,60.68,77.19,70.63,71.40
66.36,66.36,83.95,69.65,67.25
71.84,71.84,83.84,63.46,66.78
74.14,74.14,77.76,61.16,66.08
74.60,74.60,76.31,63.90,67.43
76.08,76.08,68.83,70.03,67.56
76.27,76.27,64.46,73.76,66.05
74.26,74.26,63.68,73.30,66.27
73.46,73.46,65.07,73.58,68.06
73.77,73.77,69.15,71.71,68.35
73.98,73.98,71.72,72.83,67.65
63.54,63.54,70.35,73.63,69.15
61.69,61.69,73.23,75.42,67.88
59.59,59.59,65.81,73.53,69.01
64.54,64.54,63.06,71.99,71.06
57.40,57.40,65.30,73.28,70.75
63.77,63.77,64.51,73.35,71.35
68.00,68.00,60.05,76.33,71.42
76.26,76.26,57.87,74.55,71.68
71.25,71.25,57.93,76.07,71.77
68.64,68.64,56.33,74.72,69.09
68.68,68.68,53.41,74.62,69.93
63.86,63.86,49.70,75.02,70.91
55.64,55.64,47.80,76.43,69.90
50.40,50.40,47.04,75.77,68.05
47.82,47.82,43.99,76.99,68.77
44.76,44.76,44.43,76.35,69.50
42.52,42.52,52.74,74.40,69.31
46.96,46.96,65.63,68.33,71.57
54.50,54.50,74.47,68.24,71.37
61.72,61.72,85.42,65.52,72.29
68.10,68.10,81.85,68.42,73.61
75.88,75.88,80.15,68.75,69.69
73.42,73.42,72.51,69.25,70.64
74.83,74.83,72.42,70.69,70.30
74.83,74.83,69.37,71.24,68.67
74.51,74.51,66.45,71.37,69.03
74.81,74.81,71.45,73.11,68.93
75.37,75.37,73.18,73.53,68.69
74.72,74.72,71.32,71.14,67.34
73.94,73.94,68.76,73.02,66.76
73.72,73.72,65.88,76.27,68.33
74.22,74.22,69.34,74.44,67.50
73.58,73.58,63.46,73.78,70.14
72.87,72.87,61.80,65.37,77.13
70.38,70.38,60.03,74.17,75.01
70.47,70.47,62.21,72.76,73.72
72.43,72.43,55.47,73.85,74.25
68.75,68.75,53.26,74.41,74.53
70.35,70.35,50.45,75.81,74.36
70.84,70.84,48.47,74.97,74.53
63.81,63.81,47.27,74.11,73.46
58.90,58.90,44.46,74.70,72.32
51.34,51.34,44.42,75.46,74.09
46.86,46.86,43.98,73.91,73.90
53.15,53.15,51.81,76.45,74.01
53.57,53.57,61.75,74.53,74.84
52.73,52.73,72.57,71.74,73.06
60.08,60.08,79.11,68.10,72.34
66.29,66.29,85.38,66.91,69.84
75.81,75.81,82.70,63.81,69.72
77.06,77.06,79.50,61.64,69.42
77.54,77.54,71.35,64.20,71.16
74.89,74.89,70.94,65.06,71.46
74.60,74.60,64.44,70.57,70.70
75.76,75.76,64.20,70.85,70.50
74.35,74.35,70.72,71.94,70.95
75.20,75.20,67.91,69.28,70.59
75.69,75.69,69.71,69.84,72.56
74.82,74.82,68.17,71.70,72.28
75.65,75.65,64.48,73.10,72.48
76.19,76.19,67.31,72.33,73.77
76.09,76.09,63.73,69.87,71.18
75.84,75.84,66.82,72.88,72.93
72.32,72.32,62.59,71.93,73.09
71.05,71.05,61.71,74.35,72.16
72.23,72.23,58.68,74.17,72.45
75.06,75.06,53.97,74.24,71.79
77.15,77.15,50.14,73.46,70.92
76.03,76.03,49.92,74.83,70.91
76.70,76.70,49.80,75.75,71.04
76.85,76.85,49.31,75.67,71.50
76.28,76.28,49.16,73.21,70.67
74.70,74.70,49.35,73.25,71.03
75.21,75.21,48.75,68.83,70.70
74.80,74.80,59.27,66.04,70.19
75.02,75.02,71.41,68.00,70.80
73.72,73.72,78.72,69.08,72.86
73.19,73.19,85.52,62.96,71.93
74.77,74.77,82.07,58.50,74.82
75.55,75.55,76.39,62.46,72.58
74.72,74.72,70.81,65.32,71.17
74.33,74.33,67.31,64.06,71.85
73.78,73.78,62.81,64.84,72.89
73.67,73.67,63.71,65.96,73.58
74.20,74.20,68.37,66.76,73.04
75.28,75.28,72.57,68.71,72.33
76.29,76.29,72.56,69.43,72.71
76.57,76.57,68.17,70.68,71.69
76.51,76.51,68.11,70.57,71.51
75.97,75.97,62.94,71.55,72.48
75.32,75.32,62.28,70.90,75.43
74.54,74.54,57.89,72.21,76.38
72.86,72.86,59.66,74.13,74.43
71.99,71.99,56.88,74.25,72.76
67.05,67.05,58.54,74.15,72.44
64.21,64.21,55.33,73.66,73.33
64.48,64.48,54.61,74.42,72.93
57.23,57.23,53.55,74.46,74.08
56.59,56.59,51.85,73.98,72.67
55.15,55.15,48.72,73.55,72.82
57.75,57.75,47.52,75.42,73.01
55.95,55.95,47.89,74.42,72.09
53.94,53.94,56.61,73.40,72.74
51.62,51.62,65.80,73.93,72.55
48.76,48.76,75.57,73.42,71.29
45.25,45.25,79.53,65.13,71.09
44.20,44.20,82.26,68.76,73.58
43.90,43.90,82.29,72.19,73.54
42.60,42.60,77.03,71.91,73.78
39.96,39.96,72.91,72.86,73.70
41.62,41.62,66.92,72.88,72.68
42.18,42.18,65.83,73.80,71.83
48.70,48.70,64.78,71.98,71.50
56.53,56.53,68.81,71.87,73.42
62.26,62.26,71.58,73.51,72.19
61.81,61.81,69.60,73.84,71.00
61.91,61.91,68.48,73.20,73.14
61.65,61.65,63.44,74.35,74.27
59.35,59.35,61.25,75.44,74.17
58.65,58.65,65.21,77.69,74.58
61.89,61.89,63.01,72.51,75.49
68.26,68.26,61.80,74.70,73.67
76.28,76.28,60.37,73.92,73.16
77.51,77.51,60.53,70.69,71.63
77.91,77.91,59.52,70.74,70.85
77.61,77.61,58.68,70.56,70.55
78.63,78.63,58.77,71.03,71.07
78.60,78.60,58.96,71.48,70.47
78.17,78.17,57.21,71.06,71.49
78.99,78.99,55.21,70.84,70.89
78.27,78.27,54.38,71.05,70.75
78.92,78.92,55.61,70.93,71.66
79.43,79.43,61.49,69.54,71.89
78.33,78.33,66.94,69.68,73.53
76.63,76.63,80.17,69.28,72.15
75.02,75.02,83.89,69.99,71.14
75.41,75.41,80.81,66.64,70.07
75.58,75.58,77.54,69.13,70.18
72.66,72.66,71.75,68.98,69.29
71.94,71.94,64.85,67.42,68.58
72.65,72.65,62.33,68.33,69.21
72.99,72.99,64.81,70.50,70.71
73.07,73.07,73.62,70.83,71.38
74.45,74.45,71.57,71.07,70.07
75.67,75.67,71.26,70.77,70.82
76.13,76.13,66.82,70.34,70.65
76.04,76.04,61.19,71.56,70.51
75.87,75.87,57.96,71.43,72.97
75.10,75.10,58.42,69.58,72.38
75.43,75.43,59.99,76.46,72.57
76.04,76.04,60.65,72.96,72.44
76.86,76.86,59.76,73.13,74.30
75.37,75.37,57.93,72.71,72.56
76.75,76.75,58.37,73.53,71.81
77.51,77.51,54.68,74.10,71.70
77.22,77.22,54.17,73.27,72.06
76.55,76.55,54.70,73.33,72.41
77.39,77.39,53.57,72.70,70.28
78.29,78.29,52.24,72.46,70.13
76.76,76.76,52.70,72.57,70.21
75.58,75.58,59.32,73.14,69.76
75.15,75.15,66.73,72.81,69.87
73.60,73.60,79.21,71.47,72.65
71.47,71.47,82.75,66.91,71.69
69.98,69.98,83.55,67.77,73.50
72.62,72.62,79.80,68.03,72.07
73.94,73.94,78.86,65.24,74.08
75.38,75.38,72.93,67.49,73.56
74.54,74.54,68.81,68.71,73.78
73.70,73.70,68.09,71.24,72.64
75.20,75.20,65.44,73.12,71.25
75.52,75.52,68.91,75.70,71.77
76.60,76.60,69.23,75.03,72.05
76.88,76.88,66.86,76.96,72.27
76.73,76.73,61.05,78.64,72.18
76.54,76.54,60.10,78.84,72.55
76.30,76.30,60.01,78.88,72.52
74.86,74.86,59.97,71.91,73.69
73.56,73.56,61.34,78.54,73.31
73.19,73.19,61.92,74.38,71.77
74.10,74.10,61.13,69.84,70.70
75.28,75.28,61.16,70.73,71.52
76.07,76.07,60.84,72.29,70.16
76.97,76.97,56.80,73.69,69.42
77.01,77.01,57.30,73.77,69.37
75.73,75.73,56.52,73.69,70.76
74.64,74.64,56.98,74.39,69.97
75.23,75.23,55.92,74.12,70.03
72.94,72.94,56.98,73.03,69.29
71.42,71.42,58.58,73.16,69.47
72.40,72.40,69.29,69.90,69.88
71.27,71.27,81.96,67.81,69.82
70.79,70.79,86.24,65.09,70.39
70.17,70.17,83.79,63.07,71.98
69.98,69.98,79.75,49.71,72.62
69.31,69.31,72.46,45.09,72.10
68.87,68.87,67.99,47.12,71.83
68.87,68.87,65.53,59.11,72.53
70.80,70.80,65.34,60.61,72.83
69.50,69.50,65.30,60.22,73.80
64.54,64.54,65.20,62.05,73.20
64.44,64.44,64.59,59.07,73.53
58.58,58.58,65.10,63.33,72.02
58.24,58.24,65.85,64.57,71.68
53.82,53.82,67.37,63.72,72.52
55.84,55.84,72.62,63.74,74.85
60.12,60.12,84.32,60.63,73.90
59.79,59.79,83.81,60.84,74.70
57.89,57.89,80.12,73.39,72.77
55.48,55.48,70.93,75.59,72.90
54.94,54.94,66.70,73.49,73.76
57.66,57.66,67.53,73.99,73.74
54.72,54.72,65.38,73.82,74.73
57.22,57.22,64.02,76.69,74.15
55.06,55.06,62.95,73.84,74.64
51.36,51.36,63.51,73.69,74.52
57.21,57.21,63.62,74.47,73.74
48.97,48.97,63.53,77.02,75.11
47.76,47.76,64.10,74.01,73.39
42.44,42.44,66.84,75.94,74.15
36.65,36.65,77.17,75.10,74.02
38.76,38.76,85.11,74.31,73.14
37.68,37.68,80.10,70.14,75.42
36.72,36.72,79.59,70.40,74.26
44.02,44.02,75.60,72.17,73.51
43.12,43.12,65.35,74.58,74.51
39.03,39.03,68.86,71.80,73.74
41.75,41.75,71.58,74.26,74.92
42.32,42.32,68.25,73.88,74.93
43.17,43.17,73.20,74.15,74.75
46.41,46.41,71.65,72.43,76.31
47.15,47.15,70.41,75.22,74.49
41.48,41.48,69.13,67.39,73.11
38.28,38.28,72.61,57.09,72.40
35.04,35.04,78.86,70.53,72.64
37.96,37.96,75.31,77.57,72.21
40.00,40.00,72.63,77.56,72.56
40.13,40.13,70.11,78.01,72.66
40.00,40.00,68.70,77.39,72.94
38.97,38.97,66.33,77.65,72.64
35.96,35.96,65.74,77.49,74.39
34.05,34.05,66.30,77.93,74.50
34.49,34.49,66.19,77.59,73.87
38.91,38.91,65.05,77.11,74.70
45.84,45.84,65.29,77.47,75.32
56.66,56.66,64.99,77.49,74.94
55.94,55.94,64.68,77.18,74.57
69.85,69.85,72.16,71.42,74.23
65.92,65.92,81.21,54.72,72.14
76.36,76.36,84.51,64.41,72.34
77.61,77.61,79.90,65.24,73.43
77.28,77.28,75.41,67.25,74.14
75.47,75.47,66.66,69.86,73.51
75.79,75.79,64.61,71.11,72.64
75.89,75.89,66.46,72.34,74.44
75.67,75.67,63.43,73.07,72.07
75.67,75.67,61.28,72.83,72.75
75.86,75.86,61.75,73.80,73.04
74.37,74.37,62.38,73.01,74.30
75.39,75.39,61.01,74.28,74.24
72.89,72.89,60.60,71.25,73.01
65.64,65.64,62.21,64.21,73.13
65.27,65.27,67.42,60.41,72.90
64.27,64.27,81.09,70.94,73.14
69.55,69.55,83.73,65.74,72.70
69.02,69.02,79.80,66.13,74.10
69.33,69.33,78.60,67.09,71.91
69.64,69.64,70.73,67.45,73.86
69.17,69.17,67.98,69.90,73.07
68.78,68.78,75.57,72.21,75.08
68.11,68.11,78.27,69.44,73.13
70.53,70.53,71.29,68.70,73.75
70.56,70.56,65.23,68.72,73.40
68.19,68.19,65.91,71.43,73.17
66.45,66.45,64.15,72.66,74.15
62.67,62.67,64.94,68.57,72.22
66.25,66.25,72.95,66.28,73.53
70.46,70.46,81.01,66.24,73.16
71.08,71.08,84.90,64.33,73.79
68.54,68.54,82.02,60.11,72.50
71.70,71.70,79.13,65.91,74.72
72.66,72.66,76.39,66.76,74.30
69.10,69.10,69.50,65.89,72.68
70.20,70.20,76.13,64.63,73.73
68.81,68.81,76.38,70.02,72.76
67.82,67.82,68.68,68.99,75.01
68.06,68.06,64.25,69.46,73.13
68.74,68.74,64.67,68.75,73.21
70.28,70.28,64.26,69.52,74.84
71.81,71.81,63.76,70.39,74.23
69.68,69.68,68.22,68.65,73.80
70.28,70.28,80.79,69.65,72.55
71.01,71.01,84.85,66.47,72.74
69.09,69.09,81.12,61.29,75.78
64.20,64.20,80.24,64.69,75.80
61.65,61.65,74.68,65.91,74.21
63.63,63.63,69.87,65.65,75.45
62.69,62.69,73.55,67.83,75.47
61.22,61.22,78.76,68.48,72.84
58.60,58.60,74.43,67.39,73.31
56.87,56.87,68.98,67.39,74.78
59.26,59.26,65.85,68.02,75.74
49.73,49.73,63.61,67.85,75.89
50.91,50.91,63.98,63.05,74.18
57.94,57.94,64.21,62.38,74.87
64.23,64.23,76.37,67.44,74.80
73.13,73.13,84.68,59.48,73.38
73.46,73.46,82.26,66.09,74.92
74.91,74.91,78.47,68.77,75.28
75.01,75.01,77.15,60.08,75.06
73.18,73.18,72.71,65.06,73.22
73.83,73.83,70.75,62.84,74.40
74.00,74.00,67.42,65.10,73.63
72.35,72.35,67.87,66.45,73.81
73.82,73.82,69.51,66.29,74.32
73.54,73.54,71.44,65.12,74.30
74.83,74.83,71.89,67.41,74.65
73.93,73.93,68.66,64.96,74.79
77.25,77.25,67.22,65.92,73.61
71.75,71.75,68.52,69.49,74.35
73.74,73.74,67.21,70.36,74.45
74.91,74.91,68.85,69.67,74.28
75.36,75.36,67.10,69.18,74.59
75.96,75.96,65.78,69.53,73.25
72.03,72.03,65.12,67.82,73.54
70.69,70.69,64.74,63.57,74.62
70.71,70.71,63.56,54.60,73.94
72.74,72.74,61.77,53.87,75.76
72.50,72.50,63.24,47.79,75.54
73.56,73.56,62.75,47.41,76.77
72.13,72.13,61.55,46.70,76.48
72.45,72.45,63.17,48.04,74.16
71.84,71.84,64.17,45.48,74.10
72.30,72.30,65.36,49.21,72.78
67.91,67.91,74.31,49.19,72.89
62.85,62.85,82.33,61.80,71.10
67.72,67.72,85.44,67.63,72.65
73.24,73.24,81.10,68.22,71.93
72.79,72.79,78.76,65.36,72.00
76.11,76.11,70.57,61.50,70.60
76.39,76.39,71.65,65.60,70.25
76.42,76.42,70.28,66.97,69.16
76.69,76.69,66.21,62.97,70.14
77.64,77.64,68.50,64.30,69.65
75.55,75.55,67.52,66.29,70.28
70.19,70.19,65.97,65.96,71.28
69.51,69.51,66.88,68.45,71.98
66.20,66.20,65.83,70.24,74.05
62.41,62.41,66.27,69.32,75.68
64.08,64.08,67.18,69.65,75.01
66.96,66.96,66.36,70.90,75.36
73.44,73.44,62.78,70.99,75.22
71.59,71.59,59.23,69.11,74.00
71.84,71.84,59.51,66.58,73.77
72.14,72.14,57.81,60.37,74.07
71.03,71.03,57.26,54.59,74.42
71.45,71.45,56.51,58.21,75.39
69.07,69.07,56.60,59.13,75.57
71.42,71.42,56.29,55.94,73.91
71.61,71.61,54.70,59.54,73.58
71.85,71.85,55.78,57.45,73.22
72.45,72.45,56.75,53.89,74.24
68.62,68.62,58.61,50.68,74.58
76.48,76.48,64.09,55.70,73.64
73.30,73.30,80.51,63.29,71.67
74.76,74.76,83.89,61.52,71.37
74.30,74.30,82.13,73.15,71.04
73.50,73.50,78.91,74.55,73.63
74.77,74.77,72.80,73.50,71.61
73.59,73.59,69.81,73.25,72.69
73.00,73.00,61.81,71.41,72.83
71.46,71.46,61.69,73.21,72.47
72.05,72.05,68.30,73.58,73.39
73.27,73.27,72.70,72.33,71.81
73.97,73.97,71.36,67.88,71.79
75.48,75.48,67.13,62.45,73.19
72.37,72.37,65.99,58.52,71.83
69.32,69.32,68.00,59.62,73.46
67.40,67.40,68.18,60.20,73.85
61.58,61.58,64.04,57.53,72.56
59.40,59.40,62.50,71.83,73.29
52.18,52.18,65.46,80.73,74.41
54.14,54.14,62.50,77.95,74.33
59.74,59.74,58.57,76.53,73.13
58.83,58.83,55.75,76.51,73.56
65.77,65.77,54.89,75.00,74.02
73.66,73.66,54.60,72.57,73.47
74.80,74.80,53.84,73.43,73.28
73.41,73.41,52.47,72.13,72.93
73.99,73.99,52.60,72.15,73.36
73.15,73.15,56.55,74.01,73.77
74.46,74.46,64.82,73.29,72.80
74.68,74.68,71.18,73.74,72.26
72.57,72.57,76.52,76.50,70.99
72.64,72.64,85.72,68.22,70.87
72.30,72.30,83.65,55.08,71.94
73.24,73.24,79.74,53.25,71.51
73.30,73.30,74.73,49.81,73.09
71.85,71.85,75.37,54.65,74.49
70.44,70.44,68.14,57.60,72.99
68.84,68.84,65.02,54.21,73.19
67.09,67.09,70.85,52.44,73.51
58.44,58.44,66.94,40.54,72.95
54.31,54.31,70.60,35.37,72.51
55.48,55.48,68.36,40.55,75.00
55.99,55.99,64.86,47.51,73.44
59.33,59.33,67.93,58.36,73.97
64.59,64.59,67.14,69.06,72.95
68.11,68.11,68.88,79.78,71.91
73.30,73.30,63.71,77.55,72.26
74.02,74.02,62.45,77.30,70.79
74.06,74.06,56.52,74.22,70.49
73.66,73.66,60.12,74.59,71.40
74.06,74.06,62.28,74.70,72.06
74.70,74.70,57.27,73.65,72.20
75.39,75.39,53.45,74.84,69.85
74.66,74.66,53.23,74.47,71.25
74.89,74.89,54.04,72.73,70.84
75.07,75.07,53.59,73.22,72.30
76.05,76.05,52.00,67.88,71.56
75.78,75.78,56.48,63.25,71.25
76.50,76.50,61.00,60.77,71.01
75.27,75.27,69.98,66.14,71.15
75.49,75.49,84.78,63.44,71.91
73.53,73.53,81.99,71.06,71.24
73.21,73.21,80.50,68.02,71.39
73.33,73.33,72.70,68.90,70.30
73.37,73.37,69.65,71.90,72.67
76.48,76.48,66.77,73.52,72.34
74.38,74.38,63.13,72.34,72.24
75.14,75.14,68.02,71.96,73.37
74.04,74.04,71.44,74.67,73.55
73.04,73.04,72.81,71.32,74.62
74.30,74.30,65.46,73.12,74.26
75.92,75.92,61.69,75.01,74.04
73.11,73.11,61.85,72.34,73.28
74.01,74.01,63.33,73.68,73.05
75.44,75.44,60.92,75.46,71.91
72.58,72.58,61.26,75.04,73.26
74.75,74.75,60.95,73.53,73.79
75.90,75.90,62.72,74.97,72.54
76.01,76.01,61.03,72.35,73.37
77.15,77.15,59.10,68.20,73.39
75.85,75.85,56.82,60.78,72.24
75.42,75.42,55.33,59.88,72.99
75.76,75.76,54.37,60.59,72.38
78.28,78.28,54.86,59.44,73.26
78.03,78.03,54.83,54.76,72.72
78.53,78.53,55.47,52.40,72.34
77.78,77.78,62.15,48.18,71.49
76.28,76.28,67.00,48.35,70.90
74.76,74.76,79.09,63.69,71.35
69.71,69.71,84.65,65.27,71.02
68.79,68.79,81.89,66.95,72.91
66.30,66.30,77.57,70.38,72.05
52.83,52.83,72.91,76.46,71.79
61.01,61.01,68.15,72.25,72.82
60.44,60.44,65.33,73.89,72.94
52.02,52.02,66.84,75.47,73.06
50.89,50.89,70.50,75.11,73.49
55.87,55.87,69.89,75.55,73.23
54.31,54.31,69.67,74.71,74.33
53.52,53.52,64.18,76.97,74.68
53.75,53.75,64.58,75.39,75.85
55.21,55.21,71.37,75.65,75.78
58.69,58.69,68.55,76.90,75.22
59.49,59.49,68.08,75.48,75.25
61.31,61.31,61.66,75.67,75.35
60.51,60.51,56.82,77.45,75.22
61.52,61.52,58.10,76.25,73.64
60.16,60.16,59.91,74.33,73.80
57.37,57.37,61.02,74.30,73.43
52.56,52.56,56.67,66.39,73.04
50.51,50.51,55.35,62.36,74.95
50.03,50.03,52.84,66.95,74.78
54.44,54.44,53.13,65.92,73.70
48.93,48.93,53.98,62.94,75.88
49.84,49.84,55.12,60.96,75.50
64.06,64.06,55.76,52.74,75.09
70.34,70.34,59.25,53.16,74.92
64.53,64.53,72.41,64.81,73.80
67.05,67.05,85.42,67.10,72.01
68.13,68.13,81.88,72.08,72.76
66.85,66.85,79.31,71.61,72.06
62.04,62.04,72.99,69.21,73.76
52.86,52.86,68.89,72.43,75.28
49.17,49.17,65.92,66.93,75.51
48.03,48.03,65.22,60.07,77.09
50.44,50.44,70.89,56.85,75.11
53.34,53.34,74.35,56.17,76.70
53.46,53.46,72.21,48.06,76.98
56.68,56.68,66.31,45.15,75.98
57.30,57.30,66.55,55.46,77.17
57.93,57.93,65.02,61.48,76.58
62.65,62.65,62.15,67.19,74.84
71.15,71.15,58.71,75.80,74.72
69.28,69.28,58.86,78.51,73.13
67.97,67.97,57.76,75.08,74.07
71.37,71.37,59.05,74.73,72.60
69.54,69.54,58.35,77.05,71.92
68.86,68.86,53.49,76.58,72.72
71.26,71.26,54.66,73.91,73.65
72.05,72.05,55.54,76.53,73.43
69.68,69.68,54.95,77.07,72.27
66.94,66.94,53.61,75.38,72.87
68.43,68.43,51.55,75.19,73.53
71.72,71.72,56.52,77.54,73.71
68.32,68.32,62.78,74.88,72.83
71.27,71.27,73.62,74.91,72.86
70.87,70.87,78.69,76.50,70.05
62.96,62.96,82.45,69.91,69.98
70.83,70.83,81.66,63.23,72.88
70.56,70.56,77.17,58.50,71.82
70.59,70.59,76.43,56.69,73.55
66.76,66.76,70.37,52.28,73.78
66.51,66.51,67.14,52.67,73.61
68.58,68.58,67.81,44.25,72.65
70.51,70.51,68.71,34.18,73.22
69.86,69.86,71.54,24.41,72.70
68.57,68.57,68.87,26.21,73.60
66.56,66.56,66.28,45.75,71.17
73.39,73.39,63.49,48.62,72.43
71.61,71.61,66.31,59.73,72.63
69.59,69.59,64.80,74.85,72.76
68.89,68.89,60.63,72.39,74.62
70.47,70.47,58.25,76.21,73.35
69.11,69.11,57.65,73.92,74.38
68.46,68.46,59.50,74.69,73.58
69.52,69.52,60.31,76.04,74.33
68.42,68.42,57.71,76.62,74.12
64.50,64.50,53.21,77.87,75.30
60.96,60.96,53.37,75.82,74.37
62.19,62.19,55.97,75.44,75.84
57.02,57.02,54.92,78.05,74.51
54.91,54.91,52.23,76.30,76.21
56.39,56.39,59.06,74.17,74.07
63.03,63.03,68.29,75.24,73.14
69.59,69.59,75.19,73.36,72.84
71.34,71.34,84.35,64.58,70.97
73.17,73.17,83.84,67.41,70.83
74.83,74.83,79.68,66.57,70.78
72.37,72.37,73.97,66.95,71.99
70.64,70.64,71.70,68.50,72.06
73.18,73.18,69.77,72.04,70.86
73.76,73.76,67.84,72.04,71.82
74.01,74.01,71.61,71.19,71.03
74.96,74.96,71.40,70.18,71.30
74.39,74.39,67.35,70.40,70.87
75.82,75.82,60.82,69.72,72.18
76.65,76.65,56.86,69.98,69.20
74.33,74.33,55.67,68.82,69.80
74.69,74.69,59.23,67.15,70.21
75.32,75.32,59.34,68.24,70.45
73.97,73.97,59.84,68.36,71.85
72.89,72.89,57.70,67.32,72.63
72.68,72.68,55.91,69.00,72.46
72.29,72.29,55.16,63.38,72.45
68.35,68.35,56.06,63.77,72.52
68.46,68.46,56.91,61.79,72.96
64.17,64.17,54.43,53.59,73.62
60.56,60.56,54.60,56.57,74.15
57.80,57.80,50.25,46.73,73.99
53.16,53.16,49.02,35.58,74.73
54.60,54.60,53.41,35.63,75.54
60.83,60.83,58.36,43.57,75.11
62.26,62.26,66.22,51.94,71.78
66.99,66.99,79.02,69.20,71.96
70.02,70.02,86.20,65.80,70.68
70.07,70.07,80.15,71.99,70.15
69.68,69.68,78.83,68.04,71.51
70.77,70.77,72.78,60.65,72.34
70.71,70.71,73.85,61.38,71.97
71.16,71.16,69.70,68.65,71.46
70.66,70.66,65.32,69.46,70.13
72.21,72.21,65.37,68.97,68.71
73.48,73.48,69.50,69.57,69.44
72.40,72.40,70.83,70.59,69.22
73.44,73.44,66.82,70.56,71.06
74.08,74.08,67.39,70.40,70.95
74.15,74.15,66.02,70.57,71.73
74.41,74.41,62.12,69.96,71.81
74.21,74.21,61.83,71.41,73.28
73.87,73.87,59.72,72.30,74.25
73.17,73.17,59.61,72.99,71.57
71.65,71.65,57.51,71.46,71.78
70.86,70.86,62.13,63.40,71.85
70.66,70.66,59.80,59.81,71.35
70.61,70.61,54.33,49.49,72.32
71.80,71.80,53.84,49.12,72.08
71.66,71.66,51.41,42.29,73.05
70.97,70.97,49.66,37.52,72.98
69.83,69.83,51.36,41.82,71.42
72.08,72.08,52.73,44.45,71.48
70.87,70.87,52.38,37.78,72.29
75.39,75.39,60.36,55.44,71.99
74.72,74.72,76.52,67.50,70.34
74.25,74.25,85.37,65.60,70.41
75.01,75.01,80.95,70.67,71.41
74.62,74.62,75.09,72.74,73.14
77.32,77.32,69.54,73.63,72.27
76.00,76.00,68.76,72.80,70.76
76.14,76.14,65.30,71.88,71.42
74.00,74.00,67.10,69.57,70.72
74.87,74.87,70.02,65.02,70.16
75.29,75.29,74.30,59.80,70.72
77.81,77.81,66.48,55.30,70.90
74.62,74.62,59.90,51.08,71.32
73.21,73.21,65.35,57.10,72.14
64.69,64.69,64.31,59.11,71.46
64.15,64.15,61.29,63.77,72.78
73.20,73.20,59.46,67.87,72.50
76.64,76.64,58.68,77.21,72.49
77.26,77.26,61.34,69.95,73.30
77.47,77.47,61.04,71.45,72.79
76.65,76.65,56.92,70.09,72.31
78.15,78.15,53.24,70.86,72.12
77.63,77.63,53.40,71.92,74.52
78.33,78.33,51.33,71.47,73.75
76.46,76.46,51.29,70.48,73.87
73.71,73.71,51.06,71.22,73.63
72.08,72.08,49.67,68.29,74.73
69.48,69.48,52.05,67.92,75.97
62.35,62.35,60.77,64.76,74.51
67.98,67.98,68.16,63.89,74.08
69.46,69.46,79.26,65.93,69.10
72.58,72.58,82.00,55.59,69.61
74.38,74.38,81.92,55.06,69.32
74.65,74.65,76.07,48.17,70.98
72.02,72.02,74.16,48.44,73.74
73.38,73.38,69.88,45.98,74.63
74.75,74.75,67.76,37.22,74.55
76.17,76.17,68.78,33.96,74.59
74.17,74.17,69.10,30.57,73.71
74.60,74.60,71.29,33.46,74.35
75.84,75.84,66.82,31.98,74.13
74.61,74.61,62.21,42.18,74.84
78.22,78.22,66.56,51.71,73.67
77.47,77.47,67.73,60.57,73.29
73.96,73.96,65.71,62.50,72.11
74.24,74.24,63.49,71.79,72.52
74.55,74.55,58.58,68.94,71.76
72.66,72.66,57.13,68.90,71.20
73.14,73.14,57.87,69.92,71.44
74.81,74.81,56.39,72.57,72.20
74.63,74.63,56.62,72.94,72.06
74.55,74.55,54.37,71.29,70.84
75.47,75.47,53.90,70.77,70.81
76.73,76.73,54.07,70.36,68.76
76.04,76.04,51.91,70.36,70.84
76.10,76.10,51.25,71.06,70.50
74.62,74.62,53.23,70.61,71.87
74.87,74.87,56.94,68.14,71.77
76.26,76.26,64.91,66.68,72.33
75.01,75.01,77.95,64.68,71.90
73.65,73.65,84.71,60.72,71.16
73.50,73.50,82.58,55.54,72.25
73.00,73.00,75.62,55.47,72.28
73.03,73.03,73.30,58.07,73.11
74.66,74.66,72.88,55.60,72.19
74.27,74.27,69.54,49.12,72.65
75.54,75.54,71.14,38.67,73.53
74.80,74.80,71.07,31.27,73.14
74.26,74.26,72.76,31.57,72.25
73.79,73.79,70.15,30.53,70.83
72.78,72.78,58.11,43.38,70.66
76.59,76.59,63.13,59.09,71.57
75.04,75.04,60.83,62.93,72.71
73.51,73.51,61.37,74.77,69.88
72.08,72.08,59.64,76.35,71.44
69.13,69.13,57.33,68.95,71.94
70.41,70.41,53.64,60.33,71.91
72.94,72.94,56.82,59.11,71.24
72.47,72.47,60.11,56.88,73.57
72.29,72.29,58.69,59.01,73.43
70.68,70.68,54.07,52.13,74.09
72.05,72.05,53.12,42.11,73.39
70.83,70.83,53.20,44.70,72.59
73.51,73.51,51.37,39.13,72.60
70.52,70.52,50.76,43.60,72.33
64.25,64.25,56.64,40.51,71.95
62.13,62.13,65.62,51.33,70.24
59.62,59.62,74.46,66.64,72.05
54.06,54.06,78.85,72.25,70.42
55.39,55.39,83.95,73.59,71.25
57.53,57.53,81.03,71.55,73.15
58.97,58.97,76.88,73.15,72.12
58.46,58.46,71.04,74.13,72.25
56.57,56.57,67.34,75.17,73.56
54.43,54.43,66.67,75.77,72.15
52.85,52.85,65.42,76.08,70.27
51.47,51.47,69.72,74.89,71.27
54.17,54.17,67.84,73.69,70.97
53.84,53.84,69.30,72.76,70.79
55.72,55.72,68.42,73.67,72.28
59.65,59.65,64.42,74.36,72.09
65.77,65.77,63.39,74.22,71.98
70.67,70.67,64.92,74.08,71.88
71.18,71.18,60.88,73.10,73.00
73.61,73.61,58.89,71.24,73.19
76.11,76.11,56.69,66.15,74.16
75.56,75.56,56.50,65.19,73.96
71.04,71.04,56.94,62.93,72.53
71.23,71.23,56.96,63.76,73.64
69.78,69.78,54.59,61.35,73.63
71.61,71.61,54.18,58.43,72.63
72.70,72.70,51.89,58.10,74.01
72.01,72.01,50.20,59.89,73.23
69.40,69.40,51.83,59.61,73.55
70.02,70.02,57.07,56.18,74.54
68.42,68.42,62.82,55.17,74.24
72.25,72.25,74.42,69.29,73.33
75.19,75.19,84.71,67.83,70.15
72.60,72.60,81.22,68.81,70.21
70.09,70.09,75.86,70.80,71.63
71.68,71.68,71.32,72.59,70.44
72.99,72.99,71.76,73.93,71.79
72.86,72.86,69.44,74.51,71.46
73.00,73.00,67.64,74.51,71.19
72.92,72.92,68.96,71.45,70.67
72.48,72.48,74.03,66.20,72.44
72.82,72.82,69.20,61.19,70.58
72.28,72.28,62.62,58.28,71.35
73.04,73.04,66.60,55.71,71.03
74.13,74.13,65.04,56.01,72.49
72.14,72.14,63.55,53.01,73.12
72.37,72.37,58.09,56.02,72.44
72.89,72.89,57.75,72.97,72.98
72.14,72.14,58.47,73.50,74.19
71.95,71.95,60.01,72.37,72.56
73.33,73.33,57.62,71.90,72.32
72.29,72.29,55.12,71.86,71.40
71.04,71.04,53.10,71.72,71.69
72.64,72.64,55.00,71.90,69.83
72.70,72.70,54.54,71.09,70.86
72.57,72.57,53.57,70.85,71.48
69.20,69.20,52.53,71.50,73.42
69.45,69.45,52.75,71.46,72.51
69.11,69.11,61.17,71.40,74.39
73.85,73.85,70.36,73.09,73.29
71.01,71.01,79.47,73.61,72.62
67.43,67.43,85.03,67.38,71.53
64.46,64.46,80.64,65.06,70.81
67.35,67.35,76.17,64.46,71.36
67.84,67.84,73.87,61.88,71.39
68.53,68.53,66.74,58.65,72.57
69.15,69.15,66.46,58.02,71.85
66.87,66.87,65.37,53.63,72.91
68.61,68.61,67.91,52.80,72.68
69.12,69.12,69.68,47.31,72.73
69.28,69.28,71.73,47.49,71.11
71.21,71.21,69.95,46.66,73.21
70.51,70.51,72.65,51.24,72.68
65.47,65.47,65.16,52.77,72.92
67.54,67.54,62.91,59.11,73.91
73.78,73.78,64.24,63.45,74.36
70.35,70.35,62.32,72.45,73.20
68.79,68.79,59.25,77.80,72.28
68.64,68.64,58.45,75.75,72.45
66.53,66.53,56.37,75.10,72.99
64.16,64.16,54.86,75.24,75.47
64.26,64.26,53.21,73.76,73.96
62.42,62.42,53.84,71.32,74.43
60.94,60.94,52.40,72.86,73.65
61.27,61.27,54.48,72.93,75.31
58.41,58.41,52.62,72.26,74.39
59.46,59.46,57.76,69.30,75.02
60.52,60.52,62.85,64.40,76.41
65.46,65.46,67.62,64.82,73.46
67.23,67.23,85.56,66.97,71.71
73.86,73.86,83.48,69.56,73.44
75.91,75.91,79.66,71.39,71.17
75.89,75.89,73.95,69.52,72.26
73.69,73.69,74.41,68.15,73.01
73.16,73.16,66.22,69.07,72.87
75.10,75.10,62.95,71.40,72.21
74.35,74.35,67.05,72.43,72.88
75.14,75.14,67.98,72.55,71.74
73.66,73.66,71.16,72.05,72.12
75.74,75.74,70.44,71.27,71.15
77.04,77.04,63.40,73.17,71.72
78.28,78.28,62.76,74.20,70.43
77.88,77.88,63.64,72.87,70.49
76.17,76.17,63.87,72.96,70.77
73.94,73.94,63.20,74.59,71.14
67.78,67.78,63.83,73.55,72.78
61.19,61.19,63.27,73.13,71.97
57.45,57.45,61.86,69.47,73.97
54.58,54.58,63.47,63.27,73.81
57.79,57.79,63.99,58.66,75.65
56.93,56.93,63.68,53.77,76.46
56.58,56.58,61.17,47.11,76.37
59.20,59.20,59.33,49.40,76.51
63.73,63.73,57.84,45.86,75.77
67.76,67.76,55.18,43.67,75.32
68.66,68.66,58.01,39.93,73.68
66.92,66.92,68.52,46.97,72.05
67.95,67.95,74.84,64.99,72.13
65.63,65.63,82.99,70.86,70.40
68.98,68.98,82.31,70.54,72.02
72.33,72.33,79.36,70.72,71.32
74.55,74.55,74.50,69.05,71.78
74.64,74.64,69.80,70.23,70.33
74.01,74.01,65.56,71.37,70.68
75.46,75.46,66.43,72.14,70.50
75.58,75.58,64.93,72.56,70.58
73.66,73.66,72.73,71.19,71.22
73.48,73.48,68.77,71.41,70.47
72.70,72.70,68.49,72.48,71.20
71.52,71.52,67.03,71.59,71.33
67.64,67.64,65.87,73.19,71.61
70.40,70.40,66.93,74.66,71.45
73.01,73.01,64.75,73.95,73.54
71.34,71.34,61.25,74.04,73.23
71.43,71.43,58.60,74.83,73.15
70.16,70.16,60.45,73.90,72.44
68.13,68.13,60.90,73.97,74.08
70.83,70.83,58.51,75.24,73.51
73.12,73.12,58.31,73.39,73.92
72.88,72.88,56.50,72.57,74.88
75.52,75.52,56.83,69.16,74.30
72.48,72.48,57.19,61.55,75.10
73.99,73.99,55.63,55.27,74.47
70.46,70.46,55.06,53.41,74.93
71.44,71.44,59.61,53.92,74.72
69.26,69.26,61.84,64.62,72.68
68.41,68.41,78.45,73.83,69.96
70.91,70.91,84.42,71.08,70.52
74.45,74.45,81.47,70.66,72.40
73.95,73.95,76.57,69.87,71.92
73.84,73.84,74.49,67.62,71.02
75.35,75.35,70.61,69.96,72.10
75.41,75.41,69.63,70.23,72.47
75.25,75.25,71.15,71.41,73.42
70.66,70.66,71.82,71.01,73.08
67.12,67.12,73.01,70.20,74.80
65.93,65.93,66.40,71.49,74.91
64.75,64.75,60.55,72.81,74.55
65.16,65.16,62.10,74.64,74.16
63.62,63.62,62.21,76.56,74.29
63.13,63.13,62.16,73.69,74.94
63.70,63.70,56.87,68.55,74.44
64.77,64.77,55.10,71.99,75.49
64.38,64.38,54.31,74.21,75.01
64.33,64.33,54.71,75.04,76.37
67.29,67.29,54.10,74.61,76.17
66.07,66.07,56.14,76.21,74.36
69.45,69.45,50.59,74.60,74.19
74.39,74.39,50.12,74.56,73.97
74.68,74.68,49.92,75.05,72.07
73.68,73.68,50.90,76.25,72.62
73.34,73.34,50.97,74.98,72.36
72.50,72.50,56.70,75.31,71.35
72.58,72.58,61.77,74.98,68.22
71.96,71.96,74.72,70.58,69.57
69.30,69.30,81.01,64.96,68.28
69.76,69.76,84.56,61.36,67.34
71.63,71.63,82.61,67.53,69.27
70.57,70.57,75.39,69.17,69.55
65.93,65.93,68.46,66.19,71.11
67.37,67.37,65.35,64.68,69.28
67.07,67.07,67.07,67.77,71.14
66.51,66.51,66.24,70.22,71.11
66.56,66.56,67.23,68.60,71.15
67.76,67.76,68.60,71.98,70.77
70.83,70.83,71.91,69.13,72.26
72.03,72.03,68.58,68.55,70.26
73.14,73.14,70.08,68.51,71.88
67.42,67.42,62.83,66.84,72.27
64.40,64.40,63.64,68.55,73.14
66.59,66.59,66.73,70.26,72.51
75.04,75.04,63.86,74.53,71.07
78.20,78.20,57.72,74.13,69.75
75.27,75.27,55.51,73.60,69.46
74.45,74.45,55.06,73.84,71.45
73.79,73.79,55.18,75.30,71.06
74.95,74.95,53.10,73.61,70.47
75.36,75.36,53.50,75.83,69.97
76.73,76.73,51.14,74.29,70.82
77.43,77.43,51.33,73.88,69.55
76.27,76.27,50.13,73.71,68.55
76.31,76.31,55.61,74.10,70.52
76.96,76.96,67.58,69.95,68.86
77.11,77.11,74.94,69.53,70.44
76.45,76.45,84.45,66.25,69.15
75.87,75.87,83.07,67.31,69.45
76.58,76.58,79.92,65.66,70.56
76.19,76.19,70.41,66.17,69.04
75.20,75.20,71.43,59.94,70.05
75.69,75.69,69.37,54.31,69.50
76.40,76.40,67.57,46.96,69.31
77.61,77.61,73.53,43.92,68.88
77.61,77.61,73.23,28.90,68.33
76.46,76.46,71.06,33.72,67.52
76.69,76.69,62.55,37.92,69.86
73.01,73.01,64.78,43.53,70.03
72.75,72.75,70.05,52.10,71.14
68.77,68.77,66.52,55.31,70.75
68.83,68.83,62.53,73.42,70.83
72.68,72.68,57.80,70.52,69.53
73.65,73.65,56.27,74.45,70.95
72.86,72.86,54.98,74.53,69.62
70.94,70.94,54.25,71.11,69.75
73.00,73.00,53.92,73.70,70.81
73.00,73.00,51.76,72.47,69.33
74.16,74.16,50.93,72.93,68.95
72.92,72.92,49.80,72.54,70.76
72.94,72.94,51.68,74.00,70.25
74.14,74.14,50.81,72.83,69.09
73.71,73.71,52.29,73.93,70.14
73.17,73.17,59.17,73.58,68.77
70.67,70.67,66.15,65.58,68.70
68.90,68.90,78.01,65.20,70.59
66.97,66.97,79.77,64.90,69.52
69.36,69.36,83.82,63.05,71.39
70.23,70.23,80.80,66.54,70.61
69.83,69.83,72.36,68.28,72.09
69.64,69.64,71.95,70.25,71.90
68.58,68.58,69.25,70.01,72.06
69.13,69.13,68.46,69.40,72.31
70.61,70.61,67.81,70.22,73.13
70.65,70.65,69.64,73.01,73.36
71.33,71.33,68.78,71.12,72.42
70.54,70.54,66.01,72.80,72.69
71.64,71.64,64.66,73.33,72.04
69.04,69.04,62.01,72.90,71.84
72.58,72.58,58.81,71.25,70.87
71.04,71.04,62.72,74.80,70.35
73.88,73.88,60.84,73.60,70.66
75.93,75.93,56.87,64.26,69.33
76.14,76.14,54.21,59.52,70.00
76.98,76.98,57.29,58.36,69.13
75.52,75.52,53.88,50.79,70.22
74.39,74.39,55.16,54.02,69.85
74.82,74.82,53.40,37.74,70.12
74.86,74.86,52.13,39.97,69.65
75.28,75.28,51.14,38.39,70.48
74.41,74.41,49.47,32.22,70.62
73.30,73.30,50.62,33.18,71.15
74.03,74.03,55.88,46.84,72.63
74.47,74.47,61.71,54.30,70.37
73.54,73.54,73.98,67.13,69.30
72.28,72.28,85.91,70.79,68.49
72.82,72.82,80.50,68.58,70.05
73.50,73.50,79.23,67.78,69.21
73.81,73.81,75.93,66.73,70.38
72.79,72.79,71.62,65.99,69.07
70.63,70.63,73.28,66.36,70.31
72.27,72.27,68.41,67.94,70.87
73.80,73.80,68.00,68.03,70.94
73.59,73.59,73.02,71.82,70.67
73.55,73.55,67.85,69.63,69.54
73.64,73.64,60.98,69.02,69.16
74.62,74.62,61.81,67.52,68.35
72.68,72.68,61.75,66.59,69.27
71.74,71.74,58.93,61.69,71.84
72.15,72.15,58.88,74.26,70.67
74.95,74.95,56.99,73.95,70.25
73.46,73.46,56.13,73.27,69.66
74.25,74.25,54.41,74.22,70.12
75.26,75.26,58.49,74.79,69.83
76.30,76.30,55.87,71.66,69.88
77.21,77.21,50.19,72.80,70.27
77.06,77.06,50.02,74.08,70.63
76.66,76.66,47.24,73.89,68.32
75.93,75.93,47.64,73.57,67.80
76.27,76.27,48.67,74.13,67.22
74.72,74.72,52.04,71.41,68.37
74.35,74.35,58.60,72.05,67.40
69.41,69.41,70.41,70.68,69.92
60.87,60.87,79.90,71.31,69.38
55.15,55.15,83.83,66.62,69.35
58.78,58.78,80.83,61.31,71.92
65.01,65.01,74.45,55.29,73.33
65.31,65.31,75.02,52.04,72.10
68.31,68.31,71.95,45.78,71.96
70.27,70.27,69.10,34.85,72.19
69.46,69.46,68.86,25.31,70.66
65.75,65.75,69.32,27.14,72.57
68.62,68.62,69.37,23.26,71.59
65.26,65.26,68.23,32.17,74.05
66.12,66.12,63.73,42.60,74.38
65.24,65.24,65.67,44.68,74.29
68.62,68.62,66.03,52.58,70.25
74.33,74.33,65.21,71.59,71.66
73.02,73.02,64.39,71.39,70.18
72.55,72.55,64.80,73.42,72.76
75.22,75.22,60.82,72.02,72.36
74.81,74.81,58.58,72.80,72.56
76.39,76.39,58.13,74.63,72.67
75.02,75.02,54.77,72.51,72.17
73.62,73.62,53.57,68.98,72.64
75.33,75.33,53.23,73.79,71.48
75.39,75.39,55.05,73.41,73.11
74.95,74.95,53.91,70.88,72.48
74.86,74.86,52.43,72.95,71.87
76.24,76.24,58.16,70.75,72.39
75.23,75.23,60.61,66.56,71.68
75.90,75.90,71.41,66.52,72.10
74.41,74.41,83.87,69.32,70.37
73.98,73.98,84.69,66.10,69.67
74.34,74.34,79.04,63.70,69.37
75.00,75.00,71.77,63.96,70.01
74.07,74.07,74.64,68.07,69.53
74.01,74.01,72.68,66.90,68.65
74.89,74.89,70.80,65.07,68.93
74.48,74.48,68.18,66.82,69.55
74.95,74.95,65.49,66.15,69.10
75.33,75.33,69.96,66.41,70.39
74.68,74.68,63.82,68.29,70.09
74.92,74.92,60.38,70.62,71.30
75.94,75.94,59.90,71.14,68.91
75.44,75.44,59.58,70.34,70.72
74.05,74.05,59.47,70.31,70.61
75.17,75.17,61.47,71.33,71.27
76.57,76.57,57.85,71.19,70.14
76.17,76.17,55.55,68.72,69.79
76.05,76.05,56.45,66.65,69.59
77.00,77.00,54.11,64.37,68.56
77.51,77.51,54.90,56.52,68.81
77.26,77.26,52.98,49.27,69.95
77.09,77.09,52.52,49.73,69.42
75.09,75.09,50.03,44.22,68.51
73.91,73.91,49.34,45.24,70.45
72.78,72.78,48.27,46.85,69.70
73.22,73.22,56.97,50.45,68.97
74.24,74.24,65.47,51.68,66.40
72.83,72.83,78.53,63.57,70.71
70.97,70.97,81.02,68.32,68.30
71.77,71.77,84.03,71.99,69.87
72.35,72.35,79.74,65.81,70.02
72.73,72.73,74.35,66.43,70.42
72.37,72.37,68.62,68.92,70.82
70.61,70.61,70.14,70.46,71.18
70.70,70.70,65.43,71.06,71.36
71.82,71.82,64.90,69.85,69.16
73.73,73.73,67.69,70.49,69.34
73.70,73.70,68.85,71.14,70.25
75.77,75.77,68.66,71.28,70.91
75.87,75.87,67.38,70.32,71.83
74.48,74.48,66.36,70.23,70.26
75.36,75.36,61.54,70.99,69.93
75.72,75.72,59.58,70.46,70.73
75.73,75.73,63.54,70.45,70.60
75.09,75.09,60.69,71.18,69.95
75.08,75.08,59.65,66.82,70.24
75.33,75.33,57.24,65.24,71.16
75.61,75.61,57.61,58.46,71.03
75.78,75.78,54.14,53.98,71.20
76.61,76.61,50.97,46.80,71.64
77.84,77.84,50.06,33.31,71.11
76.24,76.24,50.75,36.46,70.61
75.99,75.99,49.51,27.74,70.74
75.65,75.65,51.28,32.77,71.37
74.93,74.93,53.52,43.74,71.36
75.14,75.14,60.49,54.26,70.51
74.81,74.81,76.70,69.53,70.30
73.82,73.82,85.06,69.88,68.45
74.61,74.61,81.10,72.66,69.77
75.37,75.37,76.09,70.99,69.91
75.13,75.13,70.87,70.56,70.15
75.11,75.11,65.09,69.65,68.67
74.29,74.29,65.75,69.72,69.19
76.02,76.02,67.98,70.59,68.83
76.77,76.77,70.88,70.99,69.73
77.19,77.19,71.24,68.02,70.73
77.30,77.30,63.64,61.45,69.58
76.42,76.42,59.67,65.08,69.78
74.42,74.42,65.54,66.45,71.22
74.46,74.46,62.38,65.30,71.58
74.84,74.84,60.18,60.24,71.54
73.64,73.64,58.98,65.30,70.90
73.42,73.42,56.57,75.95,71.00
74.80,74.80,56.38,74.15,72.33
75.40,75.40,56.52,74.16,71.51
76.48,76.48,54.53,72.46,71.65
76.48,76.48,52.55,71.84,73.31
77.77,77.77,50.48,71.43,70.48
76.84,76.84,49.12,69.77,70.70
77.09,77.09,48.41,68.96,71.80
77.43,77.43,47.24,69.52,71.63
76.36,76.36,46.30,68.75,71.34
75.49,75.49,48.66,67.86,71.19
75.69,75.69,58.91,66.48,70.40
74.86,74.86,68.42,58.80,69.89
73.24,73.24,80.81,62.08,69.25
71.49,71.49,86.48,52.11,68.40
72.65,72.65,81.97,43.86,67.67
73.74,73.74,76.87,57.77,69.25
72.19,72.19,73.04,55.89,70.60
72.54,72.54,68.16,58.21,69.89
72.67,72.67,67.38,60.03,69.49
74.03,74.03,64.95,61.14,70.56
75.83,75.83,68.28,60.03,71.24
75.38,75.38,71.90,58.60,70.51
76.09,76.09,74.53,57.64,68.86
75.66,75.66,71.53,56.63,70.45
76.07,76.07,67.89,55.91,71.28
76.05,76.05,59.29,55.51,69.68
73.31,73.31,62.12,63.08,68.77
74.46,74.46,61.77,68.60,70.49
74.34,74.34,60.65,75.82,69.64
73.51,73.51,62.67,70.23,68.99
74.47,74.47,64.52,71.81,69.27
75.86,75.86,57.81,71.81,68.70
74.20,74.20,56.16,69.96,69.96
73.28,73.28,53.96,72.80,69.03
74.27,74.27,51.63,72.69,71.24
75.07,75.07,51.28,72.10,70.62
75.15,75.15,49.98,70.79,71.12
75.75,75.75,49.90,70.86,72.65
74.60,74.60,51.64,69.88,72.48
69.02,69.02,60.14,68.12,72.81
62.04,62.04,66.92,70.78,70.00
59.26,59.26,84.57,69.41,71.56
56.99,56.99,84.07,65.82,72.81
55.37,55.37,78.84,67.26,73.18
52.38,52.38,76.68,61.55,73.08
54.49,54.49,68.01,62.72,72.81
51.62,51.62,65.08,64.16,73.69
51.19,51.19,67.36,66.85,73.11
51.18,51.18,65.69,65.93,73.87
50.46,50.46,72.17,66.28,75.37
48.90,48.90,74.52,62.48,75.05
50.37,50.37,73.75,62.27,76.16
50.94,50.94,73.71,64.76,75.73
50.74,50.74,65.91,62.83,74.16
50.55,50.55,63.47,59.05,74.75
52.20,52.20,64.09,66.20,74.43
49.68,49.68,65.46,77.35,71.84
50.18,50.18,61.65,71.17,72.49
48.12,48.12,62.73,70.02,71.31
48.00,48.00,61.64,71.45,72.68
48.02,48.02,59.81,71.73,73.45
46.32,46.32,55.99,71.45,72.88
44.49,44.49,54.65,71.85,73.99
42.68,42.68,52.07,70.94,73.60
43.75,43.75,50.73,72.84,73.11
43.75,43.75,51.09,71.99,72.53
44.15,44.15,51.92,68.34,72.78
47.02,47.02,57.10,62.96,73.39
44.08,44.08,64.20,56.10,71.90
46.98,46.98,77.32,54.91,71.95
49.74,49.74,84.46,58.30,71.48
52.03,52.03,85.67,55.60,71.42
51.98,51.98,79.60,72.35,72.89
52.59,52.59,74.69,71.88,73.71
52.89,52.89,70.51,72.15,75.21
48.63,48.63,68.20,72.71,73.91
46.02,46.02,65.69,73.83,73.52
40.83,40.83,65.60,73.67,72.42
37.69,37.69,69.60,73.86,75.74
36.70,36.70,71.29,73.61,73.07
36.90,36.90,68.15,73.06,73.32
44.52,44.52,65.55,73.12,73.83
51.12,51.12,63.93,73.56,73.55
60.40,60.40,62.67,73.35,75.09
71.01,71.01,61.47,71.41,75.11
72.34,72.34,61.46,69.96,73.94
67.70,67.70,61.98,67.37,74.24
64.87,64.87,60.84,67.99,73.59
59.39,59.39,60.41,68.56,74.21
56.32,56.32,60.02,66.37,74.86
51.80,51.80,56.29,64.45,75.85
47.64,47.64,52.55,59.78,75.38
48.38,48.38,51.16,52.37,76.15
49.84,49.84,49.74,53.12,75.18
54.81,54.81,49.96,42.48,75.05
58.61,58.61,51.30,46.73,75.64
61.77,61.77,62.71,54.06,75.02
68.08,68.08,67.64,65.05,74.04
64.64,64.64,79.56,72.67,73.28
67.20,67.20,86.14,69.66,68.32
72.32,72.32,81.01,67.52,69.75
72.78,72.78,74.06,68.99,71.06
71.85,71.85,73.25,69.47,71.59
72.54,72.54,70.06,70.30,71.33
71.66,71.66,66.39,70.38,71.74
71.54,71.54,63.50,70.75,71.54
75.28,75.28,63.37,71.17,71.56
75.07,75.07,63.02,71.03,72.26
74.76,74.76,61.96,71.70,72.72
72.80,72.80,60.05,71.49,71.98
63.28,63.28,60.99,71.58,72.31
65.04,65.04,61.31,67.76,72.52
63.13,63.13,66.08,61.97,71.49
69.23,69.23,72.79,65.47,72.45
72.58,72.58,84.79,71.98,69.32
72.38,72.38,80.83,73.62,70.80
71.97,71.97,81.21,74.18,71.49
71.82,71.82,76.69,73.69,71.36
70.59,70.59,60.46,73.21,73.37
70.75,70.75,68.87,74.14,73.30
70.46,70.46,67.20,74.26,72.27
68.75,68.75,69.41,73.44,72.52
70.63,70.63,71.52,73.08,73.84
72.86,72.86,75.26,72.69,71.25
71.27,71.27,71.98,72.05,71.95
70.69,70.69,68.20,72.26,73.03
68.45,68.45,69.65,72.55,73.85
62.77,62.77,77.60,68.79,71.11
63.77,63.77,74.40,68.04,72.76
71.04,71.04,76.27,74.80,72.06
73.06,73.06,69.32,71.62,70.58
71.76,71.76,65.45,71.40,72.43
68.91,68.91,63.91,69.64,72.59
70.09,70.09,63.47,68.47,72.10
71.31,71.31,62.11,70.46,70.86
71.22,71.22,61.12,69.07,70.63
71.12,71.12,60.38,70.10,70.41
71.81,71.81,60.63,71.06,70.15
69.09,69.09,60.09,70.77,71.50
71.46,71.46,59.18,70.48,70.03
72.74,72.74,61.48,68.07,72.06
73.14,73.14,70.31,66.08,73.33
65.94,65.94,83.04,70.00,71.64
70.85,70.85,82.68,73.19,71.15
72.07,72.07,78.56,70.59,71.47
69.07,69.07,76.88,70.99,71.79
66.00,66.00,69.92,71.07,72.61
65.93,65.93,53.66,72.65,73.48
64.58,64.58,56.35,72.84,73.15
63.46,63.46,51.73,72.17,72.08
65.81,65.81,53.01,72.52,72.07
69.10,69.10,55.35,72.33,73.27
71.25,71.25,56.61,71.74,72.71
70.79,70.79,55.08,69.00,72.68
72.19,72.19,60.25,68.30,72.15
74.13,74.13,69.82,70.60,72.78
74.65,74.65,77.22,68.11,72.59
69.21,69.21,84.32,66.40,71.02
71.50,71.50,80.76,67.91,72.84
75.85,75.85,76.98,62.65,72.93
76.33,76.33,77.83,67.62,72.40
76.87,76.87,75.12,67.77,72.32
74.54,74.54,68.36,69.24,73.05
70.25,70.25,65.15,67.65,72.24
71.93,71.93,66.38,67.78,72.76
74.05,74.05,69.34,68.22,71.96
75.74,75.74,69.46,65.40,72.07
74.21,74.21,69.14,67.77,70.99
70.39,70.39,65.57,70.72,70.76
69.05,69.05,65.91,71.08,70.35
71.25,71.25,65.63,73.01,71.62
71.60,71.60,65.32,69.76,70.99
72.48,72.48,64.09,67.90,70.46
72.61,72.61,65.43,74.10,71.16
75.02,75.02,64.46,70.80,71.01
74.19,74.19,64.10,71.29,71.06
72.73,72.73,62.59,71.13,70.98
72.87,72.87,63.20,72.08,69.40
71.63,71.63,63.01,73.06,71.50
72.86,72.86,63.24,72.73,72.07
73.20,73.20,63.24,74.14,71.69
75.79,75.79,63.12,72.85,70.12
74.44,74.44,62.36,72.81,69.01
73.67,73.67,63.47,74.18,70.47
74.12,74.12,67.80,73.35,71.82
70.53,70.53,77.60,69.68,72.30
71.13,71.13,76.75,71.22,71.94
68.84,68.84,82.01,72.34,71.10
69.43,69.43,81.57,70.39,71.34
72.69,72.69,76.01,71.15,74.59
71.91,71.91,73.62,73.07,73.36
68.78,68.78,74.28,71.90,73.35
66.89,66.89,69.15,71.06,72.70
67.24,67.24,68.68,70.83,71.74
69.24,69.24,67.77,69.25,73.57
71.30,71.30,63.82,70.79,73.32
69.79,69.79,63.65,72.81,72.45
66.73,66.73,66.51,72.03,72.46
68.21,68.21,62.63,73.13,72.34
70.06,70.06,64.65,71.09,73.95
73.18,73.18,63.91,68.21,74.95
71.37,71.37,64.72,67.45,72.34
71.12,71.12,65.38,71.59,72.37
66.77,66.77,63.29,69.94,71.58
62.24,62.24,63.45,69.53,71.46
61.32,61.32,63.31,69.93,70.67
59.84,59.84,63.54,70.59,70.12
58.57,58.57,61.74,72.89,69.34
54.37,54.37,61.01,72.00,70.92
56.16,56.16,60.95,71.23,70.57
57.71,57.71,61.60,71.40,70.36
62.73,62.73,59.82,73.32,69.88
60.81,60.81,58.81,72.34,71.88
57.00,57.00,64.32,69.70,72.99
60.54,60.54,68.47,65.12,75.16
60.26,60.26,85.80,68.76,72.60
59.10,59.10,83.04,70.28,72.01
56.57,56.57,79.60,72.65,72.68
52.55,52.55,76.65,69.27,72.07
51.08,51.08,68.65,70.39,72.63
50.49,50.49,62.17,72.33,73.76
47.85,47.85,59.88,70.58,71.63
44.66,44.66,65.25,71.74,71.74
40.33,40.33,74.27,73.10,73.06
42.12,42.12,72.15,71.61,71.81
44.32,44.32,72.51,72.16,71.45
44.95,44.95,65.34,73.39,72.96
47.62,47.62,66.05,73.05,73.81
45.97,45.97,68.11,72.08,76.23
45.90,45.90,64.38,67.70,76.79
45.75,45.75,66.91,70.00,75.95
44.60,44.60,64.52,76.38,76.17
44.54,44.54,62.88,74.32,76.63
44.64,44.64,57.88,74.59,75.04
44.93,44.93,56.21,75.25,76.36
45.05,45.05,56.79,76.21,75.36
44.05,44.05,55.84,77.36,74.54
42.20,42.20,55.07,75.81,75.71
44.72,44.72,53.14,75.11,76.32
45.06,45.06,52.86,76.54,76.61
44.26,44.26,55.75,75.41,75.14
41.29,41.29,65.55,74.26,72.92
37.08,37.08,75.03,71.35,72.79
33.84,33.84,81.64,70.00,70.82
39.16,39.16,85.46,67.19,69.76
43.04,43.04,81.87,70.66,72.83
41.88,41.88,75.76,68.88,71.38
41.95,41.95,70.47,70.65,72.08
42.16,42.16,66.24,71.87,72.86
41.14,41.14,64.94,72.13,74.03
36.77,36.77,63.50,71.09,72.89
34.13,34.13,66.85,69.64,74.63
33.47,33.47,69.57,69.29,72.04
29.68,29.68,73.39,71.99,73.84
25.91,25.91,66.90,72.36,74.36
33.18,33.18,67.41,72.36,74.10
29.21,29.21,64.30,71.44,75.52
28.28,28.28,61.34,75.80,76.27
27.65,27.65,62.05,71.01,75.83
26.83,26.83,63.95,70.95,75.23
32.80,32.80,63.67,72.25,75.66
35.93,35.93,59.05,75.39,75.28
32.51,32.51,57.32,72.91,74.00
30.71,30.71,57.26,72.06,74.43
29.84,29.84,57.89,71.09,73.24
26.34,26.34,56.28,75.23,74.76
29.64,29.64,55.19,74.26,72.59
38.77,38.77,53.67,75.22,73.48
39.21,39.21,51.23,73.53,74.85
36.66,36.66,54.02,72.75,73.38
32.74,32.74,67.40,70.68,73.47
31.75,31.75,76.16,64.04,74.79
33.88,33.88,84.43,59.68,73.79
30.09,30.09,84.66,58.03,71.65
28.41,28.41,79.88,67.86,72.88
30.47,30.47,71.14,69.32,73.24
34.78,34.78,70.10,71.76,74.02
34.84,34.84,65.25,71.44,73.41
28.37,28.37,60.57,70.40,72.59
29.38,29.38,70.31,73.70,73.21
30.06,30.06,72.47,74.83,72.26
26.60,26.60,71.18,72.57,74.39
25.78,25.78,68.45,74.55,74.53
26.55,26.55,63.37,75.56,73.83
27.35,27.35,65.45,75.36,75.09
28.94,28.94,59.96,72.34,75.89
28.14,28.14,58.17,69.26,76.66
30.69,30.69,61.36,74.63,75.88
31.17,31.17,61.00,74.38,74.46
29.98,29.98,59.41,76.72,75.07
30.44,30.44,60.77,74.15,74.15
30.04,30.04,56.84,76.88,74.03
28.53,28.53,53.06,75.56,73.52
27.82,27.82,53.14,75.70,76.07
30.43,30.43,52.35,76.29,74.37
32.17,32.17,52.10,77.20,75.80
32.84,32.84,50.57,75.42,73.88
31.64,31.64,50.95,76.40,74.39
27.58,27.58,58.34,76.34,73.21
23.63,23.63,66.51,71.39,74.19
28.69,28.69,79.59,62.83,73.75
33.05,33.05,85.17,61.75,72.32
35.97,35.97,83.88,59.81,72.60
37.54,37.54,80.50,62.57,74.44
39.59,39.59,72.87,60.43,73.44
41.67,41.67,68.45,64.23,73.61
42.99,42.99,65.28,69.31,73.13
43.32,43.32,64.88,71.37,74.11
44.85,44.85,66.48,72.78,73.21
46.47,46.47,69.17,68.82,74.59
47.50,47.50,64.28,66.84,74.30
49.24,49.24,63.49,71.21,74.25
49.13,49.13,67.66,74.15,73.09
51.88,51.88,64.32,72.53,74.48
56.00,56.00,66.62,72.93,74.18
57.65,57.65,65.72,68.91,74.24
64.95,64.95,63.53,76.68,72.54
70.84,70.84,57.10,73.37,73.36
74.81,74.81,57.46,74.86,70.93
76.17,76.17,56.51,72.87,71.63
76.13,76.13,54.02,74.81,72.49
76.52,76.52,55.88,73.49,72.23
75.49,75.49,55.39,74.21,71.45
72.86,72.86,52.55,73.27,74.06
73.05,73.05,53.24,74.30,72.70
73.86,73.86,52.45,73.87,72.06
72.64,72.64,51.19,75.80,71.23
71.85,71.85,57.53,73.39,72.38
72.02,72.02,68.08,71.38,72.26
70.86,70.86,73.35,63.31,71.96
71.52,71.52,85.27,64.89,71.02
70.88,70.88,81.17,62.42,69.70
72.51,72.51,78.84,65.35,69.75
73.91,73.91,71.35,68.39,68.31
74.20,74.20,63.23,71.41,67.29
73.36,73.36,66.29,69.74,68.27
73.94,73.94,69.08,68.68,70.37
74.03,74.03,72.03,69.61,69.94
75.15,75.15,70.35,72.40,67.95
73.22,73.22,72.37,73.60,70.19
72.84,72.84,72.11,73.00,67.24
72.17,72.17,71.30,71.70,69.34
74.73,74.73,67.95,70.77,72.89
75.09,75.09,71.68,69.20,75.94
73.02,73.02,74.23,64.80,74.11
73.20,73.20,74.08,67.05,74.81
72.90,72.90,78.00,73.47,72.86
70.67,70.67,77.29,73.99,73.36
70.37,70.37,79.03,71.15,72.57
71.42,71.42,77.88,72.54,72.32
71.26,71.26,76.50,72.24,71.63
70.54,70.54,77.89,73.58,72.01
73.72,73.72,77.67,72.59,71.76
74.10,74.10,77.90,73.54,72.48
73.51,73.51,78.37,71.64,74.13
74.35,74.35,77.62,71.54,69.96
72.09,72.09,77.99,67.42,70.30
71.97,71.97,79.88,65.63,70.18
68.04,68.04,82.12,65.39,68.21
68.26,68.26,84.71,63.76,68.69
70.87,70.87,80.61,65.74,70.42
69.79,69.79,77.66,68.63,70.65
70.25,70.25,70.19,70.05,70.49
71.33,71.33,69.24,68.65,70.29
73.29,73.29,69.60,70.10,68.88
73.23,73.23,71.10,71.41,70.43
75.46,75.46,69.87,70.96,69.87
72.69,72.69,73.43,69.24,68.61
74.24,74.24,74.14,71.24,68.46
69.98,69.98,70.54,68.91,70.61
69.85,69.85,70.63,70.21,70.91
62.59,62.59,71.92,71.15,72.22
67.92,67.92,72.48,70.06,73.58
74.18,74.18,68.98,65.52,73.03
71.39,71.39,68.52,72.65,73.22
71.90,71.90,69.29,71.54,72.44
73.30,73.30,68.57,70.50,71.24
74.22,74.22,70.75,70.65,72.75
73.76,73.76,71.03,71.45,71.95
70.24,70.24,70.87,72.41,71.85
73.19,73.19,68.39,72.19,72.40
73.58,73.58,67.75,71.27,72.27
74.36,74.36,68.76,70.63,73.41
74.65,74.65,68.49,70.70,71.11
75.49,75.49,68.30,70.59,72.66
74.18,74.18,67.53,70.88,70.19
73.19,73.19,67.37,72.53,73.28
69.38,69.38,82.78,70.57,71.65
71.65,71.65,83.32,62.10,71.14
70.44,70.44,79.98,62.80,71.98
74.36,74.36,79.63,66.13,73.19
72.73,72.73,70.26,65.88,72.40
71.64,71.64,66.39,67.34,73.67
71.06,71.06,66.24,64.56,71.82
68.69,68.69,66.80,68.12,71.32
69.34,69.34,66.44,69.02,72.73
68.70,68.70,68.76,69.70,72.77
71.22,71.22,72.64,68.70,73.28
69.82,69.82,65.83,69.56,73.02
71.06,71.06,69.03,70.53,73.53
71.48,71.48,68.17,69.36,74.61
73.05,73.05,66.05,67.87,74.62
70.94,70.94,66.41,70.56,75.38
68.34,68.34,63.23,74.23,74.02
67.89,67.89,58.51,71.35,74.01
69.58,69.58,59.22,71.53,72.78
70.46,70.46,59.54,72.66,72.18
73.17,73.17,58.69,72.17,73.16
71.79,71.79,58.69,71.08,72.41
72.59,72.59,58.49,70.96,72.59
72.82,72.82,57.93,70.69,72.76
73.30,73.30,59.40,70.82,73.77
74.47,74.47,60.13,71.52,74.43
74.16,74.16,61.12,69.62,74.08
70.78,70.78,66.86,68.11,72.47
69.59,69.59,76.22,63.43,74.02
68.69,68.69,82.06,64.50,70.72
69.95,69.95,85.03,69.38,70.54
70.55,70.55,79.96,64.64,71.54
71.17,71.17,74.92,64.71,71.15
71.01,71.01,70.08,67.31,72.36
70.41,70.41,68.71,65.81,71.78
69.48,69.48,65.31,64.17,73.63
68.52,68.52,64.13,67.15,73.52
69.30,69.30,67.27,69.73,74.21
68.85,68.85,64.25,69.79,74.30
70.58,70.58,63.90,68.71,73.28
71.69,71.69,61.26,67.02,73.22
70.62,70.62,60.47,64.97,73.46
69.37,69.37,60.21,62.72,71.59
71.79,71.79,62.88,65.86,73.19
72.28,72.28,59.99,68.85,72.35
73.32,73.32,58.22,70.95,71.78
71.73,71.73,59.74,68.80,71.93
70.00,70.00,61.30,67.13,71.25
69.50,69.50,61.68,67.99,71.76
71.29,71.29,59.96,67.54,72.96
63.14,63.14,58.38,67.59,73.29
58.85,58.85,56.97,69.48,73.92
57.85,57.85,57.57,70.29,74.23
60.69,60.69,55.48,70.09,72.25
62.81,62.81,54.41,70.07,72.42
65.37,65.37,57.05,68.19,71.89
65.68,65.68,62.71,66.24,71.92
70.64,70.64,73.77,68.65,73.87
72.58,72.58,84.09,69.19,70.67
73.93,73.93,84.80,66.98,68.77
74.62,74.62,79.69,71.25,69.69
74.73,74.73,71.28,72.16,71.48
73.03,73.03,67.49,72.44,70.91
73.71,73.71,61.37,72.26,72.17
73.69,73.69,67.81,71.52,72.53
72.49,72.49,73.22,71.82,72.64
73.70,73.70,70.75,71.71,71.61
75.05,75.05,72.06,71.95,72.09
75.19,75.19,67.84,71.26,71.75
73.01,73.01,63.14,70.61,71.56
72.17,72.17,65.83,71.16,70.85
72.61,72.61,62.08,69.48,76.49
73.50,73.50,61.36,73.05,73.74
73.00,73.00,59.29,75.43,73.16
73.32,73.32,60.39,71.19,73.57
73.59,73.59,62.79,72.00,74.09
74.29,74.29,61.21,70.38,74.62
74.14,74.14,53.90,71.21,74.17
73.48,73.48,50.27,71.24,74.69
73.60,73.60,50.52,72.85,73.77
74.46,74.46,51.29,71.27,73.78
73.07,73.07,51.25,71.60,73.57
72.32,72.32,51.10,72.21,74.55
71.38,71.38,51.43,71.18,71.82
73.94,73.94,62.39,70.67,71.73
72.20,72.20,71.76,70.95,69.02
62.41,62.41,78.80,71.11,67.66
56.66,56.66,85.06,66.64,68.09
57.48,57.48,81.97,69.02,68.15
57.81,57.81,75.19,67.62,69.13
53.54,53.54,74.12,66.94,68.59
58.77,58.77,71.50,69.57,70.01
60.35,60.35,67.85,70.43,71.16
57.22,57.22,65.57,68.93,70.66
56.42,56.42,65.35,71.16,71.43
61.45,61.45,66.74,70.33,71.13
65.40,65.40,64.47,72.89,71.60
67.77,67.77,61.26,75.04,71.18
67.93,67.93,59.57,75.27,72.85
70.74,70.74,61.65,76.00,71.81
66.55,66.55,63.84,70.43,74.44
72.26,72.26,67.64,71.38,73.40
69.62,69.62,66.21,74.48,75.09
68.12,68.12,60.63,75.68,76.13
72.02,72.02,57.26,77.34,75.95
72.24,72.24,58.20,77.35,74.87
69.21,69.21,58.67,75.47,74.73
66.09,66.09,57.17,77.23,75.62
63.61,63.61,58.81,78.35,73.53
62.18,62.18,56.98,76.46,73.95
62.68,62.68,55.15,77.16,73.33
67.34,67.34,53.83,76.59,73.26
63.49,63.49,56.63,77.87,74.38
64.54,64.54,63.68,74.95,73.79
64.92,64.92,75.52,68.81,75.72
70.15,70.15,84.01,68.19,71.46
69.43,69.43,84.17,67.07,72.31
70.99,70.99,79.00,69.27,70.36
71.14,71.14,74.56,75.11,70.85
71.17,71.17,75.54,74.26,71.48
69.77,69.77,70.11,74.02,71.95
65.35,65.35,69.80,74.85,72.60
58.69,58.69,69.73,76.49,73.83
58.31,58.31,70.79,75.85,74.47
59.41,59.41,71.86,75.31,75.05
63.92,63.92,67.21,76.37,73.76
63.65,63.65,58.34,77.02,74.64
64.20,64.20,61.31,77.18,73.14
64.72,64.72,60.66,77.05,73.47
69.87,69.87,56.34,73.52,73.89
68.47,68.47,59.48,71.84,73.56
68.88,68.88,60.55,76.18,72.17
68.15,68.15,59.50,76.43,71.11
69.09,69.09,53.81,78.22,71.05
67.42,67.42,53.52,76.38,71.48
68.76,68.76,52.50,76.21,73.79
66.65,66.65,49.48,77.95,71.00
62.45,62.45,50.17,76.76,71.06
63.29,63.29,49.01,78.64,72.95
63.76,63.76,47.41,77.60,72.30
63.52,63.52,49.73,77.56,72.84
61.03,61.03,54.87,78.57,68.57
63.84,63.84,66.69,75.03,68.11
68.21,68.21,78.06,69.68,70.35
65.92,65.92,83.53,65.60,70.28
64.31,64.31,82.76,67.74,69.04
65.58,65.58,82.53,67.50,70.87
65.96,65.96,75.46,70.77,70.39
67.72,67.72,67.74,70.19,69.88
68.44,68.44,67.15,73.64,69.60
69.41,69.41,64.40,73.92,70.38
71.70,71.70,64.35,71.44,70.37
72.54,72.54,67.04,75.58,71.45
70.73,70.73,67.53,75.29,72.43
69.31,69.31,69.97,74.94,71.22
72.15,72.15,71.57,74.32,71.30
68.57,68.57,66.77,75.78,72.88
65.49,65.49,61.60,75.71,72.11
67.57,67.57,62.05,70.15,73.19
70.29,70.29,59.01,75.21,71.53
71.31,71.31,56.81,77.75,72.04
69.65,69.65,57.04,77.73,73.96
68.99,68.99,55.15,77.11,72.33
69.11,69.11,56.30,77.77,71.66
68.47,68.47,64.20,78.21,72.46
68.28,68.28,76.41,78.31,72.11
69.14,69.14,76.40,77.13,71.00
69.63,69.63,72.51,77.81,70.99
68.34,68.34,63.09,77.92,73.90
65.18,65.18,62.18,77.60,72.60
64.22,64.22,63.49,76.10,73.96
64.70,64.70,67.17,76.97,71.85
66.09,66.09,83.59,76.98,72.84
65.76,65.76,83.39,69.17,74.36
64.97,64.97,78.49,68.79,73.39
66.22,66.22,72.91,72.78,74.44
66.77,66.77,68.07,75.02,74.97
66.77,66.77,56.34,75.56,73.98
70.09,70.09,57.52,74.49,72.14
72.02,72.02,55.52,75.54,71.56
72.11,72.11,56.96,76.86,70.22
73.05,73.05,57.43,75.72,72.61
72.72,72.72,58.01,76.03,73.47
72.79,72.79,58.77,75.41,74.96
71.51,71.51,60.18,76.15,74.20
71.00,71.00,63.10,74.30,73.48
66.97,66.97,73.81,73.68,72.30
66.64,66.64,84.64,70.00,71.90
69.74,69.74,81.83,66.47,71.34
70.23,70.23,76.06,68.53,72.15
70.17,70.17,72.40,68.79,72.15
70.11,70.11,66.03,71.89,73.37
71.06,71.06,65.24,71.68,70.07
70.60,70.60,60.75,74.09,71.28
71.25,71.25,55.00,73.12,70.40
71.53,71.53,51.31,73.85,72.16
71.89,71.89,53.63,75.13,72.68
71.94,71.94,56.48,73.04,70.52
71.10,71.10,60.51,75.05,70.29
72.08,72.08,65.30,72.98,69.79
70.41,70.41,74.07,70.04,70.74
66.87,66.87,81.38,67.78,66.65
64.66,64.66,84.81,65.99,68.75
65.62,65.62,78.60,68.28,69.49
72.07,72.07,71.38,71.14,71.18
72.63,72.63,66.08,73.84,70.65
69.28,69.28,64.01,69.93,71.57
69.19,69.19,62.89,73.39,71.97
71.15,71.15,62.31,73.04,70.88
68.88,68.88,61.33,72.26,71.60
68.49,68.49,59.64,75.34,70.54
71.46,71.46,60.99,74.93,71.82
71.47,71.47,61.28,75.05,71.76
70.11,70.11,64.07,74.37,71.28
69.97,69.97,64.43,73.07,72.99
70.06,70.06,83.41,73.39,71.21
75.87,75.87,83.91,67.41,70.04
77.88,77.88,80.33,67.36,71.46
78.00,78.00,76.88,69.61,71.65
77.57,77.57,71.70,71.70,70.31
79.11,79.11,67.21,70.77,69.60
80.13,80.13,65.80,69.75,70.87
79.79,79.79,52.68,71.06,69.24
79.23,79.23,57.81,71.85,70.71
77.17,77.17,55.62,69.98,68.62
75.17,75.17,54.61,71.50,70.26
75.80,75.80,55.30,70.84,68.60
75.86,75.86,61.53,64.60,69.89
76.66,76.66,59.58,66.09,67.08
75.40,75.40,69.63,68.11,69.02
74.19,74.19,84.31,72.90,70.16
72.42,72.42,83.56,71.06,70.62
74.95,74.95,81.21,67.01,69.70
72.78,72.78,72.39,67.92,72.38
72.79,72.79,68.74,67.79,71.75
73.22,73.22,64.74,68.82,71.38
72.41,72.41,62.93,69.40,71.44
72.58,72.58,65.90,70.71,71.60
71.98,71.98,72.25,70.53,71.23
71.93,71.93,72.94,71.76,71.95
73.52,73.52,64.25,73.22,72.48
73.55,73.55,62.97,71.26,71.90
71.99,71.99,65.26,72.60,71.36
74.31,74.31,62.69,71.27,72.58
75.40,75.40,60.63,68.24,72.78
76.08,76.08,61.73,73.13,71.79
76.64,76.64,62.36,75.65,71.27
76.05,76.05,63.78,72.46,70.93
75.92,75.92,62.56,72.93,71.58
75.07,75.07,61.06,73.13,71.88
74.21,74.21,59.60,73.19,72.10
74.88,74.88,60.90,74.33,73.08
74.97,74.97,61.11,75.60,72.50
74.46,74.46,61.75,75.07,71.29
75.02,75.02,60.94,74.77,70.47
74.10,74.10,60.59,76.11,70.82
74.85,74.85,60.46,74.71,72.19
74.76,74.76,61.58,73.95,71.45
74.36,74.36,68.33,70.51,71.41
74.72,74.72,76.60,74.07,71.83
73.49,73.49,82.52,72.14,71.37
74.17,74.17,82.05,71.41,72.68
72.98,72.98,79.09,69.92,71.63
74.08,74.08,73.16,70.01,72.01
74.78,74.78,70.03,70.07,72.94
75.48,75.48,63.48,70.48,72.29
75.58,75.58,64.72,72.06,71.88
74.76,74.76,64.03,72.81,72.22
74.39,74.39,66.49,72.23,71.14
72.34,72.34,67.39,71.02,72.35
72.08,72.08,60.00,71.89,72.60
71.64,71.64,61.07,72.30,72.30
72.89,72.89,61.43,73.87,72.63
72.80,72.80,65.27,75.29,74.16
71.08,71.08,65.32,72.15,74.46
71.58,71.58,59.90,75.98,73.72
71.35,71.35,60.62,75.23,72.47
70.09,70.09,59.02,74.32,72.19
71.12,71.12,58.56,72.60,70.94
74.50,74.50,56.06,72.08,70.17
72.59,72.59,55.44,73.36,69.39
73.58,73.58,57.22,73.17,69.72
74.91,74.91,56.19,74.37,69.85
73.33,73.33,54.91,74.34,69.36
68.95,68.95,56.53,73.63,69.76
71.35,71.35,57.94,74.60,69.57
69.42,69.42,59.79,72.61,70.73
75.72,75.72,60.69,70.05,71.66
74.49,74.49,70.15,73.38,72.22
73.46,73.46,83.54,72.22,69.69
71.94,71.94,83.99,69.94,68.51
74.20,74.20,78.51,65.78,66.72
70.45,70.45,71.69,68.28,65.99
70.70,70.70,71.50,71.30,67.37
76.75,76.75,65.94,69.78,65.67
78.72,78.72,59.75,70.43,65.81
79.26,79.26,69.62,72.40,67.64
78.80,78.80,69.70,71.67,64.97
79.05,79.05,69.01,71.51,65.74
78.83,78.83,72.65,71.51,65.28
76.80,76.80,70.39,72.94,66.51
75.40,75.40,66.53,72.71,73.04
72.75,72.75,61.19,71.72,73.22
72.71,72.71,62.98,72.92,72.15
73.43,73.43,67.16,70.71,72.41
73.11,73.11,62.79,76.30,72.48
72.92,72.92,60.61,73.06,71.47
73.94,73.94,55.73,73.52,72.00
73.36,73.36,54.29,75.08,70.82
74.70,74.70,53.70,73.44,70.68
74.36,74.36,55.10,73.14,69.74
75.09,75.09,52.79,74.62,69.90
75.65,75.65,52.38,73.76,70.63
74.91,74.91,53.38,72.73,70.16
74.04,74.04,57.73,73.42,71.14
73.45,73.45,65.46,71.43,70.19
70.27,70.27,77.89,67.50,71.37
68.39,68.39,78.80,59.41,68.99
69.30,69.30,83.66,65.28,68.83
71.51,71.51,82.85,68.43,70.42
72.39,72.39,76.58,68.46,70.98
71.07,71.07,70.75,68.13,69.94
70.88,70.88,68.23,69.52,71.57
70.75,70.75,66.85,69.88,70.41
71.23,71.23,65.23,68.35,69.85
71.16,71.16,69.62,71.61,70.68
69.87,69.87,71.19,72.03,71.28
72.82,72.82,69.46,69.62,71.37
72.86,72.86,69.91,69.56,70.58
75.07,75.07,64.65,71.62,71.66
73.83,73.83,61.26,69.50,71.90
72.40,72.40,64.88,71.89,71.66
72.73,72.73,63.13,73.29,73.03
71.80,71.80,60.43,73.30,72.37
71.65,71.65,56.55,67.61,71.52
70.84,70.84,56.15,74.16,72.13
71.28,71.28,56.71,71.42,72.67
73.62,73.62,55.50,71.13,74.52
73.96,73.96,56.31,74.04,72.88
73.01,73.01,53.48,72.66,72.89
73.15,73.15,55.37,71.56,73.37
73.58,73.58,53.75,73.46,74.02
73.97,73.97,53.24,74.55,72.33
75.22,75.22,56.83,72.55,74.17
75.14,75.14,65.98,70.32,73.26
75.87,75.87,76.15,68.28,71.81
75.69,75.69,85.19,64.00,70.92
74.80,74.80,81.58,67.29,71.53
73.81,73.81,76.65,64.96,70.85
73.75,73.75,71.66,64.97,71.45
73.19,73.19,65.74,70.81,71.75
71.63,71.63,55.75,72.12,73.32
72.77,72.77,61.01,71.97,73.32
71.75,71.75,71.21,71.41,73.48
71.09,71.09,70.02,71.38,72.94
70.42,70.42,71.38,72.29,72.50
71.58,71.58,68.05,72.04,72.54
71.66,71.66,69.18,74.93,72.86
71.67,71.67,63.84,73.89,72.48
72.66,72.66,62.20,73.50,73.75
73.95,73.95,66.27,66.91,74.15
74.31,74.31,62.25,64.84,74.19
74.61,74.61,61.47,68.94,73.22
74.84,74.84,60.69,74.29,72.93
72.95,72.95,58.20,74.19,74.56
73.17,73.17,53.03,74.67,73.19
73.07,73.07,53.21,72.84,74.49
73.18,73.18,53.25,74.30,73.74
71.74,71.74,53.23,75.11,74.41
71.27,71.27,52.79,74.15,73.97
71.29,71.29,51.42,73.18,73.64
70.57,70.57,53.97,75.17,72.45
71.03,71.03,61.23,72.33,72.75
70.60,70.60,70.19,67.53,72.59
70.15,70.15,78.66,64.35,70.97
69.94,69.94,83.23,64.52,69.69
70.70,70.70,83.05,60.20,71.83
69.82,69.82,78.11,66.19,69.43
66.99,66.99,69.92,65.48,71.87
69.43,69.43,67.42,69.27,71.70
69.77,69.77,66.06,68.56,71.10
68.80,68.80,64.89,70.52,72.13
67.55,67.55,65.05,73.71,72.32
67.62,67.62,65.06,73.07,72.07
64.35,64.35,66.70,71.98,71.95
64.59,64.59,67.86,70.43,72.37
64.71,64.71,67.25,72.14,68.99
65.02,65.02,65.57,73.17,72.75
65.75,65.75,63.76,74.09,74.52
67.11,67.11,62.09,74.40,74.54
66.97,66.97,61.61,70.47,74.23
66.90,66.90,60.97,73.46,73.45
67.37,67.37,58.50,73.52,73.31
65.96,65.96,56.95,74.36,73.58
66.45,66.45,56.82,73.28,72.92
65.93,65.93,56.82,74.83,73.13
67.10,67.10,55.91,73.19,72.73
69.73,69.73,57.91,73.90,73.56
70.24,70.24,57.30,74.54,74.11
68.23,68.23,54.70,74.60,72.04
68.50,68.50,59.74,72.89,73.77
67.48,67.48,65.72,73.40,73.19
63.45,63.45,74.01,63.07,74.00
57.62,57.62,80.56,66.36,72.97
58.77,58.77,85.01,67.26,71.61
62.16,62.16,80.83,64.85,71.59
59.43,59.43,76.39,66.49,73.27
55.64,55.64,78.47,70.55,73.55
53.99,53.99,75.65,71.91,73.96
50.78,50.78,75.48,72.88,73.91
51.84,51.84,75.96,72.43,72.95
52.50,52.50,77.49,72.16,73.53
50.79,50.79,78.00,72.30,73.91
49.60,49.60,77.19,71.48,73.72
43.98,43.98,76.35,71.34,74.87
38.01,38.01,76.32,68.86,75.97
43.11,43.11,75.86,70.97,75.60
45.16,45.16,77.48,68.30,75.07
42.39,42.39,76.64,69.33,74.75
37.21,37.21,72.53,63.74,74.54
38.30,38.30,77.50,68.71,74.25
39.71,39.71,76.36,69.67,75.27
34.73,34.73,74.59,66.58,76.44
35.67,35.67,77.65,66.44,74.48
36.91,36.91,76.50,68.02,74.43
36.95,36.95,74.23,68.78,73.71
31.68,31.68,75.75,69.98,75.17
27.96,27.96,72.93,69.62,74.94
29.01,29.01,76.55,71.99,74.11
23.70,23.70,76.28,69.86,74.57
13.92,13.92,72.93,64.50,73.96
13.21,13.21,81.69,67.31,72.57
11.03,11.03,83.90,66.95,67.90
12.85,12.85,81.10,63.49,70.67
15.58,15.58,76.55,66.62,70.57
21.70,21.70,71.70,68.09,72.93
19.80,19.80,68.45,66.36,71.90
17.32,17.32,69.85,66.11,73.81
13.64,13.64,65.53,67.76,72.99
12.97,12.97,66.69,66.31,72.59
11.33,11.33,67.67,64.88,73.97
11.89,11.89,68.16,71.25,73.79
18.32,18.32,72.43,72.20,73.71
24.40,24.40,71.30,70.95,74.51
28.53,28.53,69.26,70.12,73.71
27.17,27.17,64.32,71.15,73.89
23.10,23.10,66.58,66.98,73.97
25.77,25.77,63.61,73.47,72.84
28.51,28.51,65.62,73.40,75.05
27.61,27.61,64.62,74.02,74.97
25.69,25.69,62.98,74.59,75.07
29.00,29.00,63.78,73.64,74.19
26.84,26.84,62.52,74.65,71.98
26.93,26.93,61.62,69.75,74.71
32.60,32.60,62.63,71.39,75.00
31.41,31.41,63.22,74.39,74.08
31.40,31.40,64.38,75.36,73.44
35.41,35.41,62.60,70.02,74.73
37.48,37.48,65.95,72.74,73.98
35.05,35.05,66.46,66.39,75.09
38.08,38.08,73.99,70.13,75.44
44.36,44.36,84.59,70.86,73.61
48.72,48.72,82.86,69.96,73.45
51.66,51.66,78.98,71.98,71.84
45.31,45.31,70.11,72.06,72.95
38.32,38.32,62.55,72.45,71.74
31.93,31.93,64.47,74.19,72.20
39.44,39.44,65.09,74.13,73.31
52.84,52.84,67.00,72.99,74.39
58.21,58.21,68.83,71.57,74.11
64.71,64.71,65.48,70.60,73.05
67.92,67.92,69.94,71.68,72.40
65.95,65.95,67.77,73.21,72.06
70.90,70.90,65.55,73.80,71.67
70.73,70.73,60.62,73.26,71.98
74.63,74.63,63.38,74.52,72.58
71.32,71.32,60.92,75.76,72.60
65.64,65.64,60.83,74.36,72.72
68.12,68.12,57.35,74.87,73.55
68.92,68.92,55.79,73.83,72.68
70.78,70.78,55.07,73.49,73.45
69.57,69.57,56.87,73.66,72.58
68.83,68.83,54.95,72.51,72.71
68.20,68.20,56.23,72.48,73.18
64.29,64.29,55.66,71.61,73.29
68.14,68.14,53.62,70.77,73.10
66.31,66.31,54.66,70.04,73.66
72.37,72.37,63.26,68.34,73.00
69.01,69.01,71.85,64.61,72.25
73.05,73.05,79.07,68.74,72.44
72.65,72.65,81.22,62.84,71.10
71.37,71.37,84.08,65.07,71.26
71.83,71.83,81.42,62.37,72.65
71.32,71.32,71.41,59.89,72.96
68.62,68.62,65.96,60.11,73.16
67.12,67.12,64.54,61.43,71.85
67.65,67.65,65.46,62.77,71.90
61.70,61.70,67.74,66.06,71.15
61.49,61.49,66.32,66.76,73.48
65.58,65.58,67.59,67.14,72.50
67.07,67.07,65.05,67.74,72.89
70.68,70.68,67.67,67.56,73.78
70.94,70.94,68.43,66.43,73.76
73.73,73.73,65.62,67.15,73.09
77.24,77.24,60.76,73.23,71.14
74.94,74.94,63.41,75.25,70.68
72.99,72.99,61.84,73.90,70.48
72.58,72.58,57.31,73.49,70.23
73.94,73.94,55.31,73.15,71.78
73.91,73.91,52.82,73.41,71.93
73.25,73.25,53.40,74.58,70.73
69.12,69.12,54.82,73.61,70.53
68.46,68.46,52.78,73.80,70.48
66.95,66.95,53.63,74.82,72.28
65.33,65.33,50.58,73.41,72.44
66.33,66.33,55.00,72.67,71.06
67.44,67.44,62.49,70.51,74.04
66.91,66.91,67.47,63.05,73.23
74.08,74.08,84.87,65.09,70.19
73.57,73.57,83.67,65.60,69.40
73.11,73.11,79.72,64.26,68.01
72.30,72.30,74.39,66.34,69.25
73.57,73.57,65.47,69.44,67.52
72.68,72.68,67.19,70.70,67.04
73.19,73.19,63.53,70.45,67.84
74.75,74.75,67.00,69.79,66.85
75.60,75.60,71.24,68.07,65.65
76.40,76.40,69.40,67.27,66.36
75.24,75.24,70.36,67.75,69.74
74.11,74.11,66.63,66.81,68.90
71.81,71.81,65.66,66.57,66.94
72.66,72.66,68.37,66.59,71.99
71.75,71.75,64.52,62.85,74.16
71.70,71.70,65.85,76.75,72.79
70.16,70.16,58.35,72.47,70.74
67.98,67.98,53.78,71.57,71.72
71.06,71.06,56.29,71.47,70.69
74.00,74.00,56.26,71.96,71.40
74.92,74.92,51.90,73.06,71.91
72.93,72.93,53.75,72.43,72.77
72.53,72.53,52.47,70.95,70.27
74.95,74.95,52.88,71.54,72.13
75.03,75.03,50.50,71.08,72.27
73.89,73.89,50.41,71.33,71.17
73.45,73.45,54.33,71.02,71.46
74.14,74.14,64.89,68.99,69.22
71.36,71.36,72.37,66.00,68.63
61.86,61.86,82.74,69.22,65.80
59.76,59.76,82.19,66.59,66.28
64.83,64.83,78.91,66.02,68.92
63.01,63.01,73.21,71.42,70.68
63.18,63.18,69.31,71.78,71.16
58.89,58.89,68.34,73.53,69.38
61.58,61.58,65.42,73.27,70.04
64.18,64.18,63.87,73.86,68.97
63.62,63.62,65.40,73.58,68.28
65.61,65.61,66.16,72.67,69.60
66.63,66.63,66.14,71.89,69.50
68.34,68.34,71.05,72.23,68.92
71.71,71.71,64.72,73.36,69.59
78.94,78.94,60.90,69.97,70.06
77.40,77.40,60.03,70.16,68.72
76.97,76.97,60.29,74.40,69.79
75.71,75.71,61.10,70.47,69.19
76.98,76.98,61.44,71.47,69.72
78.17,78.17,57.45,71.68,69.43
77.42,77.42,57.02,70.55,69.42
78.22,78.22,52.96,71.22,69.32
78.27,78.27,53.15,71.25,70.42
80.54,80.54,55.10,72.88,69.45
80.77,80.77,53.03,72.04,69.86
80.64,80.64,50.97,72.58,69.69
81.06,81.06,51.99,70.64,70.07
80.52,80.52,56.04,69.36,71.96
79.56,79.56,64.01,68.47,71.05
74.25,74.25,74.63,69.75,70.35
73.26,73.26,84.71,62.43,67.46
72.98,72.98,81.77,62.69,68.36
72.93,72.93,78.03,71.47,68.47
72.70,72.70,75.42,69.62,69.12
73.66,73.66,66.72,68.15,68.09
72.30,72.30,69.16,68.39,67.53
75.58,75.58,67.29,68.20,67.71
77.33,77.33,69.77,67.61,67.38
77.38,77.38,66.16,66.55,68.54
73.26,73.26,68.52,67.40,68.81
71.41,71.41,72.20,66.81,69.61
72.79,72.79,68.13,67.31,69.32
73.48,73.48,69.17,68.17,70.83
73.12,73.12,69.94,68.64,70.61
76.92,76.92,67.23,70.72,69.03
74.44,74.44,65.28,74.49,66.91
74.84,74.84,61.77,75.88,66.67
75.45,75.45,57.21,78.33,67.56
76.47,76.47,59.97,75.91,67.18
76.85,76.85,55.59,76.24,68.66
73.77,73.77,53.80,75.35,69.10
73.60,73.60,55.17,77.67,68.79
74.54,74.54,55.35,76.08,68.42
74.85,74.85,53.68,76.65,68.86
73.63,73.63,52.33,76.22,69.55
71.43,71.43,52.04,77.12,68.38
72.56,72.56,60.10,76.23,71.23
72.38,72.38,64.71,76.03,71.52
73.22,73.22,77.73,75.07,70.57
71.84,71.84,86.46,60.78,68.15
72.27,72.27,79.36,71.29,67.51
72.01,72.01,77.46,74.45,69.54
73.01,73.01,75.32,71.63,69.18
73.58,73.58,67.91,71.28,68.78
74.32,74.32,67.84,71.67,68.44
75.10,75.10,68.20,73.51,68.82
75.21,75.21,64.62,72.11,69.20
75.65,75.65,64.74,74.20,69.20
74.53,74.53,63.77,74.13,69.92
74.65,74.65,66.05,74.81,70.36
75.39,75.39,62.90,73.45,68.79
76.23,76.23,63.95,76.00,70.51
72.38,72.38,63.29,75.00,69.90
69.88,69.88,62.19,77.17,71.01
70.24,70.24,62.85,69.30,70.08
74.21,74.21,59.81,70.64,72.08
74.74,74.74,58.67,72.19,72.71
72.45,72.45,60.62,72.61,72.29
71.64,71.64,61.11,72.58,71.88
72.05,72.05,70.64,71.86,71.10
71.39,71.39,76.59,72.14,71.29
69.86,69.86,73.35,72.35,70.26
69.32,69.32,69.55,72.34,70.13
70.63,70.63,65.38,71.85,71.31
69.52,69.52,63.83,70.43,71.11
70.24,70.24,63.62,67.90,71.48
70.06,70.06,67.87,67.76,71.51
71.77,71.77,84.21,64.86,71.00
72.75,72.75,84.55,66.91,69.05
73.87,73.87,78.70,70.77,70.46
73.23,73.23,73.54,69.09,70.88
71.92,71.92,65.58,69.10,71.60
72.26,72.26,61.94,69.40,71.65
72.92,72.92,60.70,69.52,71.16
67.16,67.16,70.17,71.47,71.41
68.43,68.43,70.20,71.67,72.35
67.69,67.69,68.80,72.11,70.40
64.16,64.16,70.58,72.61,70.93
63.26,63.26,67.28,72.17,71.54
63.97,63.97,64.98,72.57,72.12
65.49,65.49,65.80,72.99,71.97
64.28,64.28,78.32,74.44,72.40
65.77,65.77,77.92,74.79,71.26
69.87,69.87,73.45,72.38,71.68
71.79,71.79,66.40,70.95,72.71
75.68,75.68,65.37,74.07,73.10
73.54,73.54,65.17,73.91,72.93
73.96,73.96,66.96,73.17,72.52
72.51,72.51,75.92,69.64,73.27
74.03,74.03,78.14,71.62,69.35
74.16,74.16,72.13,72.13,69.56
74.91,74.91,67.87,73.45,68.85
76.31,76.31,65.65,74.11,69.81
75.78,75.78,65.93,68.56,70.28
75.82,75.82,68.96,63.43,68.71
73.25,73.25,84.16,67.53,71.98
71.74,71.74,81.62,70.09,72.00
65.30,65.30,80.06,69.45,73.04
64.92,64.92,80.20,67.71,74.61
70.62,70.62,70.29,67.44,73.63
71.75,71.75,71.79,68.95,73.65
64.08,64.08,71.75,69.10,74.33
66.08,66.08,71.96,62.95,73.94
64.63,64.63,75.10,64.61,74.03
65.54,65.54,75.58,62.96,74.00
66.64,66.64,77.00,63.85,72.86
66.99,66.99,79.14,67.29,73.43
72.32,72.32,76.93,68.68,74.15
71.93,71.93,76.66,68.31,72.79
71.79,71.79,76.41,63.84,71.50
71.70,71.70,72.38,67.51,72.78
72.28,72.28,77.43,69.83,70.66
73.49,73.49,78.77,71.46,71.66
72.24,72.24,75.77,72.38,73.33
74.75,74.75,77.88,70.63,73.15
75.28,75.28,64.09,71.03,72.11
67.37,67.37,75.53,73.57,72.60
57.71,57.71,86.25,73.10,72.16
56.58,56.58,79.97,70.75,71.90
57.42,57.42,79.81,66.84,73.92
54.89,54.89,74.56,71.60,73.47
56.95,56.95,70.43,71.40,72.66
56.35,56.35,71.94,69.91,70.85
61.97,61.97,77.90,65.34,71.21
58.56,58.56,77.79,66.36,72.10
70.74,70.74,72.54,72.92,71.20
72.25,72.25,71.54,70.97,71.82
74.15,74.15,72.13,73.71,70.66
74.06,74.06,71.29,72.33,69.67
74.10,74.10,70.66,71.82,70.63
74.27,74.27,68.18,73.65,69.73
76.80,76.80,69.05,72.97,69.07
77.39,77.39,67.54,73.25,68.44
76.38,76.38,68.51,74.01,69.85
74.69,74.69,67.63,73.06,71.60
75.49,75.49,67.07,73.36,70.72
73.91,73.91,69.78,74.63,68.88
73.04,73.04,66.67,74.73,69.49
68.44,68.44,69.28,75.23,71.17
66.17,66.17,66.73,75.86,72.91
60.76,60.76,68.48,77.01,71.45
62.85,62.85,64.72,73.62,71.07
64.61,64.61,66.61,71.53,70.40
66.64,66.64,65.58,69.83,71.03
65.64,65.64,62.49,68.32,69.85
66.27,66.27,63.19,67.04,71.22
67.15,67.15,62.37,67.54,67.85
62.59,62.59,64.31,66.45,69.04
58.09,58.09,64.17,66.51,69.19
54.67,54.67,65.68,67.89,68.18
55.75,55.75,65.89,67.44,65.96
55.88,55.88,67.51,67.39,65.26
55.12,55.12,67.68,68.50,64.09
58.29,58.29,79.25,65.35,67.82
63.86,63.86,78.43,67.39,70.30
72.23,72.23,72.22,73.27,71.79
69.53,69.53,71.07,73.17,72.19
71.09,71.09,72.14,69.46,72.96
72.81,72.81,69.23,67.50,72.82
71.07,71.07,68.64,68.16,72.70
71.00,71.00,72.97,70.04,71.69
70.42,70.42,73.60,69.21,72.33
70.72,70.72,72.53,70.61,72.04
70.34,70.34,69.25,70.64,72.34
71.32,71.32,69.40,70.16,73.24
72.32,72.32,71.65,71.21,72.54
71.79,71.79,75.14,69.99,74.01
73.45,73.45,73.45,69.69,73.45
72.98,72.98,74.35,68.47,72.34
74.52,74.52,69.61,68.76,69.25
70.54,70.54,64.75,68.03,71.18
71.57,71.57,67.52,59.80,67.78
71.77,71.77,68.11,61.63,66.61
71.87,71.87,66.38,67.13,66.19
70.87,70.87,70.35,65.17,66.98
73.08,73.08,68.15,67.63,65.12
72.22,72.22,72.66,69.87,66.29
71.49,71.49,69.97,67.31,66.56
67.32,67.32,69.69,67.30,64.19
59.48,59.48,69.49,68.79,63.77
55.46,55.46,65.33,71.10,65.07
51.56,51.56,67.69,70.13,69.11
52.28,52.28,76.95,55.21,71.88
51.34,51.34,80.00,61.10,69.36
55.77,55.77,76.13,76.40,72.03
58.52,58.52,73.28,76.58,71.81
60.03,60.03,74.02,75.04,73.59
61.39,61.39,71.04,72.56,74.42
55.52,55.52,68.01,71.56,73.95
49.47,49.47,68.48,72.87,73.34
47.44,47.44,69.96,73.78,72.77
45.96,45.96,71.88,75.27,72.85
45.22,45.22,71.05,75.91,72.84
49.22,49.22,71.02,75.03,73.21
54.40,54.40,69.08,75.41,74.05
60.72,60.72,67.42,75.51,74.27
62.25,62.25,69.42,75.80,70.45
65.28,65.28,70.72,74.35,73.57
64.41,64.41,71.93,69.15,73.76
64.22,64.22,73.00,59.30,72.29
65.83,65.83,71.04,67.08,69.15
66.50,66.50,72.92,66.16,68.20
66.76,66.76,64.01,68.85,69.45
69.25,69.25,70.94,66.69,70.46
59.05,59.05,70.65,62.10,69.89
52.22,52.22,63.76,53.36,69.43
53.40,53.40,68.20,59.35,68.52
48.65,48.65,67.33,61.89,68.34
52.18,52.18,66.98,65.51,64.42
58.76,58.76,63.42,67.70,67.54
66.22,66.22,71.37,66.82,71.44
69.70,69.70,76.99,68.06,72.80
67.44,67.44,78.92,75.91,71.70
68.47,68.47,70.56,76.86,70.96
70.94,70.94,74.75,75.14,73.50
72.18,72.18,71.12,73.64,73.20
71.04,71.04,69.69,73.05,72.89
70.95,70.95,70.14,74.68,72.33
69.81,69.81,70.08,74.40,73.85
65.92,65.92,68.73,74.23,70.87
61.21,61.21,67.58,74.54,72.19
56.60,56.60,73.48,75.10,73.21
58.07,58.07,73.13,73.52,72.57
58.94,58.94,69.53,73.27,70.69
63.69,63.69,61.07,74.03,70.68
72.55,72.55,73.45,66.57,69.31
74.95,74.95,78.67,54.41,67.75
74.29,74.29,84.39,59.69,65.64
73.53,73.53,81.90,66.28,65.75
74.70,74.70,78.84,70.62,63.29
75.07,75.07,67.72,72.72,67.60
75.61,75.61,63.67,70.21,63.53
75.70,75.70,68.17,69.31,62.16
75.80,75.80,70.46,70.15,61.16
75.70,75.70,71.04,66.88,61.62
75.60,75.60,70.11,65.48,60.23
74.86,74.86,68.45,67.67,60.14
75.24,75.24,68.95,63.88,59.26
75.80,75.80,69.63,55.05,64.43
76.33,76.33,70.71,51.39,67.66
67.01,67.01,75.87,51.46,70.38
57.32,57.32,82.60,69.29,70.45
58.40,58.40,83.98,74.91,73.61
55.25,55.25,80.34,72.63,72.42
56.49,56.49,78.20,72.86,73.12
52.71,52.71,78.94,71.96,72.83
54.54,54.54,75.14,69.30,74.77
53.70,53.70,67.29,71.15,72.92
49.51,49.51,76.07,71.47,74.05
51.37,51.37,68.29,71.41,72.60
51.63,51.63,66.19,71.07,74.13
50.18,50.18,70.97,70.61,74.19
51.74,51.74,65.94,70.64,73.61
58.65,58.65,66.34,68.97,72.48
69.13,69.13,68.62,64.24,70.17
77.78,77.78,71.01,66.71,67.28
71.40,71.40,69.86,72.88,65.59
74.32,74.32,67.41,71.02,67.77
75.26,75.26,69.46,63.17,66.23
73.98,73.98,66.39,59.98,66.09
75.82,75.82,60.61,61.41,64.63
74.95,74.95,71.38,61.53,66.52
75.19,75.19,66.78,63.71,65.07
74.71,74.71,68.25,64.90,64.55
75.46,75.46,67.04,64.74,65.65
76.64,76.64,66.79,66.11,65.00
75.96,75.96,68.14,67.00,64.42
75.22,75.22,67.95,63.92,65.89
74.55,74.55,67.11,62.27,66.96
72.37,72.37,74.73,60.04,71.43
71.39,71.39,77.15,68.30,71.41
72.46,72.46,71.01,73.54,73.00
71.71,71.71,71.92,74.48,70.64
72.66,72.66,73.77,74.31,71.53
74.33,74.33,73.48,73.36,72.61
73.42,73.42,74.20,72.58,72.85
71.90,71.90,71.99,73.20,71.81
72.48,72.48,66.38,72.52,71.09
73.58,73.58,66.18,72.88,71.58
73.33,73.33,72.54,73.12,71.82
72.54,72.54,72.58,71.93,71.39
73.32,73.32,75.01,71.05,71.96
73.35,73.35,75.95,71.57,72.99
73.43,73.43,75.43,71.03,71.27
73.63,73.63,76.23,69.83,71.29
71.76,71.76,76.16,71.22,73.03
66.03,66.03,74.18,72.05,74.04
66.35,66.35,74.29,71.47,69.72
67.13,67.13,72.24,69.10,69.54
67.96,67.96,73.05,65.77,68.05
65.92,65.92,72.69,60.93,70.37
64.77,64.77,72.65,61.06,69.89
62.58,62.58,73.71,61.28,68.47
60.17,60.17,73.29,60.50,68.74
64.07,64.07,72.13,60.28,65.82
64.06,64.06,73.27,62.25,64.51
63.32,63.32,72.18,63.52,64.43
74.97,74.97,73.76,56.43,69.46
71.96,71.96,75.98,67.78,70.73
72.10,72.10,73.12,73.30,70.82
75.97,75.97,74.72,72.79,70.91
75.54,75.54,75.22,71.11,69.51
74.81,74.81,70.92,70.72,69.99
75.48,75.48,70.39,72.38,70.94
75.29,75.29,71.18,71.65,70.78
75.28,75.28,73.39,70.43,70.40
73.56,73.56,75.99,70.36,70.18
70.67,70.67,74.28,70.88,71.10
70.93,70.93,70.24,70.50,71.15
68.43,68.43,69.83,69.56,70.20
64.75,64.75,65.89,67.12,71.16
66.37,66.37,64.21,65.39,69.86
71.19,71.19,74.48,71.11,67.55
72.64,72.64,84.93,68.88,68.90
74.33,74.33,80.51,67.76,68.13
73.19,73.19,77.46,54.71,65.69
68.37,68.37,74.69,58.66,63.68
64.76,64.76,67.96,58.60,63.24
66.19,66.19,67.61,52.05,66.38
66.50,66.50,66.43,51.81,64.94
65.61,65.61,72.43,49.94,63.11
64.06,64.06,65.55,51.13,65.04
63.99,63.99,74.74,54.50,63.75
63.79,63.79,74.17,49.50,62.16
63.63,63.63,65.35,47.19,61.36
64.07,64.07,67.96,51.32,62.50
65.47,65.47,75.45,61.35,70.08
69.82,69.82,79.50,70.18,69.86
71.55,71.55,73.54,71.36,69.06
71.77,71.77,73.75,64.97,69.73
74.60,74.60,67.56,66.09,70.42
73.45,73.45,65.85,68.68,70.88
71.52,71.52,63.96,69.70,69.82
72.23,72.23,60.22,66.97,69.42
73.93,73.93,60.55,65.81,68.87
74.79,74.79,63.92,66.73,69.24
71.45,71.45,66.97,65.65,69.32
63.85,63.85,68.27,65.18,69.75
63.32,63.32,66.84,65.49,71.10
59.66,59.66,69.53,69.02,71.92
62.15,62.15,71.51,73.68,70.75
70.61,70.61,84.78,73.08,69.73
71.04,71.04,84.39,68.02,70.00
69.92,69.92,80.61,68.13,66.86
61.95,61.95,77.06,63.38,67.56
63.16,63.16,67.02,63.01,66.84
66.04,66.04,60.38,62.84,65.38
65.46,65.46,67.66,64.68,63.52
64.83,64.83,64.71,64.75,64.30
62.66,62.66,67.70,63.72,64.49
57.52,57.52,63.20,63.19,62.04
60.27,60.27,72.03,61.47,61.93
63.22,63.22,69.40,57.87,63.77
63.33,63.33,70.22,51.15,67.76
63.04,63.04,74.44,52.89,70.96
63.73,63.73,79.09,61.96,72.28
70.34,70.34,82.40,65.74,72.47
71.97,71.97,80.35,65.21,71.00
71.55,71.55,77.69,69.64,72.19
71.92,71.92,75.65,68.26,71.71
72.15,72.15,72.07,71.98,71.49
72.19,72.19,73.45,71.62,69.78
71.39,71.39,67.11,69.38,73.05
72.22,72.22,65.77,65.27,71.24
71.85,71.85,67.97,72.22,71.24
73.68,73.68,68.90,72.25,69.85
74.00,74.00,68.65,70.93,69.34
73.16,73.16,64.13,69.89,69.82
74.47,74.47,65.99,70.75,71.39
73.29,73.29,63.62,68.62,70.09
73.55,73.55,65.24,65.41,72.57
72.70,72.70,66.44,68.68,75.36
73.47,73.47,65.78,69.10,76.24
72.26,72.26,62.17,58.39,76.17
67.75,67.75,65.49,59.63,75.09
70.64,70.64,64.62,60.28,74.13
72.50,72.50,62.23,57.07,70.79
74.69,74.69,64.28,58.04,68.29
76.66,76.66,65.79,58.96,67.24
75.75,75.75,63.86,53.55,66.06
75.62,75.62,64.84,53.55,65.88
74.93,74.93,68.26,50.30,65.62
74.31,74.31,66.69,47.84,66.22
72.98,72.98,67.61,53.33,69.37
72.27,72.27,78.24,60.08,72.47
69.78,69.78,77.81,67.55,71.44
72.04,72.04,73.45,70.70,70.65
71.69,71.69,75.41,70.89,72.65
72.94,72.94,71.81,69.12,71.41
70.09,70.09,72.60,69.91,70.86
70.75,70.75,74.69,68.64,69.68
70.26,70.26,73.14,71.41,69.26
70.31,70.31,72.51,70.99,69.09
71.38,71.38,73.06,72.31,68.81
70.64,70.64,72.32,72.04,69.27
71.14,71.14,71.96,72.36,70.28
71.48,71.48,72.37,73.55,70.46
71.33,71.33,70.36,72.16,69.36
71.83,71.83,69.84,71.62,69.17
74.03,74.03,66.36,70.92,71.16
72.87,72.87,66.08,73.05,72.49
72.72,72.72,65.44,68.01,73.55
73.00,73.00,60.26,59.35,70.88
72.92,72.92,66.77,52.37,70.87
73.04,73.04,60.72,42.12,70.02
72.69,72.69,64.28,50.81,68.97
72.75,72.75,67.16,47.26,68.85
72.29,72.29,59.18,42.46,67.32
72.06,72.06,60.38,45.24,65.38
69.63,69.63,65.67,38.46,64.14
66.15,66.15,64.56,46.06,64.62
61.08,61.08,64.01,52.62,67.06
58.17,58.17,73.05,44.66,71.77
56.69,56.69,79.19,69.43,70.88
58.18,58.18,74.38,73.37,72.51
60.01,60.01,72.07,72.39,72.60
61.12,61.12,68.12,71.64,72.94
61.68,61.68,67.05,73.57,71.84
60.36,60.36,66.31,72.34,72.66
59.24,59.24,65.52,73.89,73.69
55.57,55.57,64.20,70.92,73.29
54.97,54.97,65.60,69.17,72.46
47.93,47.93,61.04,69.22,72.89
45.29,45.29,67.02,71.73,72.32
48.85,48.85,64.60,70.51,72.13
50.91,50.91,68.83,73.49,73.45
58.08,58.08,72.74,70.59,71.78
63.34,63.34,78.21,71.04,73.82
72.35,72.35,84.33,64.78,73.42
76.57,76.57,80.13,63.36,72.28
74.35,74.35,76.22,56.97,67.72
74.29,74.29,74.60,51.99,67.88
76.12,76.12,70.32,55.05,65.67
76.76,76.76,72.13,50.74,63.84
76.87,76.87,64.45,46.78,65.14
78.21,78.21,73.55,47.36,62.58
78.77,78.77,70.03,42.35,65.43
79.81,79.81,63.82,44.68,62.60
80.48,80.48,73.71,36.51,63.98
80.09,80.09,70.71,43.47,66.32
78.24,78.24,69.23,61.87,65.74
74.17,74.17,78.92,67.34,70.60
66.68,66.68,80.03,69.02,70.42
67.97,67.97,73.67,70.97,71.74
69.24,69.24,69.66,73.87,72.24
72.79,72.79,65.85,73.32,71.73
74.31,74.31,64.36,73.64,71.54
72.39,72.39,65.33,70.99,70.92
72.82,72.82,63.54,71.37,71.54
73.82,73.82,62.97,70.68,71.63
73.88,73.88,63.39,65.89,71.94
75.00,75.00,69.00,71.22,71.75
74.96,74.96,71.28,75.01,70.21
73.96,73.96,70.09,73.06,69.25
71.25,71.25,69.95,69.02,69.04
71.77,71.77,70.80,66.84,68.44
72.27,72.27,82.02,65.53,66.86
73.82,73.82,82.13,61.57,68.66
74.79,74.79,80.92,60.13,71.34
75.70,75.70,74.64,55.36,71.78
76.15,76.15,64.52,54.58,66.20
76.35,76.35,60.16,50.25,67.10
76.96,76.96,60.67,51.51,65.23
76.69,76.69,64.94,39.43,61.56
76.57,76.57,59.74,36.12,60.00
76.25,76.25,63.59,30.06,58.70
77.08,77.08,58.73,20.24,59.31
75.54,75.54,61.39,28.71,60.49
75.16,75.16,66.92,36.54,60.82
74.15,74.15,67.08,46.70,67.26
73.08,73.08,76.96,66.85,71.97
61.82,61.82,80.92,67.88,70.86
54.01,54.01,82.04,68.72,73.12
51.77,51.77,80.04,71.62,75.08
53.08,53.08,75.27,73.22,73.13
54.61,54.61,70.94,73.52,71.67
53.69,53.69,73.26,72.27,73.62
52.88,52.88,66.94,71.18,74.43
52.01,52.01,69.23,76.40,74.25
49.39,49.39,73.10,75.26,74.96
44.20,44.20,70.02,70.38,72.90
48.27,48.27,62.76,75.44,74.14
50.97,50.97,68.42,74.90,74.08
57.23,57.23,69.73,73.94,72.39
67.43,67.43,69.51,73.68,72.10
74.80,74.80,70.27,75.03,70.81
71.28,71.28,69.76,75.37,74.22
73.44,73.44,67.68,70.81,76.30
73.77,73.77,70.17,52.22,73.12
75.16,75.16,70.55,48.76,73.91
75.03,75.03,70.61,35.60,70.66
75.63,75.63,72.10,27.37,67.85
74.05,74.05,71.47,27.94,68.67
75.22,75.22,70.56,29.73,66.02
74.74,74.74,71.50,30.84,67.74
74.79,74.79,72.81,29.55,63.98
74.25,74.25,70.98,38.06,64.07
74.87,74.87,68.37,47.59,64.99
75.60,75.60,71.79,54.17,66.54
73.52,73.52,76.00,63.61,72.87
71.85,71.85,77.83,68.65,72.11
72.05,72.05,77.70,73.39,71.99
70.53,70.53,71.60,70.14,72.31
71.70,71.70,72.87,74.58,72.35
75.62,75.62,71.93,73.08,71.09
76.05,76.05,71.29,75.17,69.66
75.09,75.09,67.58,73.09,70.79
74.61,74.61,67.29,69.61,71.88
74.61,74.61,69.72,72.21,71.25
73.40,73.40,70.94,74.20,71.58
73.15,73.15,72.36,74.96,70.62
70.79,70.79,71.49,71.67,71.34
69.88,69.88,67.80,72.28,71.49
67.22,67.22,67.73,74.04,71.29
65.29,65.29,68.93,73.27,73.33
68.86,68.86,69.08,73.35,76.03
74.14,74.14,66.24,69.06,73.36
72.67,72.67,64.05,65.88,66.06
73.83,73.83,59.20,53.07,65.48
76.33,76.33,67.41,51.55,62.62
75.59,75.59,71.14,47.81,63.26
75.29,75.29,62.72,41.11,60.27
66.56,66.56,64.75,31.98,61.68
59.36,59.36,70.31,19.24,63.82
58.88,58.88,64.09,21.07,63.53
57.34,57.34,65.71,32.02,66.63
56.72,56.72,70.13,46.21,70.81
61.11,61.11,73.92,59.36,73.14
65.36,65.36,79.64,65.02,73.10
71.41,71.41,74.92,71.72,71.46
73.24,73.24,71.51,77.01,72.49
73.61,73.61,68.43,77.03,74.92
75.39,75.39,66.40,76.83,78.09
74.19,74.19,68.72,76.39,73.86
74.84,74.84,69.68,77.60,69.91
75.83,75.83,68.87,77.90,72.23
75.67,75.67,66.54,75.46,71.39
73.63,73.63,66.29,76.37,72.04
75.84,75.84,68.84,77.61,71.79
69.37,69.37,66.28,77.48,71.77
60.34,60.34,65.66,76.00,72.28
59.31,59.31,73.56,70.99,69.86
59.81,59.81,81.25,65.55,70.65
65.11,65.11,84.50,63.13,70.50
76.67,76.67,82.45,69.06,70.74
73.07,73.07,78.21,65.04,72.59
69.55,69.55,73.42,68.19,71.62
71.40,71.40,64.95,74.42,71.57
72.63,72.63,68.03,73.57,74.04
72.48,72.48,67.91,71.72,73.10
72.44,72.44,65.81,74.77,73.20
73.19,73.19,70.93,73.23,74.40
73.74,73.74,66.65,73.19,73.77
72.38,72.38,73.39,73.76,73.91
69.58,69.58,72.77,73.13,73.44
71.59,71.59,70.90,72.99,73.46
69.57,69.57,68.70,74.07,71.80
67.08,67.08,79.66,70.56,73.92
71.26,71.26,79.16,62.21,73.64
71.06,71.06,73.14,75.07,71.38
69.50,69.50,70.80,76.67,71.22
72.26,72.26,67.77,74.26,70.91
71.66,71.66,66.32,72.99,72.58
73.00,73.00,70.57,72.31,70.22
72.04,72.04,70.96,73.80,72.25
71.77,71.77,72.30,74.33,73.04
64.14,64.14,68.38,73.74,70.70
59.37,59.37,68.86,73.86,73.11
55.97,55.97,69.93,74.96,73.56
57.04,57.04,71.69,77.23,72.75
60.16,60.16,68.26,76.20,70.04
63.24,63.24,66.69,75.82,72.10
66.83,66.83,79.15,76.86,70.57
68.44,68.44,82.91,73.04,70.41
72.04,72.04,81.29,68.57,69.60
72.67,72.67,75.44,71.60,70.68
69.45,69.45,66.34,73.46,70.54
70.79,70.79,67.11,70.79,70.73
72.56,72.56,59.41,70.34,69.97
72.05,72.05,58.81,71.29,70.57
72.04,72.04,52.90,72.13,69.92
75.14,75.14,60.54,71.36,69.40
74.17,74.17,59.36,69.76,69.54
72.84,72.84,60.67,57.01,70.40
72.82,72.82,65.82,57.84,73.17
66.23,66.23,69.84,61.03,73.35
65.89,65.89,76.71,58.77,73.13
65.68,65.68,79.45,71.88,71.95
62.97,62.97,81.75,73.51,73.67
69.23,69.23,81.70,71.78,73.79
69.54,69.54,76.90,70.85,73.20
67.95,67.95,75.01,71.61,72.71
68.38,68.38,74.60,73.31,73.85
70.52,70.52,68.27,73.31,73.10
68.78,68.78,65.32,73.35,71.95
70.49,70.49,64.53,75.07,71.49
72.14,72.14,63.67,74.02,70.84
72.18,72.18,66.48,73.27,70.39
73.92,73.92,67.54,74.13,70.73
73.70,73.70,65.46,75.35,71.37
75.63,75.63,62.79,72.71,73.52
74.37,74.37,62.31,71.49,72.62
73.83,73.83,61.52,69.02,73.17
72.85,72.85,60.16,66.50,74.71
72.11,72.11,61.98,64.31,72.87
73.10,73.10,60.79,64.94,72.95
72.01,72.01,61.88,65.77,72.00
72.72,72.72,61.75,60.23,72.07
73.11,73.11,60.33,41.77,73.22
72.95,72.95,59.25,40.37,71.70
73.18,73.18,59.42,33.40,73.49
72.82,72.82,58.18,27.36,72.23
70.48,70.48,61.48,40.72,73.15
65.15,65.15,61.80,47.01,71.62
64.64,64.64,68.69,60.90,73.43
65.52,65.52,79.51,68.70,73.39
68.81,68.81,76.73,64.76,72.16
68.39,68.39,69.99,77.21,72.08
67.71,67.71,70.46,72.46,71.54
70.26,70.26,66.93,72.39,71.88
71.92,71.92,66.24,72.63,69.86
71.49,71.49,66.46,70.20,69.88
71.12,71.12,66.31,72.80,70.72
72.18,72.18,66.86,71.18,72.87
73.64,73.64,65.76,72.14,73.46
72.01,72.01,62.97,73.31,72.89
63.58,63.58,62.60,73.28,72.75
61.74,61.74,65.21,72.81,74.44
59.00,59.00,64.59,71.37,73.82
59.89,59.89,64.22,69.78,72.89
70.64,70.64,63.68,72.51,71.40
76.81,76.81,63.14,70.73,67.31
73.78,73.78,62.31,67.63,67.78
72.81,72.81,62.15,63.49,69.47
71.36,71.36,60.90,61.78,70.63
68.30,68.30,61.49,53.03,71.95
70.62,70.62,60.47,47.98,71.25
62.58,62.58,61.36,41.10,71.94
52.21,52.21,62.88,37.23,73.11
48.73,48.73,59.49,31.34,72.63
52.67,52.67,59.11,36.85,73.04
56.95,56.95,62.16,40.19,75.00
63.39,63.39,69.60,61.82,74.81
69.68,69.68,68.23,60.50,74.56
73.86,73.86,76.16,80.01,73.27
71.53,71.53,76.26,74.64,72.03
74.30,74.30,68.75,75.75,71.01
74.05,74.05,69.19,74.22,72.15
72.95,72.95,66.62,73.43,71.15
72.82,72.82,65.01,74.29,71.08
72.31,72.31,64.89,75.21,72.53
71.59,71.59,63.29,74.49,71.25
74.28,74.28,63.47,74.11,71.55
75.28,75.28,63.30,74.34,71.63
69.38,69.38,63.86,74.92,71.48
61.90,61.90,62.72,74.73,71.93
65.06,65.06,62.24,75.87,71.76
63.80,63.80,62.01,74.15,72.81
65.75,65.75,68.89,75.31,73.30
62.67,62.67,84.30,71.42,70.24
69.10,69.10,84.38,54.66,69.55
72.37,72.37,78.66,50.56,71.49
73.34,73.34,75.83,44.35,72.23
72.27,72.27,68.26,45.84,72.55
64.18,64.18,63.83,39.30,71.81
63.46,63.46,62.29,29.59,72.78
60.19,60.19,65.89,23.56,69.96
61.81,61.81,75.43,21.99,72.13
65.57,65.57,72.55,21.46,73.44
67.45,67.45,74.17,22.96,71.90
65.33,65.33,65.50,37.31,73.54
62.87,62.87,68.15,49.03,74.07
65.08,65.08,77.42,56.71,74.03
70.79,70.79,76.58,60.07,71.35
70.88,70.88,71.31,70.27,71.39
72.19,72.19,68.37,76.41,71.67
71.72,71.72,69.08,77.35,71.01
71.29,71.29,66.63,74.77,71.54
70.73,70.73,65.85,74.31,71.28
71.89,71.89,64.01,75.48,71.38
71.00,71.00,61.62,74.78,72.15
72.05,72.05,62.91,74.44,71.28
73.77,73.77,64.31,75.33,72.48
75.73,75.73,63.26,74.72,72.79
74.69,74.69,63.55,74.96,70.87
73.74,73.74,64.62,76.21,71.41
72.90,72.90,74.88,75.00,72.42
71.21,71.21,85.03,67.12,70.85
71.73,71.73,81.01,62.19,72.90
72.93,72.93,77.42,71.54,69.30
73.61,73.61,72.35,68.54,68.57
74.53,74.53,60.76,69.88,69.04
75.20,75.20,58.60,70.78,67.60
75.82,75.82,55.71,71.20,67.64
74.98,74.98,55.04,72.82,66.76
74.14,74.14,58.24,71.99,66.71
73.92,73.92,55.54,73.01,66.15
75.05,75.05,61.70,74.08,66.87
73.25,73.25,60.78,64.12,68.77
71.13,71.13,64.27,65.03,68.97
72.49,72.49,72.69,69.16,71.07
70.23,70.23,75.97,73.20,71.06
68.79,68.79,80.87,76.28,68.94
72.57,72.57,83.44,72.93,70.41
69.76,69.76,79.92,73.16,71.15
70.36,70.36,75.44,71.75,70.81
68.22,68.22,75.32,73.92,72.70
67.65,67.65,73.84,70.95,72.91
61.44,61.44,66.42,71.83,72.20
62.99,62.99,65.02,73.41,73.49
63.29,63.29,64.66,74.10,72.11
60.41,60.41,67.84,75.77,73.61
61.04,61.04,64.01,75.19,71.58
60.05,60.05,62.50,75.71,73.24
62.39,62.39,63.59,74.74,74.40
65.94,65.94,61.85,75.05,73.30
73.74,73.74,61.99,75.24,71.57
76.75,76.75,62.60,74.49,73.81
73.24,73.24,62.46,68.14,73.84
72.18,72.18,60.22,64.31,70.10
74.35,74.35,60.11,59.26,69.93
75.29,75.29,58.99,58.36,71.82
71.30,71.30,56.54,53.70,71.39
68.89,68.89,55.17,49.84,71.38
67.77,67.77,56.38,51.04,70.58
67.80,67.80,56.05,46.55,71.52
68.47,68.47,53.36,44.36,72.20
64.45,64.45,56.67,50.36,71.07
65.26,65.26,61.61,56.48,69.69
63.85,63.85,75.71,62.84,71.91
63.47,63.47,79.09,67.02,71.50
70.13,70.13,76.05,76.47,72.32
75.33,75.33,66.75,78.58,71.94
70.38,70.38,68.49,78.68,70.40
72.73,72.73,67.46,76.01,70.33
73.26,73.26,64.36,76.17,68.44
74.28,74.28,63.60,74.81,70.02
73.05,73.05,63.23,76.11,69.35
71.55,71.55,61.74,74.88,70.10
72.72,72.72,62.71,75.80,69.21
75.12,75.12,62.02,76.90,70.71
73.49,73.49,64.45,77.25,70.74
74.79,74.79,63.56,75.59,69.30
75.98,75.98,62.67,77.72,69.55
75.43,75.43,61.52,77.55,68.10
75.65,75.65,60.33,76.78,69.62
75.14,75.14,60.55,77.36,69.25
73.46,73.46,59.05,72.41,70.56
73.70,73.70,59.54,68.37,70.32
74.35,74.35,58.37,68.00,70.30
74.47,74.47,58.81,64.13,69.06
75.49,75.49,56.44,58.95,70.82
76.38,76.38,57.28,54.53,68.91
76.33,76.33,56.30,48.88,70.32
74.85,74.85,56.18,46.44,68.77
74.71,74.71,54.15,60.81,70.17
70.10,70.10,57.08,65.02,68.00
74.79,74.79,66.69,63.95,68.23
75.04,75.04,74.07,76.97,69.79
76.09,76.09,75.74,77.73,69.10
71.97,71.97,73.00,76.44,70.16
72.07,72.07,70.48,77.67,69.13
72.85,72.85,66.30,75.73,70.53
73.04,73.04,66.20,75.58,72.02
73.71,73.71,64.18,74.81,69.77
73.96,73.96,61.70,76.19,69.71
73.23,73.23,60.97,75.89,70.18
73.27,73.27,59.77,75.15,69.61
75.23,75.23,61.26,74.86,68.87
73.95,73.95,60.27,76.99,69.39
72.75,72.75,62.34,74.71,70.54
71.54,71.54,63.54,76.49,71.26
72.41,72.41,67.19,75.14,70.00
69.17,69.17,82.59,75.22,68.87
69.67,69.67,83.78,72.91,67.55
70.22,70.22,79.57,72.55,72.49
72.12,72.12,78.90,70.14,68.41
72.08,72.08,68.98,69.08,68.07
73.67,73.67,65.02,65.31,66.22
71.16,71.16,67.59,59.30,68.19
69.83,69.83,64.75,60.56,68.14
68.14,68.14,70.45,62.28,67.22
68.75,68.75,74.88,62.88,67.76
69.88,69.88,72.76,60.49,68.77
70.11,70.11,74.12,60.74,68.28
70.88,70.88,63.84,62.20,67.10
69.20,69.20,66.07,64.27,69.36
72.68,72.68,75.38,76.25,71.13
73.61,73.61,74.43,77.21,69.23
73.00,73.00,73.94,78.05,69.60
73.25,73.25,68.68,76.50,69.58
73.32,73.32,67.27,77.44,70.99
73.86,73.86,65.95,76.10,71.51
74.81,74.81,66.16,76.86,70.60
75.06,75.06,63.07,76.36,71.83
75.72,75.72,62.84,76.62,70.44
76.97,76.97,62.74,75.03,69.11
76.37,76.37,61.00,76.93,69.46
77.60,77.60,61.74,75.19,69.54
78.12,78.12,62.56,75.92,68.77
77.47,77.47,65.76,72.63,71.83
75.93,75.93,71.13,71.27,73.27
74.40,74.40,85.49,62.46,72.84
73.58,73.58,81.91,62.56,72.43
75.66,75.66,77.73,69.63,72.56
76.30,76.30,70.39,73.43,70.86
77.37,77.37,63.08,70.54,71.12
77.13,77.13,57.55,71.92,68.75
77.52,77.52,55.70,70.77,66.54
76.72,76.72,55.87,73.54,65.29
76.51,76.51,59.09,71.87,64.82
76.42,76.42,53.42,72.90,64.79
76.54,76.54,58.29,72.73,64.32
70.15,70.15,60.71,74.47,65.39
64.86,64.86,64.86,71.14,68.59
63.07,63.07,71.96,66.64,72.62
53.40,53.40,80.04,70.44,72.09
53.91,53.91,84.48,70.19,74.00
55.98,55.98,83.85,67.04,74.58
57.32,57.32,80.27,68.99,73.83
57.72,57.72,75.71,67.96,73.27
55.09,55.09,73.06,69.71,74.06
54.09,54.09,69.26,71.37,74.08
56.94,56.94,68.82,70.95,72.85
60.15,60.15,66.78,72.14,72.79
60.97,60.97,67.15,72.20,72.08
64.18,64.18,70.31,73.13,72.76
64.50,64.50,67.43,74.07,71.17
65.03,65.03,61.96,72.59,73.44
65.98,65.98,64.23,71.76,74.00
65.07,65.07,63.94,71.59,69.17
66.35,66.35,62.35,71.73,70.61
66.03,66.03,63.13,71.68,71.16
64.46,64.46,61.91,67.70,71.51
62.62,62.62,59.38,59.41,71.15
58.82,58.82,59.01,55.62,71.65
53.57,53.57,58.58,50.10,71.90
48.64,48.64,57.57,47.84,71.68
46.90,46.90,57.47,45.99,71.35
50.06,50.06,57.73,40.14,70.90
58.67,58.67,58.95,39.92,70.89
66.96,66.96,56.79,40.65,68.79
72.88,72.88,59.37,48.36,67.80
72.66,72.66,63.88,47.35,68.13
74.85,74.85,70.22,62.22,72.53
73.74,73.74,77.74,76.17,72.72
74.84,74.84,75.05,72.18,72.15
74.89,74.89,69.48,74.19,73.75
73.88,73.88,68.17,73.31,71.49
75.29,75.29,68.18,73.19,72.62
76.50,76.50,66.52,73.73,72.79
74.65,74.65,64.30,74.72,71.95
74.55,74.55,62.86,74.24,71.52
75.70,75.70,63.55,73.38,72.52
74.25,74.25,61.64,71.78,72.41
75.15,75.15,61.24,71.91,71.05
75.67,75.67,62.19,73.41,72.25
76.60,76.60,61.31,73.54,72.02
76.58,76.58,60.08,73.70,69.54
76.82,76.82,59.25,73.52,72.61
75.45,75.45,59.34,72.26,73.63
76.26,76.26,59.61,73.01,73.42
76.71,76.71,58.49,70.86,73.92
77.11,77.11,59.29,58.70,72.59
77.34,77.34,57.23,65.24,74.92
76.09,76.09,57.61,51.92,76.31
76.49,76.49,56.57,49.05,76.40
76.77,76.77,54.77,50.08,76.98
76.20,76.20,53.67,42.18,77.39
78.00,78.00,53.12,35.62,76.90
77.78,77.78,54.10,33.06,77.22
76.49,76.49,56.80,44.93,76.81
77.80,77.80,64.93,60.18,76.14
76.40,76.40,72.67,68.57,74.89
74.67,74.67,77.58,71.12,70.16
75.47,75.47,72.03,75.38,70.97
75.95,75.95,66.82,71.55,70.59
76.03,76.03,66.38,73.38,70.73
76.94,76.94,67.51,73.07,70.57
77.98,77.98,66.33,72.39,69.55
76.98,76.98,66.02,70.81,69.17
76.92,76.92,64.28,70.07,68.71
76.02,76.02,63.69,68.55,70.20
75.92,75.92,64.52,65.92,70.00
76.49,76.49,63.34,66.21,70.21
76.50,76.50,63.85,68.23,71.47
76.71,76.71,64.96,68.50,70.97
77.22,77.22,63.94,66.86,70.60
77.56,77.56,76.42,66.14,68.39
78.75,78.75,85.02,60.25,68.91
79.33,79.33,80.90,57.93,67.85
79.33,79.33,80.46,54.05,68.05
78.44,78.44,74.56,41.02,70.62
75.91,75.91,67.39,41.64,70.83
73.97,73.97,68.38,41.33,70.32
75.89,75.89,69.21,43.40,70.30
76.36,76.36,65.78,43.41,69.71
78.65,78.65,71.10,39.36,69.61
77.66,77.66,70.79,37.81,71.30
77.20,77.20,75.11,44.37,71.44
76.94,76.94,70.55,43.73,70.95
76.34,76.34,68.89,53.80,69.87
76.74,76.74,74.91,58.69,71.90
76.82,76.82,77.83,68.86,68.58
76.96,76.96,77.08,73.04,68.65
78.73,78.73,72.64,70.72,70.04
79.54,79.54,78.94,67.20,67.85
79.18,79.18,75.88,67.37,67.57
77.63,77.63,78.35,68.63,67.86
77.61,77.61,72.19,69.99,66.81
76.27,76.27,78.70,69.16,68.22
75.28,75.28,76.00,67.22,69.42
74.94,74.94,77.60,68.23,70.35
75.20,75.20,78.70,70.17,71.41
76.20,76.20,72.34,68.87,70.77
76.60,76.60,79.68,68.51,68.92
77.28,77.28,71.15,59.59,71.68
77.31,77.31,82.56,65.56,69.99
77.24,77.24,82.18,68.57,68.63
77.03,77.03,79.34,64.84,69.69
77.45,77.45,75.31,60.55,68.56
76.67,76.67,71.57,63.73,70.29
77.15,77.15,75.03,70.72,70.93
77.13,77.13,75.19,70.77,69.79
74.47,74.47,73.65,74.06,69.29
73.52,73.52,74.63,76.98,69.58
74.38,74.38,69.56,77.80,69.64
76.14,76.14,71.10,78.52,68.70
76.18,76.18,67.44,75.04,70.21
74.62,74.62,70.24,73.87,70.43
71.39,71.39,70.90,70.82,69.80
61.38,61.38,71.18,72.09,73.99
63.75,63.75,84.75,71.69,74.45
60.09,60.09,81.91,69.18,74.60
62.31,62.31,79.95,71.14,72.76
63.99,63.99,76.31,72.53,73.28
63.47,63.47,76.92,74.20,74.02
59.60,59.60,70.89,73.13,73.71
57.83,57.83,69.70,72.69,74.19
55.31,55.31,70.14,72.76,74.13
52.59,52.59,70.90,73.88,73.57
52.83,52.83,70.60,73.86,75.15
52.75,52.75,70.04,74.58,75.19
51.89,51.89,71.67,75.48,75.05
52.10,52.10,68.79,75.24,73.88
50.29,50.29,68.79,74.57,73.41
52.90,52.90,67.65,74.75,73.24
48.90,48.90,66.22,74.61,74.43
47.40,47.40,70.64,73.76,74.82
46.36,46.36,70.05,73.54,75.42
46.66,46.66,69.62,73.48,75.32
47.26,47.26,68.33,73.10,74.06
45.98,45.98,67.41,73.17,74.19
48.19,48.19,67.33,73.35,74.04
47.48,47.48,67.45,72.92,72.86
49.72,49.72,66.48,71.98,74.73
47.65,47.65,66.25,73.28,75.28
47.72,47.72,66.19,73.94,75.35
53.04,53.04,65.68,73.13,75.88
58.44,58.44,65.16,72.24,74.85
60.84,60.84,65.13,73.00,74.34
60.84,60.84,64.68,73.77,74.84
62.39,62.39,63.08,73.05,74.27
61.58,61.58,63.52,73.18,73.85
63.35,63.35,62.35,74.03,73.27
65.27,65.27,63.80,73.50,74.33
61.58,61.58,63.59,73.60,72.79
54.40,54.40,63.81,73.65,72.57
51.67,51.67,63.03,72.92,73.48
54.99,54.99,63.59,73.20,73.94
59.33,59.33,62.12,73.50,74.37
60.70,60.70,62.66,73.78,73.67
64.25,64.25,61.97,73.54,73.94
71.89,71.89,61.94,72.02,73.21
77.84,77.84,60.95,71.47,73.46
78.31,78.31,62.75,68.92,72.69
77.52,77.52,61.27,66.30,72.68
75.73,75.73,60.01,75.32,73.47
74.93,74.93,59.64,69.31,74.13
74.66,74.66,59.62,69.95,74.00
75.95,75.95,59.81,69.47,73.83
72.24,72.24,60.17,70.74,76.00
75.50,75.50,60.25,69.44,74.12
66.81,66.81,58.55,70.65,75.11
70.66,70.66,58.02,71.08,75.29
64.64,64.64,58.97,70.91,75.63
54.32,54.32,58.15,70.37,76.26
58.62,58.62,56.41,70.22,75.73
67.72,67.72,56.23,69.70,75.07
75.45,75.45,55.74,68.82,74.50
75.25,75.25,56.81,65.11,74.27
76.05,76.05,56.87,72.24,73.23
75.38,75.38,55.48,67.51,74.79
73.11,73.11,53.01,64.13,74.51
73.50,73.50,55.96,61.93,74.85
73.49,73.49,54.62,59.87,74.50
73.31,73.31,54.46,60.70,73.38
74.65,74.65,55.10,64.64,73.59
74.39,74.39,55.34,65.80,73.22
73.58,73.58,54.91,65.51,72.36
72.78,72.78,52.78,65.43,73.64
72.18,72.18,51.69,67.21,74.34
72.14,72.14,54.96,66.96,73.90
71.93,71.93,55.65,68.17,74.65
71.72,71.72,53.43,66.44,75.37
73.07,73.07,52.62,68.91,77.68
74.38,74.38,51.54,79.54,76.22
68.93,68.93,50.41,74.93,75.79
72.26,72.26,51.85,74.57,76.19
70.55,70.55,52.27,75.27,75.92
71.61,71.61,51.62,76.11,75.32
71.07,71.07,49.54,75.34,75.14
71.77,71.77,49.50,74.76,74.49
71.42,71.42,51.48,75.89,74.78
72.33,72.33,50.19,76.11,75.42
72.29,72.29,49.97,76.61,75.62
71.09,71.09,49.78,75.87,74.95
66.43,66.43,49.55,76.54,74.59
66.59,66.59,49.61,69.24,75.28
69.51,69.51,51.64,71.28,73.69
69.09,69.09,51.30,76.26,75.12
72.00,72.00,54.80,75.60,74.76
70.40,70.40,54.44,74.51,75.02
71.90,71.90,55.01,72.76,74.21
71.79,71.79,53.49,70.69,74.41
68.97,68.97,54.45,70.21,74.82
72.89,72.89,54.93,71.55,75.34
72.11,72.11,57.62,71.87,74.82
70.40,70.40,54.41,72.42,75.14
71.83,71.83,53.37,70.90,75.95
71.14,71.14,54.30,69.72,76.28
70.00,70.00,53.10,69.84,76.48
72.32,72.32,53.65,68.41,74.18
75.31,75.31,53.30,67.91,72.79
75.80,75.80,51.16,76.96,73.21
73.30,73.30,50.84,76.70,73.09
72.94,72.94,52.28,76.08,74.36
74.64,74.64,52.16,75.28,73.13
74.53,74.53,52.54,72.91,74.94
72.94,72.94,51.05,75.85,74.64
75.32,75.32,51.67,75.20,72.59
75.58,75.58,53.40,76.00,73.18
77.37,77.37,55.46,76.06,71.52
76.16,76.16,54.58,75.62,72.40
75.45,75.45,54.95,72.72,70.51
74.00,74.00,61.97,73.27,71.66
72.14,72.14,67.15,64.50,73.32
72.64,72.64,78.14,66.78,72.76
71.47,71.47,85.07,66.91,72.30
72.19,72.19,81.70,72.95,72.28
73.33,73.33,77.52,68.72,71.00
74.11,74.11,76.88,69.67,72.22
74.05,74.05,76.03,72.62,70.91
73.80,73.80,72.00,72.69,71.26
73.90,73.90,71.69,72.50,70.39
73.91,73.91,70.15,73.24,71.42
73.68,73.68,70.01,72.41,71.43
74.09,74.09,71.11,72.66,71.95
73.46,73.46,68.84,72.97,71.39
72.62,72.62,69.21,71.86,72.20
72.03,72.03,69.93,71.56,71.01
73.44,73.44,68.66,71.89,71.22
74.57,74.57,67.70,73.68,71.50
76.03,76.03,69.03,73.17,70.30
73.43,73.43,66.89,73.68,69.66
77.37,77.37,68.43,72.93,69.17
77.82,77.82,69.18,72.04,68.90
77.89,77.89,66.96,72.31,67.78
78.07,78.07,67.96,72.76,67.58
77.59,77.59,67.75,72.12,69.60
77.18,77.18,68.42,73.34,68.94
77.52,77.52,66.38,72.95,70.32
77.69,77.69,66.49,73.17,68.45
76.94,76.94,66.26,74.22,69.72
75.47,75.47,67.43,73.35,70.99
74.03,74.03,74.78,70.35,71.96
71.47,71.47,82.38,64.89,70.82
71.50,71.50,85.86,62.74,70.43
72.84,72.84,79.76,69.96,71.92
73.78,73.78,74.60,69.41,72.37
73.23,73.23,74.06,68.53,71.90
71.91,71.91,71.94,70.30,72.17
71.79,71.79,69.57,70.08,71.17
69.36,69.36,70.96,71.06,71.55
71.31,71.31,69.77,72.99,70.81
72.85,72.85,68.79,72.41,70.41
71.75,71.75,68.66,72.25,70.90
71.39,71.39,66.85,73.49,71.30
69.15,69.15,67.89,73.20,71.06
69.68,69.68,65.43,72.19,71.53
69.14,69.14,66.09,71.56,72.03
69.99,69.99,66.00,70.76,73.71
70.35,70.35,64.89,74.42,73.42
68.21,68.21,63.16,71.53,73.07
68.03,68.03,62.41,72.64,72.68
69.12,69.12,63.00,72.38,73.64
69.80,69.80,62.62,71.53,73.54
70.03,70.03,61.03,71.46,73.92
70.32,70.32,59.84,73.74,73.37
70.71,70.71,58.33,72.54,73.03
69.38,69.38,59.07,73.10,73.07
69.65,69.65,58.86,73.16,72.70
71.58,71.58,60.80,71.64,72.35
71.81,71.81,65.26,69.47,72.65
69.75,69.75,71.80,69.81,72.93
67.15,67.15,85.35,64.52,71.53
70.82,70.82,82.32,67.98,71.24
72.32,72.32,80.20,77.15,72.91
66.74,66.74,73.03,73.88,72.64
65.90,65.90,72.15,74.00,73.21
67.79,67.79,68.66,75.42,72.82
66.05,66.05,67.74,74.38,71.99
69.61,69.61,70.21,74.22,73.04
68.78,68.78,70.31,75.01,72.23
70.09,70.09,71.04,75.36,73.04
67.62,67.62,63.91,75.31,72.57
68.54,68.54,61.38,75.82,72.11
67.95,67.95,65.58,74.96,72.74
66.80,66.80,60.83,74.21,72.35
68.19,68.19,60.37,68.48,73.26
69.62,69.62,60.48,73.69,73.16
68.22,68.22,63.81,76.35,73.52
67.88,67.88,61.23,75.85,71.76
68.73,68.73,60.63,75.42,72.19
68.47,68.47,57.29,75.81,73.07
70.15,70.15,55.63,76.58,72.16
69.07,69.07,55.53,75.62,72.99
70.50,70.50,55.13,75.80,72.14
70.90,70.90,53.66,75.62,72.93
71.42,71.42,52.66,76.74,71.89
70.26,70.26,56.16,75.44,72.89
72.60,72.60,64.23,75.82,71.07
70.84,70.84,71.94,75.91,71.93
68.02,68.02,79.69,73.25,71.31
68.70,68.70,85.07,64.89,70.04
71.17,71.17,83.51,65.08,71.90
69.24,69.24,75.95,68.62,72.93
68.23,68.23,69.72,69.86,71.71
68.48,68.48,67.80,68.41,72.38
71.75,71.75,67.25,68.53,72.71
70.92,70.92,66.47,70.38,73.09
68.68,68.68,69.53,71.75,73.15
69.22,69.22,70.58,70.17,73.83
70.27,70.27,69.20,69.35,73.87
67.59,67.59,67.04,70.97,74.00
68.11,68.11,65.97,71.40,74.32
66.91,66.91,65.08,71.21,73.69
68.77,68.77,63.68,74.58,72.93
67.15,67.15,64.20,72.06,74.22
70.97,70.97,65.37,72.18,73.07
72.05,72.05,64.18,73.29,73.55
71.88,71.88,61.77,71.51,74.64
70.68,70.68,61.49,68.68,74.78
68.81,68.81,59.03,72.23,73.48
68.84,68.84,59.33,72.37,73.44
69.78,69.78,58.46,71.75,73.77
71.11,71.11,56.86,73.94,71.98
71.70,71.70,57.17,71.80,72.54
72.66,72.66,54.64,71.09,73.97
70.30,70.30,56.77,70.87,73.54
71.77,71.77,65.49,69.60,73.24
70.53,70.53,73.60,67.88,72.39
70.38,70.38,83.72,68.22,72.38
71.09,71.09,84.84,68.25,72.35
70.09,70.09,79.42,68.24,73.25
66.85,66.85,72.07,66.44,73.25
70.53,70.53,73.72,71.47,72.98
73.41,73.41,68.66,70.29,72.99
73.11,73.11,65.98,71.73,71.43
71.00,71.00,70.08,72.77,71.20
67.74,67.74,71.13,71.57,71.51
69.34,69.34,71.77,70.42,72.27
70.52,70.52,63.82,73.15,71.23
70.61,70.61,64.60,75.02,72.70
67.36,67.36,66.24,72.09,72.65
69.73,69.73,63.41,71.09,71.86
74.17,74.17,61.64,65.28,72.75
73.40,73.40,60.27,71.65,73.60
72.22,72.22,60.10,73.73,72.39
71.30,71.30,59.47,75.94,70.87
70.25,70.25,58.69,74.97,70.02
70.99,70.99,56.57,73.79,71.52
70.08,70.08,56.35,75.94,70.87
70.38,70.38,57.44,74.72,70.27
71.70,71.70,57.56,75.04,71.44
70.64,70.64,55.28,74.79,71.34
66.89,66.89,53.37,75.43,70.33
67.65,67.65,53.52,75.11,71.07
66.36,66.36,59.70,75.05,72.82
62.30,62.30,67.55,72.44,72.35
61.32,61.32,79.24,62.18,72.53
62.24,62.24,86.46,69.52,71.37
65.46,65.46,84.90,68.71,73.57
68.25,68.25,78.05,66.27,73.60
66.61,66.61,77.07,67.49,73.91
66.07,66.07,74.10,68.97,73.37
65.99,65.99,69.22,67.22,73.19
69.45,69.45,68.17,70.44,72.75
71.18,71.18,67.16,69.81,73.10
70.75,70.75,69.16,71.65,72.84
70.79,70.79,68.40,72.44,72.57
71.73,71.73,67.20,72.63,72.86
71.26,71.26,67.56,73.29,75.02
68.94,68.94,66.83,72.31,75.16
69.83,69.83,68.87,70.99,73.94
69.05,69.05,64.50,72.50,73.92
68.53,68.53,61.73,74.04,75.22
67.87,67.87,60.44,72.48,74.97
68.37,68.37,62.52,72.48,73.64
67.88,67.88,59.21,72.06,74.53
67.36,67.36,56.75,75.04,73.90
67.47,67.47,55.22,73.52,72.67
68.62,68.62,56.24,73.68,73.10
68.73,68.73,55.41,72.60,73.42
68.77,68.77,53.24,73.41,73.12
68.96,68.96,49.64,71.09,72.89
67.79,67.79,49.63,72.51,72.27
68.47,68.47,54.13,72.50,74.27
70.69,70.69,67.37,72.42,73.73
69.60,69.60,71.28,67.70,73.27
68.72,68.72,84.37,68.98,70.79
68.84,68.84,84.05,69.79,73.73
69.04,69.04,77.66,69.87,72.81
69.57,69.57,74.89,71.13,71.65
71.20,71.20,74.84,72.02,72.96
70.95,70.95,69.21,70.10,73.09
70.71,70.71,69.16,72.95,73.18
69.71,69.71,68.19,69.22,72.60
69.50,69.50,69.36,72.65,73.20
68.28,68.28,71.79,71.75,72.59
66.84,66.84,69.36,73.15,70.81
67.58,67.58,64.15,72.63,71.70
64.61,64.61,60.60,73.14,73.17
56.74,56.74,60.88,73.82,72.39
59.80,59.80,60.37,79.70,75.26
57.10,57.10,59.94,76.64,74.86
58.77,58.77,60.71,72.16,74.20
65.03,65.03,61.14,75.97,73.17
67.23,67.23,60.39,76.58,72.52
65.78,65.78,52.48,74.72,72.51
62.89,62.89,49.75,76.30,72.27
62.61,62.61,52.71,75.80,72.22
63.96,63.96,50.99,75.87,73.31
65.02,65.02,49.55,76.48,72.49
66.90,66.90,47.40,75.41,73.42
68.39,68.39,51.26,77.66,72.42
68.27,68.27,56.37,76.71,70.17
67.95,67.95,66.87,74.68,71.22
65.94,65.94,78.55,73.79,71.96
64.25,64.25,82.15,71.24,71.52
65.64,65.64,83.59,61.95,72.39
66.11,66.11,77.62,66.04,71.96
65.73,65.73,73.31,67.06,72.17
66.55,66.55,68.93,71.40,73.54
64.15,64.15,66.59,72.31,73.33
61.62,61.62,64.75,71.54,73.39
58.00,58.00,66.73,73.89,73.55
55.97,55.97,69.84,75.89,74.49
58.60,58.60,67.53,72.81,74.32
55.66,55.66,70.08,72.15,72.66
54.03,54.03,69.73,74.56,73.42
51.80,51.80,68.40,75.26,73.26
52.76,52.76,63.10,72.14,74.56
53.60,53.60,63.59,71.46,75.27
53.90,53.90,65.84,74.66,74.04
55.11,55.11,60.72,72.18,74.32
52.22,52.22,58.05,74.06,75.75
55.59,55.59,55.99,74.63,76.75
58.44,58.44,54.37,73.65,76.24
57.06,57.06,54.78,73.49,75.58
56.34,56.34,54.13,73.57,75.99
56.19,56.19,52.80,74.25,74.81
55.76,55.76,51.73,73.45,74.26
53.68,53.68,50.39,75.00,74.56
56.42,56.42,50.52,75.19,73.65
55.36,55.36,60.88,72.96,74.01
58.34,58.34,64.90,64.19,74.93
54.40,54.40,79.13,70.72,73.45
55.77,55.77,85.45,71.23,74.66
61.30,61.30,80.91,73.51,74.48
63.32,63.32,75.70,70.95,73.41
63.09,63.09,75.64,70.65,73.49
63.28,63.28,71.98,71.85,73.71
65.29,65.29,68.65,73.10,73.61
64.46,64.46,64.17,72.55,72.66
64.31,64.31,67.91,71.48,72.03
64.24,64.24,74.56,71.33,72.07
65.67,65.67,70.65,72.18,73.27
65.31,65.31,67.62,72.45,71.91
65.00,65.00,67.89,71.86,72.51
65.64,65.64,60.57,72.33,71.44
65.96,65.96,61.57,71.80,70.83
66.92,66.92,63.63,68.35,72.89
67.15,67.15,60.38,74.62,71.01
66.83,66.83,58.43,72.30,71.56
68.43,68.43,61.96,68.49,73.63
68.86,68.86,60.54,68.93,71.32
69.60,69.60,55.72,70.11,72.42
69.17,69.17,54.87,70.49,73.15
69.44,69.44,53.74,71.11,72.68
69.83,69.83,53.51,71.45,73.18
69.82,69.82,50.34,72.31,72.95
70.29,70.29,47.85,71.20,72.12
71.65,71.65,55.43,70.65,72.91
71.15,71.15,63.60,70.93,73.41
68.60,68.60,74.81,69.45,72.50
63.33,63.33,79.36,68.56,70.98
62.49,62.49,82.66,63.33,72.92
64.53,64.53,82.40,70.10,75.58
64.95,64.95,75.78,69.95,76.58
65.88,65.88,72.65,70.32,76.37
65.29,65.29,66.63,69.62,76.52
65.31,65.31,64.62,68.21,75.77
67.42,67.42,64.16,68.00,76.29
68.24,68.24,68.34,68.32,75.98
68.92,68.92,68.92,68.70,75.22
65.67,65.67,67.19,64.43,76.05
62.53,62.53,67.42,68.19,77.06
57.74,57.74,66.73,70.24,74.68
51.51,51.51,62.62,68.21,76.28
57.82,57.82,67.16,68.65,75.20
58.79,58.79,63.55,67.81,74.74
59.48,59.48,59.41,72.76,75.88
58.57,58.57,57.70,65.08,74.57
59.89,59.89,57.84,66.53,75.43
58.37,58.37,57.63,69.02,74.52
57.61,57.61,55.37,70.10,74.77
56.80,56.80,53.80,70.25,73.66
56.63,56.63,54.35,71.40,74.17
55.57,55.57,53.61,71.03,74.55
58.10,58.10,51.17,71.04,75.28
58.29,58.29,48.70,71.52,75.17
58.40,58.40,50.17,71.21,75.06
59.33,59.33,61.96,68.35,75.09
58.78,58.78,64.91,67.66,75.71
57.07,57.07,79.89,71.61,74.86
57.48,57.48,84.73,69.35,72.96
57.31,57.31,81.04,69.62,73.28
57.45,57.45,75.03,67.21,74.21
58.08,58.08,73.10,69.44,73.70
59.17,59.17,73.34,69.87,72.99
58.32,58.32,64.86,70.30,72.19
59.16,59.16,62.56,70.80,73.83
60.37,60.37,69.69,72.12,74.10
60.42,60.42,73.37,71.66,72.54
61.00,61.00,69.47,70.95,72.44
62.97,62.97,69.24,72.02,73.30
64.44,64.44,64.63,72.49,72.44
63.28,63.28,61.49,71.14,73.70
60.29,60.29,64.91,73.82,73.31
58.89,58.89,64.49,73.79,73.60
54.91,54.91,61.71,77.01,74.22
50.50,50.50,60.47,78.84,74.40
47.58,47.58,57.00,75.29,75.33
49.96,49.96,58.85,77.35,74.61
50.89,50.89,56.18,75.28,75.22
51.30,51.30,58.82,77.02,75.55
52.14,52.14,62.68,76.23,75.60
51.90,51.90,59.48,76.24,74.87
51.18,51.18,53.93,77.36,74.19
51.43,51.43,48.88,76.78,74.65
48.93,48.93,58.59,77.62,73.60
44.37,44.37,65.38,75.79,71.58
39.92,39.92,76.41,72.89,74.76
38.75,38.75,80.08,68.78,74.44
35.58,35.58,84.43,65.53,75.31
33.30,33.30,80.36,67.69,76.22
28.62,28.62,74.27,70.71,75.82
31.75,31.75,70.35,72.87,75.37
33.17,33.17,65.42,71.81,76.36
34.19,34.19,65.41,73.93,76.59
35.94,35.94,67.40,73.42,76.25
37.09,37.09,73.77,74.71,76.36
34.54,34.54,68.78,75.80,76.06
35.89,35.89,67.65,75.93,76.59
34.82,34.82,67.52,75.99,75.83
31.34,31.34,64.67,76.36,75.48
30.76,30.76,62.30,75.94,74.50
35.71,35.71,60.83,74.89,76.11
43.57,43.57,58.79,74.31,75.89
43.47,43.47,58.83,72.46,76.39
38.39,38.39,59.12,72.88,74.68
33.39,33.39,58.59,74.20,74.63
35.81,35.81,59.18,74.31,75.33
33.51,33.51,60.74,73.77,76.68
34.40,34.40,61.88,74.45,76.11
35.33,35.33,62.28,74.28,75.38
33.93,33.93,61.19,72.85,75.97
32.83,32.83,60.38,72.92,76.27
32.77,32.77,59.51,72.74,75.16
26.64,26.64,59.11,71.82,74.64
29.18,29.18,64.01,71.91,75.17
33.58,33.58,75.20,73.54,74.75
31.49,31.49,85.11,70.35,74.55
29.55,29.55,81.68,73.46,74.69
30.10,30.10,78.10,71.07,75.54
27.45,27.45,71.35,71.02,76.03
24.44,24.44,65.72,71.62,74.94
20.31,20.31,70.93,71.85,74.72
21.24,21.24,70.09,73.87,74.32
23.04,23.04,70.22,74.16,74.22
25.14,25.14,69.69,74.12,73.03
22.64,22.64,71.05,73.38,74.28
22.44,22.44,74.73,73.50,74.43
23.74,23.74,70.57,74.08,75.14
23.06,23.06,67.31,72.43,74.64
16.86,16.86,65.14,71.06,74.80
16.45,16.45,67.08,63.37,74.89
19.71,19.71,66.22,71.55,74.46
22.30,22.30,64.16,72.28,74.02
24.83,24.83,61.77,71.85,74.51
21.60,21.60,60.81,72.66,74.41
17.16,17.16,60.60,71.26,74.62
18.74,18.74,60.91,70.56,74.41
18.96,18.96,60.15,71.29,74.92
18.57,18.57,61.09,71.27,73.52
18.40,18.40,58.93,71.36,74.56
16.54,16.54,60.63,71.46,72.91
13.94,13.94,59.81,71.65,74.04
9.38,9.38,62.82,70.18,73.23
12.13,12.13,71.55,66.71,74.78
12.45,12.45,78.19,60.76,73.61
10.66,10.66,81.12,64.50,73.02
12.68,12.68,82.92,66.53,75.09
14.12,14.12,76.33,68.77,75.22
14.89,14.89,72.59,67.32,75.30
11.86,11.86,69.03,66.96,76.27
8.54,8.54,69.41,67.35,75.58
9.19,9.19,67.05,66.83,76.02
7.33,7.33,69.28,68.47,76.27
7.98,7.98,67.97,69.76,75.37
10.18,10.18,73.31,70.74,76.01
17.42,17.42,69.52,70.87,76.04
25.82,25.82,65.85,70.41,75.11
31.61,31.61,65.15,70.95,75.67
33.24,33.24,68.60,70.54,75.23
35.36,35.36,65.04,70.33,75.11
36.86,36.86,63.59,74.06,76.88
35.35,35.35,63.69,74.58,76.06
34.57,34.57,62.28,72.81,75.13
35.13,35.13,61.89,71.86,75.71
36.30,36.30,62.63,70.87,75.35
37.55,37.55,61.83,71.79,74.65
38.74,38.74,61.33,70.02,74.47
42.94,42.94,62.00,70.58,74.58
49.74,49.74,60.39,72.55,74.98
57.71,57.71,59.76,73.20,73.04
64.43,64.43,61.22,71.80,73.01
77.68,77.68,61.90,71.56,72.71
77.47,77.47,65.45,72.35,72.85
72.36,72.36,81.35,70.37,71.47
74.83,74.83,83.89,65.05,69.50
74.83,74.83,79.59,71.58,69.41
74.76,74.76,75.17,69.75,70.00
75.76,75.76,68.01,66.61,71.06
75.07,75.07,62.48,70.42,70.67
75.27,75.27,69.45,71.12,70.79
75.05,75.05,66.51,71.21,69.48
75.59,75.59,69.69,70.64,70.75
76.14,76.14,74.12,69.91,71.53
75.53,75.53,71.32,69.91,72.51
72.52,72.52,73.03,69.64,72.43
63.57,63.57,68.80,69.32,72.01
65.45,65.45,65.77,67.11,73.56
65.92,65.92,62.25,66.25,71.58
73.07,73.07,67.88,74.52,72.36
75.32,75.32,69.40,75.97,72.86
74.10,74.10,71.31,76.14,73.41
73.54,73.54,64.85,75.93,72.25
74.55,74.55,63.69,75.67,72.84
75.02,75.02,62.20,76.44,72.43
75.24,75.24,63.06,77.36,71.87
75.28,75.28,63.33,74.92,70.06
74.45,74.45,61.42,76.05,67.72
74.62,74.62,56.80,76.50,69.64
75.10,75.10,57.20,77.54,69.37
74.63,74.63,63.48,75.32,67.80
75.81,75.81,73.39,73.28,69.01
75.51,75.51,78.16,73.63,69.05
72.24,72.24,81.52,70.50,70.39
72.82,72.82,83.56,67.65,72.37
71.81,71.81,80.28,73.08,73.55
74.02,74.02,73.61,72.87,72.89
74.78,74.78,70.42,71.93,71.55
75.08,75.08,70.85,73.63,72.52
75.16,75.16,68.41,72.93,73.24
74.47,74.47,67.08,73.97,73.41
73.39,73.39,64.73,72.94,74.40
70.75,70.75,67.27,74.77,73.10
69.60,69.60,66.05,73.14,73.18
66.01,66.01,66.18,75.47,73.81
65.11,65.11,66.32,74.12,73.99
69.55,69.55,70.22,75.63,72.66
70.39,70.39,78.56,74.13,71.33
68.40,68.40,74.94,68.36,71.76
76.96,76.96,69.69,76.88,72.66
71.97,71.97,65.41,75.69,72.17
70.70,70.70,65.11,74.11,70.98
73.58,73.58,67.46,75.33,72.52
73.77,73.77,79.54,74.18,71.42
73.60,73.60,76.50,72.68,70.02
73.48,73.48,71.48,72.92,69.47
71.61,71.61,68.13,76.23,68.74
74.63,74.63,65.28,74.15,69.14
73.95,73.95,64.05,74.89,70.48
71.89,71.89,65.98,74.00,70.78
63.97,63.97,70.66,76.83,72.82
59.55,59.55,83.34,71.69,74.10
61.53,61.53,84.32,65.73,74.12
63.60,63.60,79.23,74.00,73.03
72.69,72.69,73.21,73.56,71.85
72.21,72.21,67.61,74.54,72.22
73.71,73.71,65.16,73.36,72.61
72.34,72.34,67.33,73.00,72.87
73.90,73.90,69.56,72.72,72.44
74.34,74.34,68.66,75.52,72.25
74.40,74.40,70.92,75.12,72.42
74.08,74.08,69.93,73.25,72.49
73.31,73.31,65.15,73.81,70.93
71.33,71.33,64.77,74.74,70.99
69.14,69.14,66.21,72.90,71.59
67.71,67.71,67.99,73.18,70.07
72.85,72.85,67.12,68.91,70.14
75.55,75.55,67.56,70.92,71.06
72.96,72.96,65.34,76.35,70.98
73.27,73.27,66.39,75.43,69.79
75.42,75.42,65.55,73.41,69.50
77.76,77.76,65.81,73.02,70.64
77.86,77.86,65.73,74.06,70.08
77.24,77.24,65.10,74.56,69.07
76.24,76.24,63.70,73.18,68.99
75.78,75.78,63.42,74.44,69.57
74.38,74.38,62.55,73.84,71.07
76.28,76.28,63.03,73.29,70.64
79.31,79.31,64.10,73.98,68.42
76.09,76.09,73.47,71.91,71.72
73.96,73.96,78.32,72.90,70.05
75.95,75.95,81.97,67.21,69.61
74.97,74.97,81.18,68.34,72.65
75.82,75.82,78.33,69.28,73.67
75.20,75.20,74.20,70.13,73.93
75.68,75.68,66.41,71.03,74.31
76.27,76.27,66.84,70.78,72.67
76.58,76.58,70.83,71.37,73.75
76.02,76.02,68.64,72.39,74.63
78.14,78.14,66.97,72.05,73.40
78.31,78.31,69.89,71.17,72.90
79.80,79.80,71.83,72.41,72.46
80.63,80.63,67.33,71.63,72.50
79.65,79.65,63.87,68.15,72.51
79.54,79.54,62.87,67.95,72.03
79.23,79.23,66.21,73.41,71.77
78.27,78.27,68.28,75.13,70.46
76.28,76.28,63.20,74.54,71.76
77.57,77.57,60.23,72.98,71.21
76.30,76.30,59.38,72.53,71.36
77.87,77.87,58.27,73.37,69.24
76.87,76.87,58.42,75.53,69.55
74.79,74.79,57.90,75.02,70.33
76.69,76.69,57.45,75.21,70.31
77.61,77.61,57.89,74.93,70.39
78.82,78.82,58.46,76.02,68.91
76.11,76.11,58.00,75.43,70.21
76.28,76.28,65.18,74.06,71.33
72.74,72.74,65.35,69.13,72.14
74.87,74.87,84.44,67.19,70.37
75.71,75.71,83.76,70.77,70.49
75.48,75.48,79.28,70.22,71.99
77.57,77.57,76.40,71.81,71.50
78.85,78.85,66.49,73.82,70.69
78.82,78.82,65.23,71.16,71.50
78.30,78.30,70.18,67.61,71.18
77.51,77.51,67.57,71.90,70.75
75.73,75.73,67.86,72.12,70.43
77.85,77.85,70.08,73.64,70.69
77.84,77.84,72.47,73.19,70.06
78.05,78.05,70.69,69.56,68.75
78.00,78.00,69.20,71.42,68.75
77.84,77.84,69.00,73.18,68.75
77.13,77.13,63.87,74.41,69.51
75.14,75.14,63.18,76.69,69.26
76.12,76.12,61.87,72.62,70.90
77.11,77.11,58.64,74.75,71.55
76.05,76.05,56.58,75.08,71.05
76.02,76.02,55.01,75.37,70.66
76.52,76.52,54.99,76.17,70.62
78.86,78.86,55.91,75.94,70.94
77.88,77.88,55.76,74.99,71.11
78.21,78.21,55.59,76.12,72.43
79.10,79.10,54.27,77.59,70.83
79.35,79.35,54.13,74.80,70.88
81.59,81.59,54.52,76.60,69.54
82.90,82.90,61.79,74.30,68.54
82.33,82.33,67.47,71.74,68.62
79.77,79.77,77.90,71.27,69.37
77.34,77.34,82.50,65.45,68.42
77.72,77.72,81.22,69.57,71.47
78.06,78.06,78.33,71.68,71.74
76.89,76.89,76.17,74.35,71.44
75.16,75.16,68.11,75.00,72.43
76.78,76.78,68.70,74.78,71.46
78.68,78.68,67.16,73.28,71.34
80.81,80.81,67.50,72.88,72.04
80.97,80.97,69.49,75.44,70.42
81.05,81.05,67.87,74.77,72.11
79.58,79.58,69.11,76.26,71.01
77.85,77.85,67.00,74.40,70.98
78.42,78.42,66.47,75.46,71.94
80.35,80.35,63.32,75.05,73.74
79.58,79.58,67.87,72.99,72.03
80.45,80.45,65.28,71.42,72.23
80.21,80.21,62.39,71.67,72.89
78.99,78.99,61.01,68.58,72.36
78.07,78.07,57.30,69.43,72.35
76.32,76.32,57.94,72.52,72.00
74.01,74.01,58.61,73.64,73.31
74.63,74.63,59.76,70.01,71.61
75.17,75.17,58.65,68.50,70.40
75.80,75.80,58.12,73.20,71.79
76.72,76.72,57.12,73.42,72.13
75.70,75.70,58.14,68.94,71.27
75.28,75.28,62.46,68.76,72.15
74.03,74.03,72.71,70.46,71.80
73.38,73.38,85.00,63.98,71.28
74.41,74.41,82.60,66.59,71.40
75.77,75.77,77.08,68.85,73.14
75.52,75.52,73.01,69.46,73.40
77.16,77.16,69.29,73.69,71.79
77.76,77.76,70.58,71.79,71.33
77.65,77.65,69.49,72.73,72.31
78.92,78.92,70.50,72.00,72.77
79.02,79.02,70.91,74.29,72.76
79.69,79.69,69.39,73.87,70.82
80.16,80.16,70.17,74.98,72.66
80.61,80.61,71.57,71.31,70.17
80.62,80.62,69.23,71.81,69.64
80.87,80.87,68.07,75.17,71.62
81.14,81.14,64.78,69.04,70.84
80.80,80.80,63.99,70.71,69.99
80.71,80.71,59.64,69.37,70.86
79.94,79.94,60.12,70.44,70.15
79.51,79.51,59.99,68.03,70.02
79.77,79.77,59.41,69.26,69.01
80.03,80.03,58.06,67.34,71.02
80.12,80.12,57.61,67.30,70.72
80.47,80.47,58.58,69.08,69.47
80.49,80.49,56.99,69.09,69.26
80.27,80.27,57.92,68.62,69.15
80.31,80.31,58.24,68.40,69.04
78.66,78.66,59.76,67.33,70.99
77.11,77.11,63.19,65.86,71.40
77.18,77.18,76.95,64.92,71.93
73.37,73.37,85.09,69.45,69.08
73.55,73.55,83.82,66.30,69.98
72.93,72.93,77.50,66.57,73.17
72.94,72.94,79.03,67.85,71.98
73.67,73.67,70.49,67.83,72.90
71.56,71.56,66.97,68.34,72.96
72.89,72.89,67.80,68.53,73.42
73.39,73.39,66.20,70.35,73.76
75.59,75.59,67.39,71.51,73.73
76.13,76.13,68.31,71.99,72.32
74.92,74.92,68.46,70.96,71.60
76.25,76.25,65.64,71.55,71.88
75.39,75.39,66.41,71.31,72.26
74.43,74.43,65.22,70.01,73.08
73.76,73.76,64.42,69.45,74.11
73.14,73.14,66.85,72.45,73.48
73.04,73.04,64.67,72.99,73.56
74.09,74.09,60.81,68.34,74.34
73.99,73.99,59.09,72.29,73.83
72.73,72.73,58.06,71.84,73.44
72.90,72.90,58.23,72.50,75.00
73.93,73.93,61.55,72.63,74.55
74.29,74.29,61.57,71.83,72.67
74.40,74.40,57.95,71.49,73.20
74.41,74.41,57.37,73.23,73.13
74.02,74.02,57.07,72.74,72.06
73.15,73.15,57.96,71.26,73.70
72.56,72.56,64.59,68.48,73.83
70.36,70.36,75.17,69.63,72.56
69.61,69.61,85.41,71.07,72.18
71.32,71.32,80.79,69.69,73.23
72.86,72.86,79.28,69.18,71.77
73.10,73.10,73.11,68.14,73.19
74.42,74.42,67.12,70.93,72.88
72.20,72.20,68.57,69.62,73.37
72.06,72.06,72.55,68.79,73.09
72.50,72.50,70.16,71.20,73.69
72.24,72.24,68.07,73.55,73.27
72.14,72.14,69.03,71.61,73.68
73.33,73.33,73.81,70.15,73.27
75.14,75.14,69.69,69.96,72.32
75.58,75.58,70.21,65.87,72.59
76.02,76.02,67.45,68.95,73.73
76.02,76.02,65.04,76.03,73.16
75.62,75.62,66.03,70.12,73.46
74.62,74.62,59.92,72.08,73.53
75.55,75.55,59.02,71.74,72.35
74.90,74.90,58.05,72.76,72.87
74.70,74.70,58.63,71.97,71.42
74.81,74.81,57.08,71.47,73.51
75.49,75.49,57.08,72.27,72.44
76.86,76.86,55.47,72.39,72.51
73.21,73.21,54.99,71.72,71.61
65.06,65.06,55.58,71.52,72.10
62.09,62.09,57.90,70.90,71.50
61.86,61.86,65.18,71.22,70.73
61.76,61.76,73.59,67.33,73.10
53.77,53.77,79.80,67.84,71.00
52.16,52.16,85.37,65.29,72.89
55.07,55.07,78.89,68.55,74.63
54.98,54.98,77.66,67.24,75.34
54.28,54.28,74.85,67.49,74.67
51.79,51.79,68.96,66.15,74.66
48.28,48.28,69.22,69.54,75.47
46.91,46.91,69.05,71.35,74.62
49.39,49.39,67.50,74.58,75.48
51.24,51.24,66.30,75.07,74.13
51.07,51.07,65.35,72.53,72.74
50.33,50.33,69.66,69.66,75.17
51.39,51.39,67.11,72.07,75.41
51.67,51.67,68.92,72.05,74.43
55.11,55.11,66.24,70.73,74.37
50.59,50.59,65.09,77.88,74.15
42.58,42.58,65.64,70.98,72.98
41.85,41.85,61.65,71.48,74.57
44.05,44.05,60.49,72.09,75.10
41.97,41.97,60.11,73.10,74.78
43.67,43.67,60.71,73.47,75.95
43.95,43.95,60.39,72.78,75.14
46.05,46.05,59.31,72.11,74.52
45.01,45.01,56.07,72.76,74.82
40.51,40.51,55.64,71.49,74.09
39.95,39.95,54.77,70.27,73.25
41.99,41.99,57.02,71.03,72.60
39.39,39.39,63.81,70.75,73.26
38.20,38.20,71.12,70.42,74.43
42.72,42.72,84.39,71.76,75.12
38.36,38.36,83.76,69.82,73.81
41.94,41.94,77.39,66.18,75.27
34.56,34.56,76.21,67.79,74.13
31.26,31.26,69.64,68.29,73.85
31.97,31.97,68.22,68.09,74.69
35.15,35.15,68.30,67.68,74.00
25.53,25.53,67.59,70.19,74.46
35.20,35.20,69.83,69.37,74.25
36.41,36.41,68.82,70.48,74.30
30.92,30.92,71.99,71.42,74.59
29.27,29.27,70.42,72.19,73.99
27.74,27.74,66.15,70.87,73.71
29.66,29.66,66.42,66.81,73.76
28.63,28.63,69.73,69.04,73.81
26.01,26.01,67.85,73.46,74.14
19.74,19.74,64.69,67.82,73.72
21.83,21.83,61.10,70.60,74.05
20.33,20.33,60.55,72.68,73.76
20.90,20.90,60.93,72.22,73.51
21.01,21.01,59.34,71.59,75.04
20.41,20.41,59.86,72.60,75.26
18.21,18.21,58.37,72.34,75.73
18.62,18.62,57.73,71.66,74.76
19.93,19.93,57.63,71.78,75.46
26.73,26.73,59.12,72.45,75.33
18.60,18.60,63.80,73.75,72.86
14.18,14.18,71.75,72.41,74.52
15.39,15.39,79.37,68.98,73.11
12.56,12.56,81.26,70.87,73.82
14.50,14.50,83.42,70.10,75.55
15.79,15.79,79.19,70.60,75.67
11.27,11.27,73.59,70.48,76.61
17.85,17.85,69.34,71.06,76.40
16.52,16.52,69.52,72.01,76.30
17.00,17.00,68.03,71.57,75.63
21.32,21.32,66.30,70.66,74.95
19.20,19.20,68.91,70.85,74.56
20.52,20.52,68.17,72.03,74.56
15.20,15.20,69.80,70.90,76.52
18.18,18.18,69.17,69.49,75.77
20.40,20.40,66.07,70.41,76.61
19.14,19.14,66.31,71.42,76.01
15.52,15.52,65.16,71.71,74.95
19.86,19.86,62.59,75.13,74.50
14.67,14.67,60.89,71.85,75.43
12.91,12.91,59.81,71.72,75.15
9.82,9.82,58.72,72.62,74.23
10.99,10.99,57.57,73.35,75.27
11.06,11.06,57.37,73.34,75.11
9.64,9.64,58.53,73.52,74.93
9.05,9.05,57.46,73.40,75.21
8.78,8.78,55.67,73.02,74.83
12.84,12.84,54.86,73.72,75.62
11.00,11.00,55.28,73.93,75.16
8.88,8.88,59.06,72.56,74.84
5.35,5.35,62.92,67.35,75.72
10.69,10.69,74.31,67.32,74.46
13.52,13.52,85.70,71.19,72.84
13.23,13.23,81.80,70.82,73.08
13.20,13.20,80.85,73.62,73.97
14.36,14.36,74.38,73.52,74.65
15.39,15.39,66.99,73.56,74.42
15.07,15.07,69.17,72.38,74.65
13.27,13.27,69.17,72.48,74.05
13.07,13.07,70.55,72.91,73.52
10.55,10.55,68.91,73.50,72.81
15.36,15.36,67.73,73.39,72.98
13.37,13.37,63.23,73.13,74.43
12.45,12.45,63.49,72.73,73.42
11.07,11.07,62.42,72.06,74.54
8.30,8.30,66.58,70.48,73.17
7.66,7.66,64.45,71.35,74.20
9.71,9.71,66.01,75.69,74.55
10.87,10.87,63.21,72.67,74.88
10.30,10.30,59.46,72.22,75.12
12.80,12.80,59.02,70.52,75.53
11.76,11.76,59.53,71.31,72.06
11.10,11.10,59.03,72.81,73.62
14.13,14.13,57.57,72.42,73.81
15.03,15.03,56.37,71.94,74.35
17.92,17.92,54.62,72.72,74.72
15.99,15.99,53.26,71.85,75.22
17.82,17.82,54.10,72.32,76.58
15.24,15.24,58.20,72.60,72.11
10.31,10.31,64.77,71.20,73.71
9.90,9.90,75.25,67.85,72.22
11.33,11.33,78.35,62.97,73.74
11.98,11.98,81.67,71.02,73.41
10.40,10.40,82.77,67.80,73.90
10.01,10.01,77.20,68.70,74.60
12.39,12.39,73.59,70.42,75.58
10.31,10.31,70.12,69.78,74.56
12.72,12.72,70.05,68.76,75.60
9.38,9.38,67.92,69.04,76.16
14.30,14.30,67.60,70.27,76.31
12.98,12.98,68.32,69.80,75.98
12.51,12.51,69.99,70.69,74.69
8.76,8.76,66.92,71.73,76.56
7.72,7.72,64.00,72.03,76.63
9.49,9.49,65.66,71.19,75.43
9.98,9.98,69.25,68.83,75.25
10.72,10.72,64.14,75.85,74.59
12.96,12.96,62.43,74.54,75.31
16.71,16.71,61.14,73.52,74.57
19.12,19.12,60.06,73.50,74.58
16.48,16.48,59.45,73.73,75.23
18.37,18.37,59.67,73.32,76.16
19.16,19.16,60.64,73.97,76.25
17.46,17.46,59.10,73.83,74.70
22.96,22.96,58.93,73.46,75.66
31.03,31.03,59.11,74.19,76.18
36.79,36.79,57.10,74.43,75.23
40.46,40.46,60.48,73.94,74.75
43.95,43.95,65.88,69.88,74.74
49.30,49.30,74.78,66.35,76.17
54.57,54.57,84.98,71.24,73.15
57.58,57.58,82.98,71.27,74.16
54.79,54.79,78.66,67.87,74.22
54.85,54.85,72.86,70.33,73.76
51.79,51.79,69.11,70.36,74.36
43.84,43.84,70.68,70.93,75.17
35.68,35.68,69.85,71.24,75.23
33.29,33.29,71.76,70.95,74.90
37.61,37.61,71.40,70.55,74.31
48.56,48.56,68.98,71.27,73.17
60.67,60.67,71.56,71.08,73.42
65.49,65.49,68.93,71.47,72.12
66.63,66.63,64.10,71.42,73.89
75.56,75.56,62.17,70.37,73.43
75.85,75.85,65.07,71.10,72.17
76.75,76.75,63.55,75.05,70.41
74.24,74.24,63.63,72.57,72.76
74.43,74.43,62.24,71.80,71.65
75.08,75.08,60.96,71.81,72.53
75.26,75.26,59.27,71.83,71.35
74.24,74.24,59.21,72.19,72.66
74.44,74.44,56.82,71.69,72.08
75.53,75.53,57.79,71.71,71.43
75.17,75.17,56.83,72.07,72.05
75.37,75.37,55.05,71.46,71.11
72.75,72.75,58.01,70.90,71.70
72.56,72.56,66.42,69.18,72.32
72.81,72.81,76.63,62.48,72.10
72.61,72.61,85.18,66.13,70.47
72.20,72.20,85.01,70.61,71.98
76.05,76.05,79.12,66.49,74.04
77.47,77.47,73.50,69.02,73.65
76.18,76.18,68.70,70.07,73.73
75.09,75.09,67.19,69.91,72.60
74.70,74.70,69.28,68.41,72.28
75.19,75.19,68.20,67.96,72.26
76.20,76.20,69.29,68.42,71.75
75.23,75.23,68.39,68.63,71.70
75.56,75.56,64.91,68.04,72.04
75.35,75.35,64.48,69.57,72.37
74.44,74.44,64.37,69.44,73.09
71.82,71.82,73.15,62.45,72.64
74.14,74.14,81.59,71.38,71.06
74.25,74.25,76.85,73.47,69.23
74.18,74.18,72.66,70.81,71.33
78.05,78.05,68.96,71.28,73.51
78.72,78.72,65.36,71.36,72.54
75.24,75.24,63.25,70.74,72.96
69.23,69.23,77.09,68.38,73.83
71.15,71.15,78.76,69.80,72.25
72.05,72.05,74.01,70.37,71.78
72.27,72.27,68.70,71.45,72.87
76.68,76.68,65.76,70.65,72.74
73.54,73.54,65.05,70.96,72.83
72.83,72.83,66.92,71.61,73.05
72.00,72.00,70.98,70.81,72.15
70.65,70.65,79.78,69.90,70.04
70.97,70.97,85.01,63.73,68.45
70.78,70.78,81.60,70.20,70.77
71.91,71.91,75.82,68.50,70.64
71.73,71.73,69.31,70.68,71.68
72.18,72.18,67.55,70.36,72.79
71.68,71.68,66.74,71.01,72.60
70.47,70.47,71.60,69.11,73.52
70.87,70.87,75.21,71.81,74.12
70.48,70.48,77.46,71.54,72.96
70.78,70.78,75.99,68.49,72.22
71.52,71.52,76.94,69.07,71.40
72.47,72.47,76.91,67.00,72.43
66.23,66.23,73.48,67.24,72.91
64.88,64.88,77.98,70.47,73.54
64.00,64.00,79.46,70.27,72.93
65.71,65.71,75.72,73.76,73.47
70.82,70.82,76.73,73.81,73.13
72.13,72.13,75.98,72.70,72.56
69.81,69.81,73.54,71.55,72.51
70.56,70.56,77.83,72.35,73.86
70.66,70.66,82.00,73.24,72.29
71.26,71.26,83.66,70.83,71.16
71.77,71.77,81.93,70.67,70.75
70.97,70.97,76.72,71.10,71.64
72.51,72.51,72.29,71.90,71.32
71.99,71.99,69.34,73.13,71.76
72.85,72.85,69.73,71.53,71.30
67.31,67.31,79.48,67.62,73.06
63.95,63.95,77.53,67.50,71.38
68.63,68.63,73.19,73.33,72.34
68.85,68.85,72.32,71.17,74.97
69.74,69.74,66.94,69.94,74.71
70.00,70.00,66.77,70.67,74.39
70.90,70.90,66.63,71.32,74.18
71.88,71.88,65.74,72.73,73.12
71.78,71.78,66.16,73.44,72.10
71.06,71.06,63.46,72.82,72.94
73.11,73.11,63.84,72.13,73.48
71.64,71.64,64.19,72.50,74.94
70.98,70.98,63.24,72.40,73.88
69.19,69.19,64.83,69.96,72.79
71.47,71.47,68.13,69.38,72.09
72.21,72.21,81.42,63.23,72.01
71.29,71.29,83.72,69.75,70.49
71.58,71.58,79.66,69.66,71.43
72.47,72.47,75.19,75.15,71.95
74.80,74.80,72.38,73.86,71.21
65.60,65.60,73.20,72.85,70.03
61.14,61.14,68.70,76.43,71.01
58.70,58.70,65.79,73.66,71.02
53.91,53.91,68.46,75.45,71.80
51.34,51.34,66.30,74.87,72.14
48.37,48.37,65.19,76.21,72.43
47.34,47.34,63.73,77.04,71.87
50.14,50.14,69.15,77.61,71.71
53.32,53.32,68.12,73.14,71.90
66.70,66.70,72.80,71.09,73.97
68.34,68.34,83.35,68.19,72.80
71.82,71.82,83.86,70.36,72.80
76.20,76.20,80.02,72.68,73.99
77.78,77.78,74.33,71.69,73.67
73.68,73.68,73.76,72.54,75.23
70.82,70.82,70.19,73.78,73.70
72.83,72.83,68.92,72.75,75.21
71.70,71.70,68.70,72.26,74.26
72.43,72.43,68.35,74.44,74.30
74.05,74.05,68.37,72.02,73.96
72.44,72.44,67.95,70.03,74.73
72.29,72.29,67.37,72.79,74.45
72.89,72.89,67.51,73.15,73.77
73.00,73.00,66.45,74.11,73.30
72.62,72.62,67.95,73.26,74.83
69.97,69.97,66.84,70.53,74.73
70.54,70.54,66.54,70.08,73.55
73.35,73.35,67.59,71.40,72.93
72.22,72.22,64.12,70.61,74.04
73.15,73.15,65.06,69.65,75.53
75.45,75.45,64.37,70.62,75.44
74.44,74.44,64.83,69.19,75.02
73.34,73.34,63.48,69.25,74.30
72.03,72.03,65.67,70.33,74.58
70.03,70.03,65.43,70.40,74.93
65.70,65.70,63.32,70.75,74.75
60.96,60.96,64.68,72.20,75.49
67.64,67.64,63.80,71.35,73.88
71.26,71.26,64.05,72.06,74.85
71.42,71.42,69.84,75.18,73.53
71.45,71.45,79.02,75.36,71.52
69.98,69.98,84.95,67.86,72.10
70.82,70.82,81.30,66.59,72.25
72.46,72.46,78.83,70.90,72.31
74.14,74.14,76.19,69.64,73.18
73.37,73.37,72.16,70.34,72.46
72.85,72.85,66.48,72.84,74.15
70.55,70.55,70.89,70.93,74.34
63.85,63.85,69.56,70.39,73.99
59.56,59.56,68.44,69.84,74.61
55.51,55.51,64.43,72.05,73.72
57.78,57.78,63.81,73.43,73.85
61.66,61.66,63.02,77.16,71.41
63.17,63.17,63.05,75.79,72.83
70.41,70.41,62.58,74.74,71.52
75.81,75.81,62.08,74.17,70.88
77.41,77.41,61.58,74.19,70.35
75.48,75.48,62.98,76.15,71.43
72.67,72.67,62.74,74.68,73.51
71.75,71.75,64.98,72.16,73.08
71.81,71.81,66.43,74.64,72.65
70.10,70.10,64.28,74.54,73.14
67.86,67.86,59.97,72.30,72.85
70.18,70.18,59.04,72.79,72.98
70.98,70.98,57.28,67.62,74.12
68.94,68.94,56.57,75.47,73.57
68.09,68.09,59.65,69.95,73.17
65.28,65.28,64.93,59.12,72.70
67.73,67.73,71.67,67.86,72.06
71.04,71.04,79.28,60.54,71.60
68.78,68.78,75.20,61.84,69.99
72.41,72.41,69.61,59.54,71.24
73.04,73.04,69.01,57.77,71.50
74.42,74.42,66.74,57.63,71.16
74.31,74.31,66.18,56.61,71.28
74.66,74.66,64.64,51.17,71.82
73.70,73.70,65.63,49.26,72.85
74.16,74.16,64.62,54.90,72.09
69.00,69.00,64.23,54.04,71.98
66.98,66.98,61.12,53.10,70.53
63.12,63.12,63.27,60.32,73.13
57.96,57.96,63.27,60.99,71.45
53.49,53.49,62.59,55.56,73.85
57.98,57.98,62.15,55.80,71.72
63.15,63.15,61.81,54.09,73.46
61.85,61.85,62.40,54.59,71.53
66.33,66.33,61.65,50.34,72.63
75.56,75.56,60.21,48.29,70.00
76.83,76.83,57.95,31.12,68.70
76.09,76.09,57.56,39.50,70.29
75.31,75.31,57.54,33.72,71.96
73.17,73.17,58.77,37.28,72.61
73.67,73.67,56.34,31.38,70.69
72.87,72.87,54.36,22.47,71.11
74.30,74.30,55.30,30.11,72.92
72.47,72.47,55.26,21.93,73.18
72.72,72.72,57.90,24.31,72.22
69.98,69.98,61.65,27.45,70.26
72.79,72.79,63.82,30.18,70.71
73.77,73.77,65.37,21.79,71.53
74.42,74.42,64.35,23.66,69.90
75.61,75.61,64.37,23.44,70.31
74.80,74.80,64.97,16.57,69.63
74.59,74.59,65.38,14.90,69.36
74.89,74.89,65.50,18.47,69.86
76.79,76.79,65.55,17.56,70.59
76.50,76.50,64.46,14.95,71.10
76.21,76.21,65.21,13.40,71.49
75.69,75.69,64.00,17.50,70.50
74.31,74.31,64.27,24.83,70.43
72.46,72.46,79.37,34.95,69.22
71.71,71.71,78.39,29.47,68.93
75.99,75.99,72.46,28.92,69.86
73.99,73.99,69.13,19.16,70.09
76.45,76.45,66.98,5.39,71.72
78.59,78.59,63.69,0.68,71.12
79.73,79.73,69.71,3.55,70.23
78.70,78.70,77.09,13.24,68.61
78.41,78.41,75.92,15.30,69.00
77.55,77.55,69.97,20.65,69.52
72.12,72.12,67.07,25.24,69.29
74.57,74.57,66.47,36.68,69.68
77.54,77.54,67.75,46.32,71.23
74.31,74.31,77.82,62.36,71.52
67.07,67.07,87.36,60.68,69.50
69.93,69.93,84.60,67.29,69.24
69.80,69.80,85.00,62.45,71.32
73.61,73.61,80.81,70.98,70.08
74.95,74.95,76.45,73.21,71.37
73.35,73.35,71.34,72.06,71.49
73.17,73.17,70.13,70.40,72.20
72.25,72.25,71.61,71.90,70.70
79.54,79.54,72.68,73.49,70.57
75.90,75.90,72.67,72.64,71.95
73.49,73.49,70.57,72.88,71.92
73.77,73.77,74.36,72.89,71.11
76.69,76.69,72.82,72.85,68.54
76.31,76.31,74.64,70.95,71.01
76.59,76.59,72.58,66.06,70.38
73.28,73.28,80.19,67.32,69.22
72.19,72.19,86.80,64.62,70.74
73.19,73.19,85.92,65.03,73.23
73.87,73.87,80.76,67.80,72.94
72.09,72.09,78.44,69.43,72.41
72.61,72.61,75.00,69.15,72.13
71.62,71.62,66.41,71.93,74.06
71.96,71.96,67.44,73.40,71.68
69.80,69.80,68.44,71.23,73.09
71.85,71.85,72.58,72.68,72.22
71.98,71.98,66.18,72.75,73.73
72.94,72.94,71.03,70.10,72.35
73.35,73.35,72.15,73.53,70.89
72.51,72.51,72.86,71.95,71.79
72.25,72.25,74.72,69.90,72.54
67.79,67.79,84.67,72.60,70.57
71.95,71.95,86.00,67.73,72.97
74.51,74.51,84.93,65.73,73.65
72.31,72.31,83.31,66.41,73.55
67.87,67.87,79.50,64.05,73.98
68.33,68.33,79.80,71.31,73.65
58.33,58.33,71.62,67.13,71.93
56.73,56.73,73.59,69.41,72.13
55.16,55.16,73.42,72.53,72.17
53.27,53.27,75.65,69.60,73.02
56.02,56.02,73.98,71.60,74.20
55.59,55.59,72.75,71.90,74.35
56.90,56.90,66.34,71.84,76.14
57.64,57.64,69.19,71.77,74.23
59.99,59.99,71.90,71.99,74.24
55.20,55.20,74.42,71.74,73.93
55.35,55.35,70.86,72.54,74.31
53.03,53.03,69.90,70.48,72.72
53.83,53.83,66.36,73.84,73.56
51.99,51.99,64.92,67.62,74.00
51.99,51.99,62.68,65.59,73.57
52.20,52.20,64.17,66.20,75.22
50.96,50.96,66.69,65.91,74.34
51.50,51.50,67.19,65.13,75.25
48.91,48.91,63.73,63.56,74.75
48.36,48.36,63.64,62.53,75.26
51.35,51.35,64.28,66.72,74.18
51.34,51.34,66.46,64.31,72.52
49.59,49.59,66.71,65.84,69.88
56.25,56.25,77.46,63.87,71.61
51.59,51.59,79.62,56.95,69.62
55.08,55.08,74.79,50.98,70.07
60.17,60.17,70.37,41.05,72.02
58.96,58.96,69.55,43.22,70.80
53.11,53.11,68.34,41.38,71.93
54.43,54.43,65.46,35.24,71.49
55.67,55.67,66.43,38.69,71.87
56.33,56.33,66.99,34.88,72.87
52.73,52.73,66.42,34.48,73.33
50.93,50.93,66.61,37.66,73.13
52.02,52.02,66.40,25.37,74.20
53.87,53.87,65.84,10.22,72.05
60.20,60.20,66.35,4.44,70.94
68.03,68.03,63.31,0.39,69.12
72.89,72.89,80.83,-0.00,65.92
71.55,71.55,85.76,-0.00,63.28
72.52,72.52,81.83,0.01,63.05
73.06,73.06,77.80,1.03,62.70
73.17,73.17,74.63,7.11,63.81
72.40,72.40,71.56,11.27,63.38
71.29,71.29,72.43,13.99,62.91
71.64,71.64,66.69,12.65,63.84
72.47,72.47,70.38,7.98,64.11
73.08,73.08,69.41,2.93,65.40
70.97,70.97,67.68,4.22,68.30
75.82,75.82,72.23,4.61,70.29
76.10,76.10,68.76,0.64,69.60
76.52,76.52,69.30,4.71,70.82
74.42,74.42,69.16,9.53,70.15
73.90,73.90,69.17,18.39,68.25
75.24,75.24,67.79,15.51,69.58
74.06,74.06,66.11,15.16,70.03
73.31,73.31,66.80,18.81,71.21
72.00,72.00,66.25,25.83,71.03
70.56,70.56,63.31,18.65,71.93
70.79,70.79,63.47,21.78,71.63
72.98,72.98,63.27,18.64,71.20
73.62,73.62,62.54,18.94,71.01
73.33,73.33,64.10,15.51,70.67
70.07,70.07,66.42,4.44,72.25
71.28,71.28,67.25,3.36,71.74
67.63,67.63,80.80,0.85,71.99
71.65,71.65,79.20,0.02,69.09
74.26,74.26,74.32,0.01,70.57
75.12,75.12,70.89,-0.00,69.20
72.73,72.73,69.09,-0.00,67.78
70.55,70.55,69.16,-0.00,67.30
71.14,71.14,66.46,-0.00,70.47
68.06,68.06,67.10,-0.00,71.08
64.37,64.37,64.94,-0.00,72.64
63.78,63.78,64.12,2.71,72.58
62.85,62.85,62.24,22.40,73.23
61.41,61.41,61.80,39.41,73.71
62.24,62.24,58.28,55.93,72.02
53.80,53.80,58.28,55.32,72.20
58.35,58.35,61.40,65.55,72.48
69.70,69.70,65.00,70.01,71.55
75.99,75.99,80.19,76.35,70.21
72.90,72.90,84.60,74.50,70.97
76.06,76.06,79.80,71.05,70.33
75.47,75.47,75.75,67.33,71.78
76.13,76.13,69.68,69.00,70.93
77.15,77.15,65.27,69.26,70.90
76.67,76.67,64.39,66.62,71.95
76.65,76.65,64.41,66.97,71.14
76.39,76.39,70.35,70.07,70.84
74.48,74.48,72.70,71.28,70.08
75.02,75.02,70.49,72.68,71.98
77.42,77.42,73.00,72.24,69.92
77.25,77.25,68.36,72.35,69.93
76.00,76.00,66.09,72.01,69.35
75.10,75.10,67.09,72.35,70.00
77.15,77.15,67.51,74.06,70.04
76.53,76.53,67.26,73.94,69.46
75.73,75.73,63.18,73.96,70.81
75.17,75.17,63.68,74.12,71.28
73.75,73.75,62.78,72.63,72.00
73.67,73.67,65.06,71.18,71.45
63.31,63.31,64.30,68.02,71.56
59.15,59.15,63.15,68.64,73.34
57.36,57.36,63.81,71.49,74.30
56.61,56.61,62.37,72.48,74.63
55.16,55.16,62.02,70.82,73.63
57.77,57.77,62.99,71.04,74.51
59.58,59.58,63.43,69.17,72.80
65.46,65.46,68.80,63.87,70.50
74.45,74.45,77.78,68.26,70.37
75.31,75.31,84.82,50.15,70.35
72.42,72.42,81.29,58.84,70.97
71.59,71.59,79.61,54.33,69.96
72.52,72.52,76.43,57.09,69.25
73.04,73.04,70.04,64.20,69.36
73.28,73.28,69.74,65.89,69.76
73.85,73.85,68.86,65.81,68.19
75.22,75.22,70.63,66.34,69.06
76.58,76.58,70.65,66.74,70.57
75.29,75.29,75.50,69.58,71.05
74.82,74.82,73.30,68.30,71.22
75.80,75.80,68.44,70.19,71.01
76.80,76.80,63.43,71.64,70.44
76.40,76.40,67.06,71.35,69.99
76.90,76.90,65.97,71.51,70.89
76.86,76.86,63.94,71.63,71.66
76.31,76.31,63.34,70.39,71.60
76.17,76.17,65.31,71.06,72.39
76.67,76.67,60.82,68.57,73.09
75.94,75.94,58.91,69.16,73.05
74.13,74.13,57.39,71.81,72.03
73.89,73.89,58.56,72.68,71.37
71.35,71.35,56.81,73.66,71.62
72.39,72.39,55.75,73.91,72.37
69.88,69.88,57.59,74.76,72.63
73.45,73.45,61.18,74.17,72.41
71.92,71.92,70.31,71.21,71.75
75.57,75.57,79.63,68.27,70.34
73.11,73.11,85.52,67.07,68.72
76.58,76.58,80.12,67.92,68.53
75.50,75.50,75.80,68.90,69.82
75.88,75.88,72.89,70.87,70.74
76.52,76.52,66.31,71.94,70.25
75.69,75.69,68.07,71.99,70.71
74.54,74.54,65.59,71.61,71.22
74.14,74.14,66.73,71.80,70.84
75.48,75.48,72.08,71.90,70.47
76.80,76.80,70.74,71.67,70.99
75.54,75.54,69.20,70.44,70.30
75.88,75.88,66.68,72.15,71.37
67.53,67.53,61.44,72.74,71.15
66.42,66.42,64.01,69.59,70.38
65.42,65.42,64.93,68.87,70.25
71.77,71.77,61.45,68.31,70.37
76.16,76.16,61.08,71.81,68.31
75.42,75.42,61.64,72.45,69.21
77.20,77.20,59.59,72.85,70.19
76.02,76.02,58.85,73.35,70.58
78.17,78.17,57.67,72.82,71.30
76.46,76.46,57.63,73.14,71.73
79.34,79.34,55.06,73.15,70.95
78.15,78.15,56.69,72.67,69.85
77.76,77.76,57.99,72.85,69.67
72.47,72.47,57.83,73.54,70.54
68.50,68.50,61.98,72.55,70.76
71.57,71.57,74.31,64.79,71.74
72.02,72.02,78.16,63.36,68.55
73.54,73.54,81.76,54.59,67.24
75.68,75.68,80.42,58.89,69.25
72.81,72.81,79.06,65.37,68.92
72.63,72.63,76.90,67.75,70.15
74.47,74.47,73.11,67.90,70.65
75.49,75.49,68.72,66.31,71.27
76.12,76.12,65.79,63.26,72.71
74.84,74.84,66.79,67.68,73.35
75.68,75.68,71.38,68.91,71.89
73.32,73.32,66.16,66.92,71.84
76.70,76.70,63.94,64.54,71.76
78.10,78.10,62.30,67.72,70.00
72.96,72.96,63.12,70.87,71.25
74.54,74.54,62.43,69.85,72.86
76.26,76.26,62.45,73.12,72.27
73.42,73.42,61.29,69.85,70.82
73.27,73.27,65.96,69.85,73.13
76.79,76.79,64.71,68.62,72.22
76.05,76.05,61.84,70.83,72.46
77.03,77.03,63.17,73.04,72.45
75.75,75.75,62.90,74.05,71.30
76.13,76.13,61.72,74.51,71.32
74.50,74.50,62.66,74.67,70.29
75.03,75.03,61.01,73.63,71.89
74.85,74.85,61.58,73.26,71.29
75.45,75.45,62.41,72.63,72.03
75.96,75.96,66.33,70.35,70.91
75.04,75.04,75.49,69.16,68.78
75.14,75.14,84.90,65.19,68.27
76.57,76.57,81.55,67.69,67.47
76.09,76.09,79.57,62.37,67.95
75.23,75.23,69.52,69.95,68.37
75.47,75.47,62.12,70.38,69.46
77.69,77.69,64.87,73.74,68.65
77.85,77.85,67.12,73.05,67.89
75.52,75.52,67.18,73.08,68.62
74.40,74.40,69.84,77.15,68.67
76.67,76.67,66.03,76.02,68.29
75.03,75.03,66.96,78.45,69.59
74.62,74.62,66.00,78.07,68.64
75.98,75.98,63.73,70.98,70.13
76.45,76.45,67.74,70.40,68.42
73.57,73.57,84.48,66.47,69.22
71.78,71.78,84.07,64.90,70.70
74.29,74.29,77.77,63.44,71.68
72.81,72.81,75.58,69.39,72.94
74.44,74.44,70.90,70.84,71.35
72.74,72.74,63.14,69.69,72.14
68.02,68.02,65.48,70.40,72.16
61.84,61.84,62.99,71.98,72.96
56.43,56.43,60.14,71.70,73.01
58.12,58.12,61.26,72.00,73.63
60.87,60.87,56.56,72.03,73.37
55.18,55.18,59.34,71.56,72.64
55.82,55.82,66.21,67.65,73.14
60.88,60.88,78.50,67.08,72.45
61.05,61.05,85.62,66.49,70.85
63.86,63.86,84.54,68.08,71.14
64.90,64.90,80.02,69.46,69.80
65.61,65.61,72.57,69.55,70.58
63.69,63.69,67.37,69.30,70.50
62.64,62.64,71.37,70.00,70.57
60.08,60.08,66.53,68.76,71.83
59.47,59.47,70.60,68.97,71.77
58.88,58.88,70.58,70.15,73.27
53.63,53.63,70.60,70.60,73.19
51.57,51.57,70.20,73.50,73.43
51.21,51.21,66.00,73.48,73.17
53.49,53.49,70.08,72.19,72.18
57.36,57.36,73.73,71.62,71.76
62.26,62.26,79.72,66.38,68.84
67.31,67.31,82.28,67.38,70.23
72.98,72.98,73.79,71.55,70.81
67.14,67.14,74.97,70.54,70.33
73.25,73.25,69.75,72.28,70.63
71.97,71.97,72.50,72.97,70.44
71.08,71.08,67.25,72.37,72.11
70.55,70.55,70.34,72.00,72.09
69.35,69.35,72.14,71.34,72.74
69.39,69.39,72.10,70.33,72.68
68.83,68.83,71.46,70.34,72.84
71.05,71.05,72.61,72.30,71.72
68.15,68.15,72.77,72.99,71.69
67.16,67.16,69.60,71.18,70.96
69.68,69.68,78.06,66.63,70.97
69.23,69.23,84.63,74.82,70.61
75.90,75.90,84.26,73.16,68.07
72.59,72.59,75.58,70.66,71.56
70.45,70.45,74.61,71.27,70.88
72.62,72.62,73.27,71.85,70.47
74.70,74.70,73.66,71.82,70.84
74.82,74.82,63.72,70.46,69.80
75.99,75.99,67.10,68.66,69.51
73.79,73.79,66.50,68.82,70.02
75.47,75.47,64.96,69.02,70.51
73.73,73.73,66.73,69.44,69.71
73.42,73.42,71.92,70.93,69.91
71.51,71.51,68.64,72.59,70.19
71.93,71.93,66.69,67.91,70.24
71.11,71.11,80.13,67.10,69.72
68.84,68.84,82.91,71.30,69.75
71.56,71.56,80.38,73.65,69.93
70.92,70.92,71.77,73.52,70.20
71.53,71.53,62.69,73.25,70.41
71.26,71.26,64.26,74.24,68.38
72.10,72.10,74.39,73.63,71.36
71.57,71.57,79.62,72.82,70.44
71.73,71.73,73.59,74.30,69.16
70.72,70.72,66.39,75.94,70.13
72.36,72.36,65.28,75.75,70.65
69.11,69.11,65.68,74.69,70.39
68.67,68.67,67.11,75.59,68.84
70.85,70.85,69.38,75.15,69.22
67.13,67.13,78.47,72.49,70.27
66.15,66.15,83.48,66.80,69.63
70.31,70.31,82.60,70.50,70.14
70.48,70.48,77.56,68.91,69.74
70.88,70.88,70.97,71.39,70.65
68.52,68.52,67.38,73.42,71.08
69.32,69.32,70.48,72.47,69.89
69.39,69.39,80.67,70.23,70.14
69.53,69.53,76.43,71.04,68.29
69.47,69.47,71.89,72.06,68.41
69.79,69.79,67.10,73.22,68.91
68.88,68.88,64.91,74.30,68.99
67.85,67.85,65.05,74.90,68.59
68.64,68.64,66.40,69.43,69.64
68.04,68.04,83.51,66.60,69.25
71.76,71.76,84.79,69.73,70.99
72.39,72.39,78.03,72.44,71.97
69.85,69.85,73.70,73.21,70.95
71.26,71.26,69.79,75.27,69.88
69.40,69.40,68.54,76.28,70.31
68.81,68.81,65.09,76.47,70.12
65.06,65.06,77.06,72.55,71.46
61.49,61.49,76.17,72.91,69.07
61.55,61.55,70.72,75.76,68.58
57.44,57.44,67.38,75.23,68.23
55.25,55.25,66.40,69.69,69.47
56.28,56.28,65.31,58.43,68.38
62.36,62.36,69.79,63.83,70.15
67.18,67.18,69.81,67.56,70.74
63.62,63.62,84.41,71.88,69.08
70.42,70.42,83.43,73.31,71.12
75.27,75.27,78.37,70.01,70.81
75.85,75.85,76.13,66.36,71.82
74.51,74.51,77.14,64.72,70.20
76.12,76.12,72.72,70.30,70.64
75.71,75.71,72.67,72.20,71.34
77.65,77.65,68.15,72.62,70.85
78.43,78.43,67.71,70.65,71.77
77.78,77.78,66.43,70.29,69.18
78.10,78.10,67.86,72.55,68.95
77.54,77.54,65.90,72.77,70.23
76.58,76.58,67.49,73.36,70.18
76.65,76.65,65.83,75.00,71.33
75.16,75.16,67.33,75.85,70.91
75.19,75.19,66.65,76.02,70.69
71.93,71.93,66.50,74.64,70.05
69.57,69.57,65.58,73.27,71.00
66.04,66.04,67.17,73.15,72.16
59.31,59.31,66.23,75.46,71.25
59.86,59.86,66.05,75.91,70.43
63.11,63.11,65.33,74.70,72.79
66.04,66.04,65.38,73.89,73.49
63.88,63.88,63.39,74.65,73.04
63.88,63.88,60.48,73.75,73.46
67.84,67.84,59.06,74.69,72.90
68.96,68.96,58.94,74.07,72.25
66.50,66.50,60.70,75.44,71.95
67.53,67.53,69.28,75.09,72.90
63.36,63.36,79.22,74.57,69.40
67.23,67.23,81.81,64.85,68.15
69.67,69.67,81.57,67.78,69.50
73.30,73.30,79.37,69.06,69.01
73.66,73.66,77.56,71.42,67.29
75.18,75.18,72.77,73.31,68.79
75.73,75.73,68.14,73.04,68.30
75.86,75.86,66.41,73.81,69.93
76.00,76.00,65.90,75.38,69.28
75.08,75.08,68.77,73.29,70.24
73.66,73.66,71.45,72.72,68.48
72.94,72.94,67.35,72.90,68.90
73.13,73.13,64.16,73.02,69.84
72.93,72.93,65.01,73.17,71.27
70.03,70.03,66.61,74.92,71.90
73.66,73.66,67.91,75.29,72.74
73.24,73.24,66.11,74.55,71.58
73.54,73.54,64.83,75.37,71.22
74.79,74.79,63.28,75.86,70.53
72.96,72.96,62.07,76.32,70.13
73.87,73.87,61.41,75.86,70.20
75.36,75.36,63.86,76.98,72.00
75.97,75.97,62.72,77.50,72.06
76.22,76.22,61.41,75.78,72.12
77.25,77.25,61.56,76.28,71.48
75.74,75.74,61.66,77.14,73.47
77.68,77.68,61.43,75.87,73.41
74.99,74.99,61.84,75.77,72.15
76.72,76.72,64.48,76.03,71.53
72.19,72.19,73.64,73.71,71.27
73.63,73.63,84.40,64.16,68.52
74.01,74.01,83.46,64.18,68.59
75.06,75.06,80.57,70.69,69.68
75.20,75.20,71.76,69.93,69.73
75.61,75.61,75.64,69.58,71.27
73.94,73.94,70.37,68.42,71.73
74.45,74.45,69.74,68.48,70.81
73.95,73.95,72.62,69.59,72.10
72.42,72.42,71.11,71.54,72.88
69.61,69.61,70.03,69.30,73.91
65.62,65.62,70.70,68.88,72.82
66.58,66.58,66.47,67.95,72.30
67.16,67.16,65.76,65.39,73.67
65.18,65.18,63.62,67.46,72.56
66.45,66.45,63.78,72.64,71.11
66.09,66.09,64.60,70.66,73.92
65.39,65.39,60.64,77.56,74.74
66.45,66.45,61.25,76.68,73.99
65.63,65.63,59.36,75.31,73.78
67.44,67.44,58.16,74.08,72.59
69.37,69.37,58.56,74.90,72.59
72.19,72.19,56.43,73.67,71.73
77.02,77.02,56.62,72.45,70.30
76.08,76.08,56.52,72.92,69.60
75.10,75.10,55.93,71.77,70.45
75.51,75.51,57.13,70.30,69.66
73.96,73.96,62.95,71.34,70.97
74.38,74.38,68.81,68.44,68.59
72.86,72.86,79.66,66.82,66.48
73.04,73.04,84.84,60.27,67.21
72.92,72.92,82.13,71.40,68.53
72.77,72.77,80.25,67.75,68.44
70.38,70.38,73.08,67.86,69.46
67.84,67.84,69.95,63.04,69.19
69.80,69.80,69.48,70.80,70.04
69.53,69.53,66.82,72.25,69.74
74.36,74.36,68.06,70.33,70.45
75.15,75.15,66.92,66.50,69.29
73.03,73.03,68.37,71.95,70.61
72.88,72.88,67.41,73.58,69.62
66.75,66.75,65.02,72.44,70.00
72.76,72.76,66.33,70.25,72.72
68.48,68.48,65.65,70.11,69.16
71.76,71.76,64.90,71.55,70.18
76.50,76.50,63.25,71.97,70.34
76.18,76.18,61.04,73.88,68.78
75.55,75.55,60.56,72.61,69.38
75.64,75.64,61.66,73.44,69.45
75.29,75.29,61.08,73.28,69.75
76.56,76.56,61.35,75.20,68.38
76.52,76.52,59.95,72.61,70.00
75.74,75.74,58.55,74.71,69.54
75.70,75.70,58.58,73.77,69.90
76.26,76.26,58.45,73.17,70.09
77.62,77.62,57.07,74.16,71.52
78.84,78.84,59.42,73.30,70.00
79.60,79.60,65.29,66.89,66.96
79.10,79.10,73.35,67.61,70.97
78.68,78.68,84.80,56.99,70.18
77.97,77.97,82.07,62.33,69.96
76.54,76.54,78.84,63.27,71.09
77.37,77.37,74.31,66.51,70.08
78.28,78.28,73.65,70.70,69.65
77.77,77.77,72.15,69.73,68.59
78.37,78.37,67.45,70.92,68.75
75.63,75.63,67.93,71.72,68.11
75.38,75.38,69.30,72.03,69.22
75.98,75.98,71.06,70.35,69.37
75.63,75.63,63.73,69.24,70.88
71.59,71.59,59.01,67.94,70.23
72.08,72.08,60.30,70.96,69.36
70.23,70.23,62.98,73.02,69.23
74.04,74.04,61.04,73.71,69.77
76.36,76.36,60.37,73.62,70.52
75.13,75.13,60.64,75.31,68.59
73.65,73.65,60.41,74.80,68.73
74.17,74.17,61.23,73.95,69.50
73.23,73.23,57.28,73.60,68.31
75.13,75.13,57.18,74.47,69.18
74.32,74.32,56.49,73.91,68.08
74.35,74.35,55.22,76.45,68.52
73.90,73.90,55.06,75.60,68.63
72.69,72.69,54.51,76.26,69.78
71.79,71.79,55.76,76.02,69.62
71.58,71.58,60.58,75.51,68.50
73.87,73.87,67.88,72.06,70.39
74.18,74.18,79.24,70.25,68.06
67.53,67.53,79.94,66.11,68.48
70.31,70.31,82.62,61.12,70.03
71.22,71.22,79.51,61.52,71.10
70.33,70.33,71.82,66.47,70.40
72.21,72.21,70.84,68.85,70.25
73.26,73.26,69.45,68.86,71.79
71.19,71.19,66.41,71.23,72.96
73.06,73.06,67.73,70.99,71.62
73.14,73.14,67.65,69.56,72.30
74.33,74.33,68.74,68.26,72.08
72.74,72.74,66.92,71.05,71.61
75.62,75.62,65.44,71.85,70.41
70.70,70.70,62.80,73.10,70.25
71.52,71.52,62.13,68.20,70.42
72.41,72.41,65.50,69.18,69.15
76.36,76.36,63.58,66.04,68.20
76.67,76.67,62.08,69.76,65.75
78.19,78.19,60.87,73.11,66.60
76.69,76.69,60.57,71.24,66.97
76.39,76.39,58.36,71.49,68.59
74.73,74.73,57.26,72.30,67.11
75.13,75.13,58.26,72.64,67.53
75.89,75.89,58.57,71.63,65.43
75.55,75.55,58.07,72.63,67.78
74.59,74.59,57.70,70.59,66.59
75.29,75.29,56.06,69.91,68.56
76.09,76.09,57.80,69.17,68.40
75.05,75.05,69.20,68.21,68.62
75.23,75.23,80.30,67.74,65.94
74.76,74.76,84.99,61.83,67.71
76.46,76.46,81.34,66.05,66.49
77.60,77.60,77.28,67.89,67.90
75.77,75.77,71.88,66.78,69.03
75.36,75.36,67.97,66.40,69.21
75.73,75.73,65.40,68.43,69.07
75.84,75.84,61.47,70.73,69.39
74.70,74.70,68.09,70.79,69.03
73.91,73.91,75.29,70.43,68.52
75.65,75.65,70.80,69.53,70.10
72.74,72.74,66.96,71.26,70.67
71.04,71.04,65.19,70.67,69.34
65.76,65.76,65.63,66.62,69.33
70.72,70.72,67.18,66.58,72.09
75.35,75.35,61.08,70.11,68.03
78.21,78.21,60.80,76.46,68.53
76.40,76.40,63.10,73.33,68.04
77.43,77.43,65.65,74.99,69.18
76.93,76.93,57.95,75.07,68.17
76.64,76.64,55.18,75.82,71.19
76.43,76.43,55.38,75.81,70.75
77.37,77.37,54.44,73.93,69.79
76.09,76.09,53.74,76.21,70.34
76.82,76.82,54.05,76.17,70.17
75.31,75.31,52.06,74.92,68.95
73.93,73.93,53.91,76.17,67.63
73.51,73.51,61.52,75.08,69.73
71.29,71.29,73.36,70.47,68.66
67.68,67.68,80.90,67.47,67.96
67.29,67.29,85.77,67.08,68.51
68.30,68.30,79.82,69.27,69.44
67.71,67.71,79.24,70.29,69.54
67.95,67.95,72.62,69.55,70.19
68.62,68.62,64.35,71.13,69.15
67.69,67.69,66.16,72.12,71.03
71.99,71.99,65.92,71.23,71.04
73.72,73.72,67.55,72.56,71.16
69.28,69.28,68.81,71.88,72.15
68.47,68.47,68.74,73.67,73.23
69.82,69.82,68.61,70.77,69.87
72.87,72.87,66.91,70.73,70.80
68.73,68.73,66.34,70.62,68.75
73.38,73.38,67.79,73.53,69.24
72.72,72.72,63.93,68.32,70.94
75.10,75.10,62.61,76.99,68.29
76.52,76.52,59.47,72.77,69.46
76.55,76.55,60.55,72.45,71.22
76.99,76.99,59.07,72.38,71.26
77.17,77.17,57.42,73.33,71.02
76.30,76.30,56.72,72.75,71.49
75.50,75.50,55.87,69.71,69.96
75.58,75.58,53.75,71.41,70.70
76.11,76.11,53.43,71.79,70.68
75.58,75.58,53.63,72.69,69.41
76.46,76.46,55.55,71.65,69.25
75.82,75.82,63.25,66.69,70.23
73.78,73.78,75.92,61.23,72.27
75.71,75.71,85.37,58.58,69.57
73.12,73.12,81.43,63.65,69.32
73.42,73.42,78.94,70.22,70.48
72.41,72.41,73.74,65.77,68.48
74.08,74.08,67.05,67.58,66.67
73.94,73.94,64.47,70.31,66.86
74.53,74.53,63.66,68.27,65.88
73.70,73.70,67.09,68.29,67.14
71.94,71.94,71.17,68.10,66.88
73.04,73.04,72.31,67.41,67.10
75.55,75.55,66.81,69.85,68.15
75.51,75.51,65.37,72.33,67.96
75.96,75.96,66.09,72.47,69.66
77.24,77.24,63.73,72.75,69.04
77.31,77.31,60.38,72.97,69.70
77.23,77.23,57.77,73.08,68.07
76.04,76.04,60.07,72.71,68.19
76.47,76.47,61.65,68.35,68.84
76.29,76.29,61.24,68.82,70.17
76.67,76.67,56.68,68.91,69.18
76.69,76.69,54.80,70.66,68.89
76.65,76.65,54.89,70.03,68.90
76.39,76.39,52.79,70.11,68.16
76.42,76.42,53.94,69.09,68.35
76.55,76.55,52.79,69.53,69.16
77.75,77.75,53.27,70.81,67.97
77.54,77.54,60.41,70.28,67.68
76.74,76.74,66.29,70.27,68.27
75.98,75.98,80.64,66.36,68.00
76.19,76.19,84.92,60.32,67.62
75.44,75.44,82.60,63.07,68.39
74.62,74.62,77.75,69.67,67.16
74.70,74.70,73.84,61.96,67.88
74.50,74.50,69.78,67.17,68.18
73.66,73.66,66.78,68.06,68.59
75.26,75.26,65.62,71.06,68.55
75.04,75.04,65.91,73.91,69.03
74.53,74.53,69.18,73.54,68.77
73.96,73.96,69.24,71.29,68.44
74.49,74.49,68.55,70.60,68.42
74.81,74.81,64.87,70.93,69.38
75.21,75.21,62.35,71.54,67.79
74.53,74.53,65.43,73.81,68.40
73.70,73.70,69.43,72.41,69.28
72.88,72.88,63.71,67.12,68.85
73.88,73.88,59.73,71.10,70.52
75.08,75.08,59.67,66.84,70.78
76.04,76.04,58.16,68.77,70.09
76.57,76.57,55.93,68.27,70.07
77.48,77.48,56.25,69.22,69.72
76.41,76.41,55.68,69.91,69.78
75.88,75.88,54.13,70.70,70.11
74.83,74.83,54.61,69.89,69.39
74.60,74.60,52.45,70.60,69.64
76.73,76.73,52.44,71.32,69.56
78.37,78.37,60.41,70.25,68.83
79.19,79.19,63.80,67.99,69.46
77.70,77.70,78.89,69.95,68.84
77.15,77.15,84.36,66.89,67.99
76.97,76.97,81.39,72.69,68.84
76.57,76.57,76.18,71.98,69.30
76.08,76.08,73.78,72.74,69.21
75.12,75.12,68.10,71.52,69.45
73.92,73.92,62.21,69.37,69.24
72.93,72.93,69.02,68.74,68.77
74.79,74.79,71.86,69.62,68.67
76.25,76.25,71.35,70.21,68.49
77.05,77.05,65.77,69.41,68.03
76.16,76.16,64.04,69.39,66.87
77.41,77.41,64.32,69.13,69.46
76.13,76.13,63.40,70.40,69.52
75.44,75.44,66.66,68.49,69.87
74.99,74.99,60.67,69.43,69.91
75.23,75.23,61.48,74.67,67.96
76.49,76.49,62.30,71.76,68.97
76.13,76.13,61.03,68.11,69.40
75.30,75.30,57.85,68.45,69.38
75.57,75.57,55.81,67.78,69.24
77.15,77.15,55.97,69.99,68.80
77.90,77.90,54.38,68.98,67.75
77.13,77.13,53.43,70.95,67.61
76.90,76.90,52.67,70.22,68.24
77.49,77.49,53.03,70.63,68.32
77.34,77.34,54.64,70.09,68.47
76.18,76.18,62.31,67.77,67.06
74.18,74.18,71.13,67.32,67.82
71.76,71.76,80.95,71.90,67.66
72.62,72.62,84.32,67.42,66.79
74.01,74.01,81.33,66.46,66.47
73.96,73.96,74.31,64.21,67.28
73.78,73.78,72.60,65.42,68.18
73.47,73.47,67.81,67.34,68.56
73.49,73.49,65.50,68.47,69.06
71.67,71.67,65.24,68.51,69.85
73.44,73.44,67.03,68.82,70.39
74.45,74.45,70.13,68.32,71.39
74.78,74.78,69.69,67.48,69.62
75.93,75.93,68.08,68.06,71.26
76.45,76.45,66.63,68.47,70.72
76.76,76.76,61.16,68.81,70.32
77.02,77.02,64.02,64.31,68.53
76.78,76.78,65.48,64.22,69.59
76.93,76.93,61.75,69.17,69.40
76.42,76.42,60.74,73.24,69.61
76.65,76.65,59.28,69.33,70.34
75.97,75.97,59.98,69.97,70.82
76.04,76.04,58.96,69.85,71.49
76.38,76.38,57.22,68.73,69.99
75.45,75.45,56.07,69.52,70.96
75.43,75.43,55.23,70.59,70.03
74.88,74.88,56.43,71.64,70.05
74.76,74.76,54.89,72.30,70.96
75.72,75.72,57.38,72.18,71.28
75.93,75.93,64.59,69.88,68.51
75.18,75.18,72.47,66.08,69.44
74.20,74.20,83.85,64.22,68.68
74.58,74.58,84.21,71.78,70.22
74.87,74.87,78.14,72.62,70.20
76.25,76.25,71.84,71.50,69.82
75.26,75.26,65.50,71.21,69.91
74.78,74.78,64.78,71.23,69.45
74.56,74.56,65.54,70.61,70.82
73.30,73.30,69.41,70.37,71.18
72.72,72.72,71.74,70.01,71.10
73.71,73.71,72.82,70.21,70.77
73.24,73.24,72.75,68.39,71.42
71.51,71.51,68.19,70.52,70.45
72.47,72.47,65.05,71.23,71.49
71.56,71.56,59.93,67.18,70.57
63.65,63.65,61.24,67.69,71.55
59.92,59.92,64.41,73.89,72.09
58.66,58.66,63.97,75.39,72.08
56.33,56.33,61.83,71.90,73.14
57.58,57.58,64.46,69.18,73.38
54.31,54.31,60.83,71.03,73.11
58.64,58.64,59.03,72.09,74.07
58.33,58.33,58.99,73.51,73.74
58.34,58.34,56.95,74.80,73.97
58.83,58.83,56.03,74.46,73.40
58.67,58.67,56.06,73.35,73.97
57.18,57.18,56.67,72.51,74.45
56.33,56.33,58.61,73.06,75.32
54.72,54.72,65.57,72.10,71.97
54.39,54.39,76.44,65.00,73.30
49.94,49.94,82.76,69.34,69.03
55.42,55.42,85.16,69.24,70.54
53.84,53.84,81.20,68.99,71.41
54.98,54.98,74.13,68.54,72.20
53.38,53.38,68.42,66.31,73.21
48.00,48.00,67.63,69.74,73.21
48.07,48.07,66.44,70.93,72.20
46.69,46.69,68.32,72.09,73.96
48.80,48.80,70.15,72.85,74.40
46.67,46.67,72.62,72.45,72.91
45.17,45.17,69.22,73.37,73.78
53.34,53.34,68.31,74.54,74.10
54.64,54.64,63.63,73.52,72.33
63.12,63.12,63.20,68.04,73.59
65.97,65.97,62.15,68.93,71.68
78.26,78.26,61.75,72.19,71.01
76.20,76.20,61.80,72.98,69.79
75.18,75.18,60.45,72.53,71.06
75.89,75.89,59.85,74.79,71.80
74.98,74.98,58.79,73.01,73.17
66.50,66.50,54.87,73.14,73.83
66.09,66.09,52.41,77.65,73.68
64.45,64.45,50.99,79.46,73.25
65.82,65.82,50.48,79.77,72.60
65.00,65.00,49.42,80.01,72.00
62.92,62.92,53.12,79.25,72.20
61.03,61.03,59.80,79.72,72.95
59.10,59.10,66.51,77.96,72.80
62.54,62.54,79.93,70.84,69.51
67.72,67.72,85.11,72.45,68.14
71.30,71.30,84.11,66.89,70.06
75.04,75.04,78.87,70.70,71.42
76.18,76.18,73.76,70.80,70.62
71.20,71.20,68.25,72.23,70.77
74.01,74.01,67.05,72.16,70.61
75.08,75.08,67.09,71.49,71.14
74.38,74.38,64.82,71.18,69.36
75.39,75.39,64.91,70.89,70.44
73.99,73.99,64.68,70.52,70.27
74.43,74.43,65.17,69.88,70.29
75.26,75.26,62.85,71.27,70.75
74.03,74.03,63.29,71.62,71.39
65.65,65.65,65.26,69.26,72.81
61.49,61.49,78.50,63.54,70.91
62.32,62.32,84.50,72.09,71.05
70.15,70.15,82.24,65.49,72.02
73.35,73.35,76.71,72.93,71.88
73.96,73.96,72.50,76.96,72.22
73.38,73.38,69.15,73.60,71.61
73.67,73.67,68.76,75.35,73.62
72.65,72.65,71.49,74.06,73.08
72.28,72.28,70.80,74.05,72.51
74.30,74.30,69.70,74.14,71.38
72.16,72.16,70.97,76.20,71.72
66.98,66.98,68.74,74.80,73.58
65.30,65.30,63.82,75.15,70.55
68.41,68.41,68.97,76.86,72.58
69.46,69.46,76.29,76.66,70.80
68.04,68.04,78.53,74.27,71.61
68.26,68.26,76.58,71.12,71.60
66.97,66.97,72.35,69.79,72.41
68.28,68.28,67.67,70.74,71.76
70.78,70.78,65.18,72.20,69.77
72.24,72.24,65.88,71.69,70.59
75.22,75.22,64.84,70.04,72.03
72.74,72.74,64.30,71.15,71.32
72.71,72.71,64.33,72.51,70.37
70.02,70.02,62.31,72.92,71.40
75.08,75.08,60.44,72.73,72.21
73.82,73.82,59.03,72.81,72.36
75.81,75.81,59.07,72.80,72.78
75.76,75.76,67.33,72.41,71.24
69.57,69.57,85.07,70.67,70.76
69.80,69.80,83.33,71.54,71.49
73.64,73.64,78.93,71.83,72.60
67.49,67.49,73.18,73.50,72.67
67.66,67.66,68.74,74.69,71.58
68.94,68.94,63.69,72.51,71.91
69.26,69.26,64.09,71.85,70.72
66.73,66.73,60.87,73.64,71.38
67.51,67.51,55.44,74.52,72.67
68.36,68.36,56.42,76.48,72.43
66.78,66.78,58.36,72.77,71.02
69.21,69.21,61.66,75.84,70.14
64.66,64.66,63.30,73.76,72.13
76.18,76.18,63.15,69.08,72.21
74.97,74.97,79.35,70.88,71.25
71.46,71.46,84.31,70.70,70.95
76.94,76.94,81.73,70.92,69.50
78.85,78.85,78.12,69.00,69.32
78.51,78.51,71.05,67.01,71.71
77.15,77.15,65.51,67.44,71.32
77.26,77.26,67.46,67.44,71.25
77.32,77.32,69.57,65.88,70.29
76.76,76.76,69.83,69.53,69.62
75.48,75.48,74.15,67.34,69.82
73.82,73.82,68.96,68.34,69.40
76.47,76.47,68.62,68.01,69.95
77.90,77.90,69.04,69.23,68.64
78.84,78.84,68.52,70.46,69.52
79.54,79.54,67.36,66.44,70.87
78.66,78.66,66.71,68.09,68.43
77.77,77.77,65.54,71.42,69.63
74.81,74.81,66.69,69.57,69.50
71.15,71.15,64.54,70.35,70.91
72.33,72.33,65.18,70.66,68.81
73.36,73.36,65.38,71.14,70.78
73.83,73.83,64.29,72.91,68.57
73.22,73.22,65.35,73.13,69.81
73.84,73.84,65.72,72.63,68.92
72.71,72.71,64.25,72.52,67.76
71.71,71.71,65.71,74.18,68.78
71.89,71.89,65.21,72.72,69.23
72.73,72.73,67.45,71.38,70.53
72.94,72.94,72.51,73.07,69.74
71.64,71.64,79.44,74.13,71.13
70.86,70.86,83.89,68.67,70.92
70.96,70.96,83.86,64.09,70.78
70.24,70.24,78.79,67.15,70.19
71.89,71.89,75.62,67.29,69.86
71.24,71.24,69.05,67.70,70.13
70.12,70.12,67.01,67.43,71.36
70.39,70.39,66.81,68.89,71.34
69.66,69.66,66.04,68.81,73.20
69.79,69.79,68.20,70.04,72.49
70.10,70.10,66.76,72.37,72.44
68.83,68.83,67.99,71.12,71.77
69.04,69.04,66.31,68.54,71.54
71.99,71.99,65.71,71.37,70.29
74.17,74.17,65.04,73.87,69.45
74.11,74.11,65.76,68.02,66.52
70.24,70.24,65.29,72.74,68.36
69.98,69.98,64.21,76.06,68.77
68.90,68.90,63.43,74.32,68.83
68.47,68.47,62.79,74.20,69.01
64.66,64.66,62.46,73.79,69.18
57.83,57.83,62.38,74.94,67.90
55.03,55.03,61.93,76.01,68.29
57.40,57.40,62.17,75.28,67.87
58.61,58.61,62.47,75.57,68.80
59.01,59.01,62.91,76.57,70.42
59.38,59.38,63.01,77.48,70.96
56.87,56.87,61.66,75.31,71.92
59.46,59.46,68.36,72.10,73.00
55.59,55.59,77.41,71.06,75.23
47.41,47.41,85.49,65.63,72.40
50.84,50.84,81.04,71.95,72.19
54.99,54.99,75.28,73.08,72.21
56.56,56.56,71.63,73.09,72.53
54.56,54.56,68.21,75.28,72.41
54.67,54.67,65.53,73.88,71.65
55.50,55.50,69.25,74.16,71.28
62.12,62.12,72.38,75.50,73.06
64.21,64.21,73.52,74.54,74.22
67.20,67.20,70.72,74.25,73.06
63.96,63.96,68.43,75.43,72.12
61.94,61.94,70.75,73.62,73.37
58.82,58.82,65.52,74.33,76.33
56.15,56.15,62.22,75.78,75.65
57.98,57.98,62.15,72.51,74.75
61.62,61.62,64.94,75.08,74.41
64.79,64.79,63.88,73.69,73.51
64.38,64.38,59.44,70.84,74.52
62.10,62.10,56.43,74.30,75.16
62.10,62.10,56.43,74.28,76.59
71.11,71.11,57.56,74.98,76.28
73.83,73.83,56.96,73.69,74.79
74.10,74.10,58.15,72.83,74.51
74.79,74.79,56.42,73.23,75.80
76.18,76.18,55.73,70.91,73.85
75.59,75.59,59.60,68.49,72.86
73.94,73.94,67.95,70.31,69.80
71.79,71.79,77.13,72.05,70.97
73.78,73.78,81.63,70.48,68.66
76.59,76.59,86.30,70.64,69.52
76.08,76.08,81.29,70.93,69.26
75.78,75.78,75.61,72.24,69.68
73.33,73.33,70.17,72.65,69.52
74.11,74.11,67.24,73.20,68.73
74.89,74.89,62.50,73.13,69.06
75.62,75.62,63.36,72.04,70.58
75.76,75.76,64.44,71.31,72.16
72.89,72.89,67.09,71.89,70.79
73.64,73.64,64.28,70.59,70.05
73.73,73.73,60.74,70.01,73.24
71.65,71.65,62.67,72.08,73.42
73.69,73.69,59.24,74.03,72.45
73.37,73.37,60.57,68.03,74.06
73.20,73.20,64.91,71.25,73.58
74.43,74.43,63.72,70.96,73.10
75.77,75.77,59.70,72.40,71.14
76.64,76.64,61.37,70.72,73.58
73.80,73.80,59.32,70.37,71.96
73.67,73.67,56.91,71.63,70.74
75.46,75.46,57.47,72.56,71.41
74.36,74.36,57.33,73.45,72.23
73.63,73.63,56.20,75.60,71.81
73.02,73.02,53.08,73.67,71.13
72.71,72.71,54.88,73.00,71.17
74.08,74.08,58.72,71.27,71.48
72.20,72.20,69.18,72.85,71.85
72.34,72.34,75.58,73.33,72.38
71.86,71.86,84.88,64.11,73.07
74.68,74.68,81.57,66.89,73.37
73.98,73.98,79.03,66.69,72.71
74.46,74.46,71.38,66.16,72.48
72.69,72.69,58.34,68.99,72.29
73.56,73.56,67.30,69.35,71.28
74.98,74.98,68.44,70.13,70.32
73.25,73.25,70.96,72.93,70.93
72.73,72.73,70.09,73.60,69.55
71.32,71.32,73.33,73.13,69.73
73.73,73.73,71.63,73.07,70.97
72.24,72.24,70.31,71.37,70.57
70.19,70.19,66.24,74.03,72.52
73.23,73.23,62.99,74.42,72.47
73.06,73.06,62.52,69.92,72.26
73.31,73.31,59.08,76.22,70.34
72.69,72.69,59.57,68.98,71.08
74.25,74.25,59.36,71.97,68.82
74.05,74.05,59.21,72.79,70.56
74.57,74.57,56.09,74.31,69.58
72.71,72.71,52.98,73.01,70.79
71.71,71.71,52.47,73.91,70.51
71.14,71.14,52.14,74.06,69.78
73.79,73.79,53.15,72.29,69.62
71.10,71.10,53.22,73.35,68.86
71.01,71.01,57.95,74.68,69.37
67.61,67.61,68.91,71.60,71.56
69.94,69.94,74.93,68.47,73.31
70.52,70.52,80.82,66.21,70.63
75.47,75.47,83.09,66.07,69.50
74.64,74.64,77.57,70.62,69.46
73.87,73.87,76.21,70.34,70.57
73.73,73.73,70.56,70.67,70.52
75.13,75.13,66.25,71.80,70.63
75.05,75.05,68.37,71.83,72.28
73.76,73.76,66.95,70.42,71.54
74.13,74.13,70.06,69.04,71.50
74.58,74.58,68.25,70.71,72.49
74.95,74.95,65.21,70.05,71.23
73.61,73.61,67.19,71.14,70.77
72.87,72.87,62.76,69.84,70.80
72.64,72.64,61.62,72.09,72.26
73.02,73.02,60.78,67.69,71.63
74.03,74.03,60.05,66.43,69.52
73.37,73.37,58.05,73.48,69.97
74.75,74.75,57.27,72.92,69.84
74.19,74.19,56.63,75.26,70.29
74.73,74.73,55.44,72.89,70.20
74.24,74.24,54.03,73.52,71.11
74.27,74.27,54.71,73.72,70.67
73.52,73.52,55.43,73.82,71.84
71.40,71.40,55.63,72.87,70.93
72.98,72.98,55.63,75.49,71.58
73.82,73.82,55.51,74.22,69.36
74.25,74.25,57.26,72.44,70.87
74.55,74.55,67.31,64.97,70.54
73.34,73.34,77.83,69.95,69.61
72.98,72.98,85.60,69.07,69.86
74.60,74.60,81.01,71.84,68.12
74.57,74.57,75.63,70.34,70.29
75.87,75.87,67.94,70.12,69.31
77.12,77.12,64.17,70.12,69.56
76.88,76.88,57.63,70.10,69.60
75.58,75.58,64.39,71.47,68.95
74.56,74.56,70.78,69.57,70.38
73.73,73.73,72.34,71.07,69.15
73.02,73.02,70.81,71.65,68.42
74.21,74.21,64.88,71.06,69.31
73.14,73.14,69.07,73.11,67.66
72.63,72.63,64.58,70.95,69.15
72.67,72.67,70.27,69.85,72.99
70.04,70.04,74.48,65.10,71.78
72.02,72.02,78.20,69.40,71.30
71.66,71.66,78.71,71.67,70.73
73.13,73.13,79.71,71.11,71.49
73.37,73.37,78.93,72.36,69.89
74.14,74.14,79.06,72.68,71.01
73.57,73.57,77.41,72.04,72.89
74.33,74.33,76.23,74.41,71.17
75.18,75.18,77.72,72.54,72.21
74.50,74.50,78.07,71.55,71.44
73.97,73.97,78.05,72.42,70.71
74.20,74.20,77.26,73.81,70.38
72.89,72.89,76.40,68.13,69.21
71.40,71.40,77.22,64.57,68.95
70.88,70.88,81.67,66.16,69.02
69.72,69.72,80.65,65.69,67.42
73.27,73.27,80.76,64.52,68.37
74.34,74.34,73.97,62.51,66.79
75.46,75.46,68.87,66.42,66.20
74.73,74.73,72.76,69.99,68.46
74.55,74.55,70.31,66.86,69.96
74.16,74.16,69.47,67.54,69.50
69.00,69.00,71.53,69.57,70.06
64.78,64.78,71.01,72.08,70.99
69.28,69.28,71.87,70.84,71.07
71.64,71.64,74.01,71.51,69.97
67.77,67.77,70.16,66.32,71.43
66.86,66.86,73.19,65.53,71.43
71.70,71.70,71.89,68.98,73.17
74.10,74.10,72.65,75.65,69.80
72.80,72.80,72.95,75.23,70.16
74.40,74.40,70.15,72.90,70.85
74.85,74.85,70.16,73.35,70.28
72.93,72.93,69.88,74.55,69.46
73.05,73.05,69.61,74.53,70.64
73.68,73.68,70.18,73.90,70.40
74.86,74.86,70.67,72.82,71.48
73.39,73.39,69.39,73.41,69.47
72.11,72.11,68.64,74.21,68.73
74.20,74.20,67.29,74.83,69.41
73.02,73.02,68.53,75.22,69.55
74.01,74.01,66.60,73.98,70.77
73.72,73.72,70.03,67.51,71.31
71.42,71.42,80.46,67.85,71.18
70.56,70.56,85.42,65.42,69.30
69.17,69.17,81.83,69.75,71.15
70.44,70.44,76.59,73.11,71.24
69.62,69.62,65.36,73.71,72.00
69.33,69.33,67.73,74.08,70.53
70.01,70.01,66.66,73.44,71.14
70.75,70.75,69.49,72.57,71.11
72.19,72.19,67.76,72.95,70.77
72.01,72.01,70.10,73.41,69.38
73.22,73.22,72.10,73.59,70.12
70.47,70.47,67.13,73.65,69.79
74.84,74.84,70.18,73.85,68.83
74.53,74.53,69.00,72.89,69.11
77.57,77.57,68.47,70.98,69.03
75.46,75.46,65.01,69.20,69.11
73.86,73.86,62.94,76.21,69.94
73.14,73.14,61.51,74.83,68.95
72.34,72.34,60.84,74.06,70.27
73.34,73.34,60.77,73.64,69.32
73.49,73.49,59.68,74.21,70.35
72.37,72.37,59.05,73.61,70.77
72.17,72.17,59.42,73.20,70.01
72.34,72.34,58.63,72.64,70.17
71.45,71.45,60.22,73.35,70.60
71.51,71.51,59.56,73.29,70.39
71.70,71.70,61.79,73.04,68.96
72.69,72.69,64.53,71.35,69.07
71.82,71.82,74.39,69.36,71.39
70.75,70.75,81.67,72.81,69.32
72.87,72.87,85.64,67.99,68.14
72.89,72.89,81.28,71.22,69.13
74.54,74.54,75.62,71.78,70.47
72.93,72.93,70.12,71.56,71.39
71.00,71.00,67.15,70.37,70.67
70.85,70.85,66.41,71.52,71.35
70.67,70.67,66.84,71.38,70.61
71.20,71.20,65.67,71.50,70.03
71.37,71.37,65.99,72.20,71.20
72.17,72.17,68.98,71.82,71.61
72.58,72.58,67.33,71.37,69.44
73.78,73.78,65.18,70.35,70.44
72.86,72.86,64.35,65.82,70.94
74.13,74.13,64.75,65.06,70.52
75.12,75.12,62.19,70.30,69.89
75.95,75.95,61.35,75.29,69.51
74.92,74.92,60.02,72.64,67.93
73.86,73.86,58.37,72.52,69.13
74.14,74.14,56.47,72.52,68.97
74.01,74.01,56.83,72.74,69.02
72.78,72.78,56.89,73.03,70.05
71.40,71.40,57.91,73.30,69.41
71.87,71.87,57.47,73.54,70.24
71.47,71.47,56.18,72.91,70.19
71.10,71.10,56.72,72.65,70.78
72.39,72.39,58.40,71.88,70.54
72.98,72.98,66.38,69.23,70.35
72.44,72.44,71.13,70.11,71.42
72.90,72.90,84.45,69.20,67.43
72.29,72.29,84.09,68.58,67.94
72.72,72.72,78.26,70.42,70.20
71.91,71.91,68.28,70.97,68.33
70.70,70.70,63.86,70.98,67.30
70.46,70.46,59.73,70.40,68.51
71.06,71.06,65.51,70.78,68.00
71.69,71.69,66.45,71.84,67.88
69.71,69.71,70.39,71.20,67.45
70.39,70.39,69.36,70.73,68.00
70.85,70.85,71.27,71.75,68.70
70.43,70.43,68.90,72.38,68.46
69.74,69.74,69.56,73.45,70.22
72.45,72.45,62.30,71.94,72.10
72.87,72.87,64.87,67.61,74.95
72.73,72.73,67.25,72.43,71.93
72.63,72.63,62.24,71.14,70.74
70.05,70.05,57.19,70.30,71.27
68.71,68.71,58.97,69.46,70.68
71.45,71.45,52.98,70.19,72.01
73.57,73.57,52.72,69.37,71.87
74.58,74.58,54.42,70.17,70.77
75.04,75.04,52.78,69.52,70.69
74.21,74.21,50.65,70.73,71.09
74.35,74.35,49.91,71.42,71.33
72.75,72.75,52.03,71.46,71.64
72.04,72.04,60.80,71.49,70.24
73.30,73.30,66.81,68.69,68.48
64.42,64.42,76.15,63.05,69.99
58.22,58.22,80.31,71.14,65.44
53.12,53.12,83.69,72.28,68.13
55.02,55.02,78.72,72.24,68.16
58.14,58.14,75.34,71.53,68.55
55.25,55.25,67.75,69.94,70.09
61.50,61.50,64.84,71.26,69.32
63.72,63.72,63.25,71.95,69.15
64.88,64.88,65.38,73.82,69.00
66.56,66.56,66.35,72.57,70.38
64.83,64.83,66.50,68.69,69.83
66.92,66.92,64.50,76.53,69.46
67.26,67.26,63.55,76.80,69.39
66.42,66.42,61.86,79.62,71.99
71.11,71.11,60.77,77.11,72.38
68.19,68.19,64.51,76.35,70.38
70.12,70.12,65.28,66.01,73.05
68.69,68.69,61.46,76.75,71.70
69.42,69.42,60.85,75.93,72.40
69.58,69.58,60.29,76.91,71.87
72.46,72.46,57.46,77.24,70.90
71.86,71.86,56.00,76.60,71.03
60.35,60.35,55.63,76.42,70.60
59.81,59.81,55.20,77.24,71.69
64.27,64.27,53.37,78.10,70.69
62.24,62.24,53.86,76.75,71.91
60.14,60.14,53.01,77.27,71.38
64.73,64.73,57.47,77.59,71.66
67.35,67.35,65.82,75.95,72.70
71.87,71.87,75.71,75.36,70.63
71.32,71.32,84.60,70.64,70.28
69.06,69.06,80.71,70.25,71.02
71.29,71.29,77.59,69.81,71.06
71.58,71.58,72.31,73.71,71.03
71.48,71.48,67.19,73.86,72.57
72.51,72.51,72.40,74.59,72.24
67.31,67.31,70.93,74.54,71.77
67.24,67.24,72.93,73.77,72.55
66.48,66.48,69.62,76.07,72.05
66.71,66.71,70.71,76.10,73.40
66.20,66.20,69.95,73.82,73.40
65.24,65.24,72.22,75.29,75.27
64.13,64.13,66.76,75.79,71.32
67.11,67.11,61.09,73.98,72.71
72.21,72.21,58.11,71.49,71.03
73.73,73.73,61.59,75.09,70.52
72.30,72.30,62.17,77.26,71.81
73.49,73.49,64.96,76.67,69.36
73.46,73.46,57.61,77.20,71.34
73.67,73.67,56.04,76.80,69.52
74.85,74.85,53.67,76.35,71.73
75.72,75.72,52.38,78.23,71.06
74.28,74.28,54.37,76.10,70.15
72.23,72.23,52.53,76.77,70.73
70.15,70.15,52.96,77.82,71.47
70.31,70.31,56.70,76.43,71.05
69.91,69.91,64.42,77.29,68.31
69.66,69.66,76.67,70.02,70.09
67.19,67.19,82.60,70.58,70.06
65.47,65.47,81.36,66.67,68.81
65.18,65.18,80.51,65.79,69.34
67.54,67.54,75.25,71.86,71.48
67.07,67.07,67.55,64.24,70.04
70.05,70.05,65.84,72.52,68.73
71.01,71.01,65.38,75.10,70.26
70.83,70.83,62.51,69.30,70.96
72.75,72.75,65.61,72.99,70.89
70.89,70.89,64.21,73.85,71.45
70.78,70.78,66.40,72.26,69.52
71.51,71.51,68.26,70.65,69.19
72.06,72.06,66.65,75.05,68.68
70.89,70.89,63.32,72.78,68.71
70.30,70.30,60.21,76.46,72.20
75.52,75.52,61.09,71.57,70.43
71.87,71.87,57.77,75.98,71.76
73.12,73.12,59.02,77.32,71.58
73.30,73.30,58.95,77.55,71.29
73.89,73.89,58.92,76.67,70.86
73.29,73.29,59.25,76.90,71.45
72.72,72.72,56.73,76.97,71.43
72.01,72.01,57.02,77.14,71.98
72.62,72.62,56.57,77.06,72.48
73.72,73.72,54.97,76.52,71.29
73.05,73.05,54.47,77.83,72.49
68.51,68.51,58.73,77.18,72.14
69.04,69.04,66.14,74.62,72.24
67.95,67.95,76.34,74.51,69.56
70.11,70.11,83.13,72.38,68.47
77.28,77.28,81.38,56.90,69.61
72.60,72.60,76.33,69.81,69.82
75.66,75.66,73.83,71.29,69.09
75.50,75.50,76.35,73.84,69.52
75.10,75.10,75.61,74.30,70.26
73.68,73.68,73.11,72.74,67.94
74.10,74.10,71.81,71.07,68.90
74.69,74.69,71.35,73.93,67.85
76.10,76.10,75.46,74.43,68.90
75.06,75.06,75.11,73.94,69.29
76.08,76.08,76.82,74.46,68.82
74.21,74.21,74.80,71.60,69.29
69.04,69.04,71.57,71.94,69.69
69.98,69.98,67.28,67.20,69.68
73.86,73.86,70.81,64.21,71.90
70.97,70.97,74.29,70.65,71.80
70.76,70.76,77.98,71.96,71.98
75.40,75.40,78.67,71.23,70.47
73.08,73.08,66.42,67.58,68.99
73.09,73.09,70.13,64.25,68.07
72.82,72.82,74.84,65.76,68.62
72.61,72.61,72.31,70.94,68.05
74.04,74.04,79.68,73.58,69.58
74.32,74.32,76.70,70.89,68.76
74.66,74.66,64.93,67.56,68.56
71.78,71.78,71.37,64.19,68.71
71.46,71.46,71.92,60.11,69.17
68.56,68.56,81.29,64.81,69.42
68.64,68.64,81.80,63.85,68.72
66.34,66.34,80.32,68.05,69.84
66.70,66.70,73.68,68.36,71.05
68.38,68.38,66.86,69.55,68.45
73.39,73.39,66.01,71.04,70.59
70.40,70.40,66.61,68.38,69.59
67.82,67.82,67.23,70.24,70.39
68.98,68.98,67.54,71.05,69.35
70.30,70.30,71.59,71.77,69.62
71.63,71.63,65.71,70.65,69.16
74.74,74.74,68.98,70.26,67.85
73.37,73.37,69.93,69.59,68.90
72.24,72.24,68.85,66.75,69.48
72.72,72.72,65.23,72.91,69.44
72.76,72.76,66.29,73.43,71.74
71.27,71.27,65.53,67.82,71.07
75.89,75.89,63.21,70.49,70.52
76.22,76.22,64.68,71.58,69.12
76.46,76.46,62.50,71.96,68.80
78.06,78.06,60.61,74.68,69.21
77.77,77.77,61.19,75.39,70.05
78.47,78.47,61.94,72.27,71.28
75.35,75.35,60.06,67.38,70.66
76.51,76.51,60.61,66.25,71.07
77.11,77.11,61.79,67.40,69.82
77.91,77.91,61.22,69.44,69.64
77.92,77.92,61.88,65.34,69.69
78.53,78.53,66.85,69.33,72.02
75.76,75.76,70.31,70.48,71.32
74.61,74.61,82.62,70.61,69.83
75.90,75.90,82.92,71.02,70.16
76.10,76.10,78.48,70.77,70.05
75.52,75.52,70.51,69.10,71.51
75.59,75.59,63.36,69.30,70.92
76.46,76.46,64.88,69.79,72.19
76.96,76.96,67.33,70.13,72.19
77.35,77.35,70.67,70.82,71.17
77.52,77.52,66.84,68.99,70.87
77.13,77.13,66.61,69.78,69.25
77.21,77.21,68.80,70.72,72.58
77.45,77.45,66.39,71.70,73.08
77.00,77.00,68.67,72.42,69.75
76.10,76.10,61.88,71.11,69.66
74.92,74.92,63.70,67.90,70.28
75.18,75.18,67.57,72.35,69.86
76.50,76.50,61.15,74.69,70.08
78.17,78.17,66.27,71.73,69.58
79.06,79.06,62.88,72.18,69.13
79.01,79.01,59.13,71.38,70.00
79.20,79.20,57.32,70.26,69.96
78.54,78.54,55.61,70.68,70.76
78.43,78.43,55.07,71.81,69.31
78.98,78.98,53.84,70.34,72.46
78.43,78.43,54.70,71.21,68.68
77.68,77.68,54.88,73.27,71.83
77.18,77.18,59.01,72.34,69.43
76.82,76.82,67.06,71.00,69.24
75.11,75.11,77.59,69.55,69.96
73.54,73.54,83.31,64.08,67.60
75.92,75.92,84.44,72.83,69.16
76.17,76.17,77.73,72.79,70.61
76.22,76.22,72.34,73.07,69.17
76.60,76.60,66.59,73.76,69.67
76.72,76.72,66.53,72.65,69.40
75.93,75.93,65.43,73.41,71.23
76.25,76.25,63.45,73.24,69.54
76.25,76.25,70.32,73.30,69.57
76.99,76.99,66.24,74.22,69.95
76.95,76.95,68.85,72.97,69.87
78.08,78.08,67.37,72.86,71.68
78.22,78.22,60.30,74.27,70.13
77.99,77.99,57.56,72.64,71.62
78.71,78.71,62.18,69.52,70.25
78.54,78.54,63.92,70.81,69.53
78.13,78.13,55.94,72.71,68.26
79.47,79.47,57.10,71.21,67.21
79.62,79.62,57.55,71.78,67.47
78.92,78.92,54.26,71.55,67.53
79.25,79.25,53.57,71.21,66.62
78.46,78.46,53.22,71.53,66.01
77.87,77.87,54.10,71.64,67.30
77.82,77.82,52.71,71.65,66.49
78.10,78.10,50.60,72.17,65.83
78.02,78.02,49.06,73.18,66.65
77.82,77.82,56.33,72.01,68.23
77.76,77.76,66.54,67.81,68.11
77.97,77.97,75.32,66.96,70.39
76.79,76.79,85.54,65.32,67.61
77.75,77.75,80.87,68.06,67.96
78.35,78.35,76.52,68.57,67.12
77.76,77.76,68.83,68.87,68.29
77.71,77.71,55.63,65.36,66.58
77.80,77.80,67.52,70.81,66.30
77.64,77.64,64.96,72.49,67.97
76.79,76.79,68.17,70.37,66.95
77.31,77.31,64.99,68.53,66.92
77.36,77.36,70.61,69.94,67.88
76.39,76.39,71.26,68.31,67.97
77.30,77.30,73.18,73.87,67.04
77.30,77.30,69.68,73.78,69.67
78.42,78.42,66.57,73.07,72.76
77.52,77.52,67.31,72.54,73.55
76.90,76.90,64.73,75.09,72.99
77.08,77.08,58.37,76.26,73.81
77.56,77.56,59.54,73.35,72.25
77.65,77.65,54.96,73.42,71.91
76.21,76.21,54.50,74.40,73.11
76.28,76.28,52.54,73.77,71.72
75.16,75.16,53.62,75.27,72.62
75.10,75.10,53.72,73.88,71.92
75.44,75.44,53.04,74.61,71.71
75.32,75.32,52.06,74.20,71.72
76.01,76.01,53.62,72.82,71.05
77.08,77.08,61.64,72.07,68.47
77.02,77.02,71.58,66.15,70.26
72.93,72.93,77.78,68.30,69.60
71.67,71.67,83.61,61.69,66.76
73.70,73.70,81.38,62.33,68.76
75.70,75.70,79.40,64.40,70.24
74.74,74.74,71.88,64.18,69.13
74.89,74.89,64.29,64.61,69.58
73.97,73.97,65.89,66.42,70.43
74.41,74.41,65.00,66.89,68.82
73.66,73.66,67.46,69.39,69.91
75.46,75.46,65.09,69.86,70.61
75.63,75.63,66.50,69.65,70.12
75.67,75.67,62.92,70.05,69.79
75.92,75.92,62.75,69.96,70.66
76.67,76.67,64.44,69.40,70.84
76.14,76.14,64.43,71.22,71.51
77.01,77.01,61.66,66.42,72.29
75.93,75.93,62.21,65.35,71.16
76.30,76.30,61.06,73.57,72.11
74.28,74.28,57.23,72.56,70.72
74.01,74.01,56.92,73.74,71.64
76.22,76.22,55.65,72.07,72.12
75.47,75.47,54.98,70.30,71.79
75.63,75.63,55.02,70.19,70.98
76.62,76.62,52.96,74.13,72.87
76.98,76.98,51.51,73.94,71.76
77.01,77.01,51.50,75.12,71.66
76.82,76.82,53.11,72.67,72.50
77.25,77.25,59.38,71.54,71.93
77.32,77.32,67.61,66.62,72.33
75.36,75.36,81.47,67.41,70.80
76.25,76.25,83.44,63.61,71.59
77.15,77.15,80.48,63.40,71.01
76.93,76.93,75.77,63.70,69.51
76.71,76.71,71.01,69.20,72.69
76.04,76.04,68.74,72.08,71.38
75.14,75.14,71.44,70.97,72.38
74.79,74.79,69.43,71.35,72.22
75.40,75.40,67.78,72.03,72.41
76.08,76.08,71.85,71.52,70.76
76.88,76.88,74.02,74.12,71.39
77.44,77.44,70.56,74.90,70.61
77.75,77.75,66.90,73.97,70.83
77.78,77.78,65.68,69.32,73.22
78.52,78.52,70.10,71.84,73.57
78.44,78.44,64.78,67.97,73.59
77.55,77.55,62.90,70.65,70.76
78.28,78.28,59.02,71.57,72.88
77.99,77.99,58.11,72.68,69.27
76.30,76.30,56.45,71.55,71.92
76.92,76.92,51.64,72.83,70.72
76.85,76.85,49.57,71.92,71.07
76.44,76.44,49.52,73.92,69.59
77.07,77.07,48.39,72.77,71.54
76.56,76.56,46.28,73.14,71.98
76.51,76.51,48.73,72.64,72.81
77.48,77.48,56.53,72.89,70.93
76.95,76.95,64.78,68.89,68.79
74.26,74.26,78.37,65.02,71.65
73.83,73.83,84.59,69.06,69.68
73.69,73.69,84.15,59.97,70.81
75.30,75.30,75.65,61.60,71.04
75.48,75.48,73.98,65.47,71.88
75.62,75.62,66.03,70.54,71.42
75.22,75.22,65.68,68.65,70.48
74.96,74.96,65.51,69.99,69.99
74.78,74.78,63.98,72.36,70.12
76.28,76.28,67.36,73.58,71.66
76.96,76.96,62.90,72.46,72.09
78.16,78.16,62.92,73.41,72.36
76.85,76.85,65.19,70.70,72.41
76.92,76.92,69.14,69.00,69.67
77.64,77.64,63.17,70.52,69.96
77.82,77.82,64.69,67.65,71.45
77.95,77.95,68.32,68.36,69.60
78.02,78.02,61.67,68.44,68.96
78.09,78.09,63.74,70.34,70.26
76.34,76.34,55.68,69.76,68.88
77.36,77.36,53.71,70.44,68.59
76.76,76.76,56.86,69.15,69.03
75.39,75.39,54.86,68.54,69.73
77.56,77.56,54.47,67.74,69.45
76.45,76.45,52.21,69.55,68.63
77.04,77.04,51.94,68.50,69.80
78.22,78.22,53.82,69.01,68.00
75.39,75.39,61.14,65.64,69.06
75.87,75.87,69.51,60.25,69.64
75.77,75.77,76.57,65.39,69.64
73.21,73.21,84.02,64.92,70.26
74.90,74.90,77.86,66.26,70.57
74.75,74.75,79.19,62.13,71.30
73.66,73.66,76.40,67.25,73.47
72.14,72.14,76.14,68.39,73.21
71.47,71.47,75.77,69.89,71.67
73.78,73.78,76.12,69.27,69.74
73.20,73.20,76.28,74.46,71.18
73.66,73.66,76.87,73.87,67.73
75.09,75.09,75.78,72.80,67.96
75.92,75.92,77.07,70.41,66.58
76.55,76.55,76.21,70.12,66.74
77.54,77.54,72.82,67.30,67.04
76.76,76.76,75.76,71.48,69.73
76.74,76.74,72.17,71.46,72.79
75.73,75.73,68.59,74.05,72.91
74.20,74.20,70.10,73.86,73.15
75.63,75.63,71.32,60.05,72.98
76.25,76.25,65.26,67.53,73.42
77.22,77.22,72.97,67.69,71.46
77.31,77.31,74.93,70.95,71.90
77.59,77.59,75.68,73.28,71.13
77.41,77.41,77.26,72.64,70.11
75.65,75.65,78.01,73.17,71.76
74.24,74.24,75.99,74.73,71.57
73.92,73.92,75.50,74.75,70.43
75.22,75.22,72.74,74.13,69.49
74.19,74.19,77.91,71.13,70.53
72.65,72.65,82.71,73.13,69.57
71.18,71.18,84.52,71.17,69.74
72.24,72.24,81.42,70.95,69.23
74.38,74.38,76.90,73.76,66.43
75.48,75.48,67.30,73.01,67.50
75.16,75.16,63.66,73.56,67.81
75.53,75.53,66.01,75.50,67.05
75.77,75.77,66.13,73.95,67.46
75.69,75.69,66.87,74.93,66.96
75.02,75.02,65.08,74.44,67.01
72.88,72.88,64.09,75.14,67.65
70.71,70.71,69.19,74.83,66.15
73.19,73.19,67.82,76.18,66.91
73.60,73.60,66.34,73.38,69.10
73.48,73.48,62.03,77.37,70.67
74.80,74.80,61.46,76.74,69.94
75.25,75.25,66.67,74.12,69.89
73.30,73.30,69.90,74.44,71.66
74.27,74.27,62.61,77.99,71.34
74.06,74.06,61.66,75.92,71.69
74.24,74.24,59.94,72.77,71.62
74.09,74.09,57.73,75.82,71.62
75.06,75.06,59.72,76.07,71.17
73.16,73.16,59.66,72.62,70.44
73.66,73.66,57.86,77.15,71.44
74.02,74.02,55.81,76.63,71.41
74.55,74.55,56.56,73.83,69.84
76.74,76.74,66.13,73.77,70.91
75.39,75.39,66.33,77.53,70.96
74.43,74.43,84.10,73.27,69.56
75.44,75.44,83.44,71.57,70.46
76.16,76.16,78.39,68.50,70.87
76.47,76.47,73.20,64.77,71.25
76.97,76.97,60.52,64.72,70.38
76.75,76.75,59.27,64.73,71.21
77.00,77.00,58.82,66.11,70.67
77.37,77.37,63.38,68.81,69.52
77.25,77.25,66.84,68.87,69.47
78.26,78.26,63.05,68.26,69.08
78.09,78.09,65.72,67.56,68.96
76.73,76.73,66.65,65.49,70.64
76.93,76.93,66.38,67.08,70.84
79.37,79.37,67.71,68.86,69.64
78.87,78.87,61.99,68.25,70.87
80.63,80.63,62.48,70.21,68.77
78.93,78.93,61.02,67.49,69.42
78.54,78.54,57.86,68.10,69.96
77.55,77.55,55.12,68.87,70.10
76.94,76.94,52.52,68.71,70.35
77.77,77.77,50.69,70.68,71.10
78.23,78.23,52.01,70.40,69.90
76.44,76.44,53.21,69.35,73.26
74.32,74.32,51.80,70.89,70.70
74.76,74.76,50.62,71.47,72.07
77.36,77.36,51.99,72.32,70.59
74.99,74.99,57.54,72.73,69.11
73.06,73.06,66.11,69.40,70.65
71.28,71.28,78.66,67.35,71.77
71.74,71.74,82.67,66.18,70.00
70.22,70.22,83.67,65.65,69.40
73.88,73.88,79.80,65.37,70.40
72.73,72.73,73.03,67.59,70.75
70.36,70.36,65.70,70.44,70.39
70.05,70.05,66.42,70.96,71.16
71.49,71.49,65.14,71.94,71.38
73.71,73.71,64.50,70.68,70.58
72.32,72.32,67.10,68.21,71.53
72.23,72.23,64.57,67.47,72.34
73.54,73.54,65.79,68.65,72.09
73.08,73.08,65.16,66.21,71.69
73.01,73.01,65.09,67.30,70.21
73.56,73.56,65.07,64.57,70.79
75.45,75.45,63.97,63.74,69.61
73.74,73.74,63.16,75.26,68.11
73.31,73.31,63.24,73.98,66.99
74.78,74.78,65.94,70.87,67.02
75.41,75.41,65.30,70.44,66.81
75.27,75.27,63.11,72.55,66.59
73.09,73.09,62.45,71.73,68.09
72.50,72.50,62.39,72.01,67.66
73.54,73.54,61.90,71.58,65.97
74.04,74.04,61.37,70.83,67.38
74.87,74.87,61.53,69.10,68.18
73.71,73.71,62.19,70.76,68.68
74.14,74.14,63.09,70.17,68.54
74.18,74.18,67.08,68.06,69.84
74.03,74.03,74.39,67.63,69.98
73.42,73.42,85.22,56.48,69.76
76.16,76.16,82.27,66.88,69.59
75.91,75.91,80.85,68.46,70.07
75.73,75.73,74.32,67.37,69.51
74.23,74.23,65.91,68.09,69.14
74.00,74.00,67.35,69.46,68.49
73.55,73.55,67.89,69.44,68.50
72.53,72.53,68.90,68.89,69.38
73.35,73.35,67.73,69.16,68.61
73.80,73.80,65.55,69.17,68.52
74.38,74.38,61.35,68.11,67.48
73.27,73.27,66.17,68.89,67.94
73.18,73.18,70.23,70.39,68.56
73.70,73.70,70.17,70.89,71.94
73.47,73.47,65.42,65.66,71.24
73.05,73.05,68.83,73.96,73.24
73.32,73.32,63.33,72.99,73.89
74.31,74.31,61.70,75.28,73.95
73.39,73.39,62.14,73.75,72.33
73.84,73.84,59.37,75.05,73.15
73.08,73.08,59.92,75.19,73.77
73.83,73.83,60.09,75.72,73.73
74.71,74.71,58.08,74.20,73.03
76.08,76.08,57.85,74.40,72.65
76.75,76.75,55.08,73.64,72.70
74.97,74.97,56.64,73.24,72.90
73.02,73.02,61.95,71.51,71.00
72.46,72.46,71.35,71.99,70.88
71.50,71.50,80.64,71.98,67.86
70.68,70.68,84.97,73.99,68.34
69.04,69.04,80.84,72.68,67.42
68.39,68.39,78.33,69.16,69.15
68.56,68.56,69.96,73.07,69.54
70.32,70.32,66.35,74.33,70.91
69.57,69.57,66.65,72.65,70.22
70.79,70.79,63.45,74.36,69.83
72.49,72.49,68.55,75.12,70.24
74.14,74.14,69.93,72.50,69.18
73.17,73.17,64.21,72.21,70.47
71.08,71.08,58.45,74.46,70.23
73.43,73.43,60.26,73.51,70.53
71.40,71.40,59.16,72.15,70.08
71.82,71.82,64.08,75.97,70.97
71.65,71.65,67.26,68.29,71.56
68.72,68.72,64.69,70.47,71.27
71.70,71.70,64.35,71.36,70.84
71.79,71.79,61.12,71.76,72.46
72.05,72.05,56.45,73.60,71.44
69.24,69.24,55.92,72.06,72.04
63.50,63.50,55.07,71.70,71.46
59.03,59.03,54.07,72.35,71.72
56.19,56.19,54.74,73.37,72.02
58.94,58.94,53.04,72.76,71.36
59.41,59.41,50.78,73.20,71.79
62.42,62.42,54.89,74.29,73.23
59.23,59.23,62.37,72.12,73.43
61.94,61.94,72.34,68.62,73.30
68.54,68.54,84.92,67.28,70.67
68.42,68.42,84.08,72.31,71.42
67.36,67.36,78.86,73.74,71.78
68.33,68.33,74.86,73.99,71.62
66.98,66.98,63.34,74.46,72.86
68.24,68.24,62.08,74.56,72.74
68.53,68.53,60.50,74.34,71.76
60.51,60.51,64.85,75.00,71.07
51.20,51.20,71.90,75.44,71.84
52.68,52.68,69.25,74.99,71.10
56.14,56.14,74.93,74.64,72.04
62.51,62.51,70.58,74.84,72.83
59.53,59.53,65.79,74.12,71.30
58.84,58.84,57.91,72.57,72.50
66.55,66.55,67.10,74.86,73.47
65.53,65.53,65.59,73.22,72.21
64.92,64.92,62.57,78.05,72.40
66.26,66.26,56.99,78.18,72.11
68.20,68.20,61.90,78.75,72.76
70.90,70.90,56.78,76.21,73.16
71.20,71.20,56.72,77.47,72.86
67.05,67.05,57.23,77.20,73.86
59.80,59.80,53.43,78.25,72.91
54.95,54.95,53.45,77.21,73.24
48.57,48.57,53.14,77.69,73.75
45.83,45.83,52.57,77.50,72.35
50.50,50.50,58.76,79.41,70.92
49.67,49.67,69.05,73.41,71.54
55.32,55.32,77.97,68.82,70.31
63.12,63.12,80.16,68.64,69.65
68.34,68.34,84.57,66.62,70.21
70.01,70.01,78.17,68.87,71.26
68.82,68.82,70.83,74.78,71.98
64.78,64.78,68.79,73.07,71.17
58.10,58.10,66.86,70.10,72.91
59.60,59.60,65.69,75.54,73.28
64.41,64.41,68.19,75.24,73.12
66.19,66.19,70.07,72.35,74.45
63.32,63.32,64.44,74.65,74.95
59.32,59.32,59.06,76.45,73.77
62.23,62.23,58.45,72.31,74.08
65.85,65.85,63.79,75.07,73.20
65.38,65.38,62.99,75.63,72.43
65.35,65.35,63.57,72.06,73.61
64.41,64.41,64.04,75.52,72.83
64.94,64.94,63.22,74.28,74.19
66.89,66.89,60.35,72.91,74.51
68.00,68.00,59.79,71.49,74.79
69.32,69.32,63.68,72.02,74.36
68.46,68.46,77.00,74.30,72.78
65.56,65.56,78.32,71.83,69.78
63.63,63.63,73.07,69.58,70.69
60.78,60.78,69.56,72.60,72.67
61.78,61.78,67.78,72.83,73.90
63.25,63.25,66.26,72.61,73.64
66.33,66.33,66.07,72.54,72.39
66.69,66.69,67.86,66.13,71.40
65.70,65.70,72.77,63.00,73.20
64.50,64.50,82.93,69.90,72.57
66.26,66.26,84.59,67.39,73.01
67.56,67.56,78.85,69.10,73.45
69.53,69.53,70.26,69.81,73.61
70.84,70.84,66.94,71.82,73.50
71.35,71.35,63.74,72.06,73.44
74.44,74.44,66.21,70.92,73.51
71.87,71.87,64.34,71.22,73.33
66.55,66.55,67.91,70.04,73.64
63.69,63.69,68.27,69.21,73.49
62.89,62.89,68.43,70.99,73.69
61.42,61.42,67.87,72.43,71.87
61.72,61.72,70.11,74.06,71.71
61.40,61.40,79.39,75.19,70.56
65.50,65.50,78.48,71.72,71.85
67.58,67.58,72.76,71.95,71.94
71.15,71.15,66.49,74.69,72.08
71.44,71.44,64.21,74.20,71.99
75.02,75.02,64.75,75.77,71.44
75.73,75.73,64.28,73.65,72.26
75.54,75.54,77.38,74.35,72.86
72.64,72.64,76.15,74.49,72.68
73.11,73.11,71.39,74.66,72.32
74.74,74.74,65.81,74.72,71.12
74.14,74.14,65.13,76.29,72.01
74.50,74.50,65.19,74.72,71.30
73.38,73.38,65.87,70.70,71.89
71.89,71.89,72.65,63.55,72.05
70.68,70.68,78.15,71.45,70.19
69.52,69.52,82.85,65.66,70.41
66.70,66.70,80.70,64.86,72.54
71.44,71.44,77.42,62.93,73.37
69.25,69.25,73.34,63.25,74.57
70.89,70.89,69.48,61.71,72.81
69.15,69.15,78.68,64.26,72.52
69.68,69.68,76.70,65.28,72.90
70.58,70.58,70.98,66.93,72.89
69.04,69.04,67.81,62.83,72.87
66.90,66.90,65.85,60.84,72.40
66.23,66.23,66.84,56.72,72.86
62.60,62.60,66.38,64.03,72.02
64.35,64.35,67.17,66.88,71.58
63.22,63.22,74.74,68.67,72.50
64.55,64.55,79.20,74.22,72.67
64.82,64.82,77.82,74.00,73.04
70.38,70.38,75.37,73.22,74.11
72.75,72.75,72.95,70.82,73.73
72.63,72.63,77.24,72.32,72.66
71.62,71.62,76.54,70.11,72.26
69.08,69.08,68.75,68.64,71.23
72.38,72.38,74.03,66.67,72.04
73.46,73.46,74.26,66.33,72.53
74.18,74.18,72.96,65.24,72.71
75.18,75.18,73.07,60.47,72.16
76.18,76.18,69.04,61.43,72.17
76.09,76.09,75.60,61.04,71.54
74.22,74.22,77.43,56.39,72.08
74.14,74.14,82.36,61.30,72.53
76.14,76.14,83.56,71.58,72.74
74.64,74.64,77.85,71.56,73.40
70.62,70.62,70.57,74.69,73.01
71.29,71.29,70.74,73.85,71.38
74.59,74.59,72.34,73.43,71.50
76.36,76.36,71.82,75.59,71.23
76.92,76.92,72.35,74.18,71.00
76.50,76.50,72.01,73.22,69.89
75.37,75.37,73.47,74.68,69.93
75.99,75.99,71.77,74.12,70.99
74.78,74.78,73.04,73.91,68.42
75.48,75.48,71.94,74.96,69.71
75.85,75.85,70.00,74.45,70.05
75.82,75.82,73.16,72.55,71.06
73.38,73.38,70.95,72.62,71.43
71.30,71.30,73.18,74.19,71.02
70.69,70.69,72.18,74.71,70.63
69.76,69.76,67.48,73.52,72.05
68.01,68.01,68.25,74.70,70.85
64.97,64.97,66.79,73.47,70.75
63.67,63.67,65.25,73.80,71.52
66.08,66.08,67.39,75.35,72.34
68.17,68.17,65.80,73.68,73.02
68.05,68.05,65.31,74.79,72.34
67.48,67.48,63.91,76.00,72.84
66.25,66.25,63.93,75.23,73.07
66.87,66.87,65.52,73.50,73.32
70.62,70.62,75.56,71.49,73.27
68.46,68.46,74.51,71.34,72.75
69.19,69.19,82.67,70.91,69.96
74.38,74.38,80.72,69.00,72.47
74.04,74.04,78.32,68.55,73.23
72.34,72.34,75.08,68.17,72.45
73.61,73.61,65.70,66.68,70.43
74.13,74.13,66.69,68.34,70.69
73.00,73.00,63.62,66.63,72.61
73.60,73.60,65.91,66.07,70.58
72.48,72.48,67.94,65.74,71.71
73.84,73.84,64.99,66.37,71.76
73.89,73.89,67.19,67.38,71.63
77.18,77.18,64.73,67.47,70.56
72.85,72.85,67.01,66.11,71.69
73.24,73.24,65.26,67.65,72.61
74.04,74.04,66.42,77.55,71.05
71.70,71.70,69.40,75.60,71.36
70.53,70.53,63.21,74.89,71.47
69.60,69.60,60.50,74.87,72.01
68.93,68.93,60.73,74.36,72.86
66.87,66.87,58.86,75.66,72.46
68.49,68.49,59.06,76.42,70.82
67.34,67.34,59.74,75.71,71.37
65.82,65.82,60.99,75.89,72.06
65.07,65.07,58.08,75.93,71.64
62.66,62.66,55.66,76.60,71.56
67.72,67.72,56.76,75.06,70.75
70.89,70.89,62.79,75.12,70.80
69.72,69.72,68.72,67.20,71.95
70.24,70.24,81.51,69.93,71.75
72.25,72.25,84.26,70.33,70.23
71.08,71.08,80.68,72.86,70.18
71.86,71.86,76.54,71.45,70.19
73.50,73.50,68.75,73.85,71.44
74.45,74.45,66.64,73.71,72.35
74.64,74.64,58.94,74.10,72.32
74.50,74.50,66.12,75.70,72.47
73.62,73.62,70.90,74.01,72.61
74.69,74.69,69.05,73.82,71.29
74.91,74.91,66.07,74.68,72.51
75.39,75.39,62.98,73.81,71.88
76.12,76.12,62.59,74.25,71.87
75.45,75.45,64.29,71.81,71.86
74.71,74.71,67.63,68.46,72.74
75.49,75.49,69.37,73.74,74.35
75.86,75.86,66.29,71.15,75.39
76.30,76.30,58.38,69.75,75.35
76.35,76.35,63.69,71.92,72.78
76.14,76.14,57.80,71.74,72.39
76.31,76.31,57.42,70.29,73.25
76.11,76.11,56.09,70.01,72.98
74.72,74.72,54.23,69.02,73.30
73.68,73.68,53.96,70.23,72.71
73.90,73.90,53.65,72.45,74.06
72.95,72.95,53.48,71.86,72.69
70.29,70.29,55.87,70.95,73.81
67.59,67.59,65.38,68.14,73.44
68.94,68.94,72.62,64.18,74.22
63.34,63.34,80.12,66.90,72.56
61.13,61.13,84.86,65.02,72.27
61.60,61.60,83.26,68.48,73.21
59.97,59.97,74.43,69.74,73.21
61.70,61.70,70.42,68.62,74.76
61.48,61.48,70.08,66.50,73.42
63.08,63.08,67.84,67.15,74.56
63.89,63.89,66.25,71.43,73.51
63.94,63.94,66.21,72.71,72.38
65.33,65.33,67.66,71.54,74.17
67.33,67.33,65.58,69.18,72.61
70.13,70.13,63.66,71.32,71.46
71.46,71.46,65.23,72.39,70.93
69.43,69.43,63.55,70.81,71.41
73.72,73.72,64.40,66.76,71.47
73.27,73.27,62.78,75.18,72.24
74.24,74.24,61.92,71.37,72.54
74.04,74.04,62.81,69.19,72.94
74.39,74.39,61.24,71.48,72.40
73.44,73.44,59.73,73.98,72.24
75.80,75.80,57.78,71.84,73.52
76.93,76.93,57.02,69.84,72.93
78.01,78.01,55.03,72.39,74.09
75.92,75.92,54.42,73.87,72.09
72.92,72.92,52.97,72.80,73.11
69.27,69.27,51.79,74.56,73.07
73.55,73.55,53.59,75.32,73.32
75.48,75.48,57.46,72.05,73.41
77.30,77.30,66.20,70.17,73.11
76.07,76.07,78.61,68.11,71.17
75.57,75.57,84.48,65.43,70.46
74.94,74.94,79.80,68.88,69.76
74.16,74.16,76.20,67.07,70.23
75.27,75.27,74.43,63.41,68.81
74.31,74.31,72.74,64.73,69.83
73.25,73.25,68.61,66.11,71.25
71.56,71.56,68.23,68.81,71.46
72.46,72.46,63.64,70.84,70.81
72.13,72.13,71.40,69.63,70.46
73.20,73.20,69.69,65.85,71.46
74.19,74.19,65.27,71.20,71.71
73.91,73.91,56.94,70.74,70.18
73.15,73.15,67.67,72.99,71.71
72.36,72.36,71.04,68.16,70.74
74.79,74.79,63.54,70.02,69.99
74.51,74.51,57.48,62.97,70.18
73.16,73.16,65.95,68.93,70.08
74.53,74.53,66.28,68.19,69.57
74.53,74.53,64.16,63.26,70.44
74.60,74.60,58.75,67.14,70.84
73.65,73.65,54.67,68.20,69.96
74.12,74.12,53.76,67.69,68.96
74.76,74.76,54.12,69.49,69.25
75.95,75.95,53.98,68.61,69.80
74.70,74.70,52.94,67.77,68.08
74.48,74.48,55.78,67.17,68.25
73.30,73.30,62.93,66.66,71.30
73.10,73.10,71.24,59.81,72.58
71.34,71.34,81.40,55.54,72.22
71.02,71.02,86.09,67.09,70.00
70.19,70.19,82.76,66.01,70.66
72.10,72.10,76.66,66.03,72.28
71.51,71.51,70.81,69.67,71.71
70.35,70.35,65.47,69.20,73.41
70.72,70.72,67.34,69.26,72.50
73.71,73.71,66.80,69.76,71.04
72.37,72.37,66.36,73.40,72.62
70.80,70.80,67.16,72.62,71.97
70.57,70.57,64.43,71.17,71.47
69.99,69.99,62.31,68.51,72.97
72.37,72.37,58.30,68.89,70.67
74.70,74.70,59.62,69.10,70.75
72.88,72.88,61.70,71.66,71.00
72.97,72.97,65.24,69.51,70.45
73.02,73.02,64.41,73.78,70.64
73.33,73.33,63.07,72.54,70.90
73.85,73.85,61.40,74.08,70.11
73.25,73.25,57.19,75.56,70.63
73.29,73.29,56.78,73.30,72.83
72.72,72.72,54.01,72.69,71.29
71.43,71.43,52.45,73.80,71.41
72.82,72.82,51.62,75.21,72.87
73.87,73.87,52.19,73.98,69.80
72.68,72.68,52.25,74.88,71.51
72.95,72.95,56.65,72.71,71.59
72.81,72.81,67.13,69.79,69.98
73.47,73.47,69.33,68.59,71.33
70.94,70.94,84.12,69.29,71.06
74.16,74.16,83.84,66.39,69.71
74.79,74.79,79.40,67.91,70.19
75.12,75.12,71.86,68.16,71.02
75.38,75.38,60.70,69.58,71.35
76.46,76.46,62.09,69.84,70.32
74.12,74.12,61.00,71.07,69.25
73.25,73.25,61.42,72.14,68.95
73.95,73.95,65.95,75.84,70.28
73.39,73.39,65.41,73.79,71.34
72.76,72.76,72.49,72.21,71.91
72.73,72.73,68.88,69.38,72.04
74.58,74.58,68.66,71.51,72.55
74.38,74.38,59.55,71.21,72.70
76.90,76.90,60.68,73.78,73.79
71.93,71.93,63.74,68.40,72.60
72.49,72.49,64.42,70.65,72.46
73.42,73.42,59.38,73.46,74.07
74.22,74.22,53.93,74.06,73.67
74.05,74.05,51.37,72.80,73.32
74.22,74.22,51.22,71.54,73.11
73.52,73.52,51.92,73.17,71.79
74.21,74.21,50.99,73.55,72.98
75.14,75.14,50.22,74.40,73.14
73.79,73.79,51.44,73.52,73.26
73.79,73.79,54.66,73.80,72.65
73.79,73.79,63.11,71.70,70.43
74.09,74.09,76.81,66.58,71.48
71.98,71.98,81.10,70.30,68.45
71.91,71.91,86.25,66.72,68.02
73.30,73.30,81.29,70.19,68.52
72.41,72.41,74.05,71.81,68.12
72.28,72.28,66.85,70.58,70.70
71.73,71.73,65.63,71.15,70.06
71.15,71.15,68.63,70.01,70.26
72.65,72.65,66.21,72.12,69.17
73.01,73.01,65.07,70.33,70.45
72.76,72.76,65.49,72.06,68.74
73.06,73.06,66.15,69.46,69.36
75.28,75.28,65.90,71.47,68.52
74.89,74.89,70.31,72.25,69.43
74.15,74.15,66.50,73.95,68.85
72.74,72.74,60.06,71.79,70.39
73.14,73.14,61.63,75.08,69.39
72.45,72.45,65.55,69.97,69.94
71.87,71.87,62.31,70.89,69.80
70.76,70.76,61.25,69.83,71.19
71.24,71.24,59.95,69.89,71.34
72.66,72.66,59.76,70.09,72.82
66.83,66.83,60.66,71.72,72.24
67.58,67.58,60.29,71.99,70.57
68.92,68.92,58.73,71.72,71.40
69.31,69.31,58.81,71.77,72.32
69.83,69.83,57.86,72.15,72.58
70.45,70.45,60.06,71.14,71.41
70.18,70.18,63.71,72.25,73.02
69.26,69.26,73.76,73.42,72.17
64.23,64.23,83.51,67.69,71.41
65.52,65.52,84.12,72.32,72.20
72.29,72.29,78.21,67.35,71.27
70.85,70.85,71.77,68.20,71.42
73.92,73.92,71.12,67.50,69.78
72.76,72.76,65.55,68.01,69.51
73.47,73.47,65.36,69.69,69.46
73.21,73.21,65.14,70.61,69.77
72.67,72.67,67.90,71.47,70.67
73.81,73.81,66.98,71.13,71.01
74.28,74.28,69.47,71.89,70.19
72.00,72.00,68.35,72.49,72.44
73.81,73.81,67.68,72.46,70.65
72.59,72.59,65.81,72.86,68.78
71.29,71.29,67.44,72.11,70.13
73.58,73.58,67.24,69.79,69.49
70.60,70.60,65.62,75.71,68.98
71.94,71.94,63.62,70.74,68.91
73.56,73.56,64.79,72.49,69.13
73.21,73.21,65.29,70.87,68.99
69.99,69.99,64.14,71.56,70.09
65.34,65.34,64.68,71.88,71.30
65.21,65.21,64.40,73.19,71.62
65.72,65.72,64.90,73.38,71.83
68.26,68.26,63.01,72.90,71.52
65.06,65.06,63.98,71.88,71.65
61.51,61.51,65.86,72.30,71.25
64.96,64.96,68.32,72.25,70.27
72.67,72.67,75.99,72.02,71.17
70.29,70.29,82.88,69.30,68.73
70.21,70.21,82.11,66.79,69.12
71.58,71.58,79.44,65.59,71.57
71.84,71.84,74.79,62.47,71.48
72.29,72.29,68.51,65.65,71.09
72.80,72.80,67.70,66.84,70.85
74.23,74.23,66.52,66.59,69.96
74.52,74.52,67.31,65.06,71.80
72.74,72.74,67.57,66.08,71.74
73.58,73.58,65.12,66.10,72.59
74.87,74.87,64.18,68.19,72.37
76.04,76.04,62.29,68.72,71.20
74.01,74.01,61.80,67.36,71.76
76.17,76.17,65.12,68.39,68.99
77.40,77.40,61.94,63.57,69.09
76.51,76.51,65.47,68.11,69.03
75.70,75.70,63.77,71.93,68.79
75.16,75.16,61.59,65.80,68.05
75.57,75.57,59.30,69.52,69.13
75.96,75.96,58.31,69.49,68.28
76.90,76.90,58.59,68.92,68.32
73.62,73.62,57.16,69.43,70.01
70.24,70.24,56.84,69.46,70.75
66.32,66.32,55.53,69.38,69.80
70.39,70.39,55.02,66.79,70.36
69.61,69.61,55.94,68.67,69.38
71.63,71.63,56.13,68.14,70.00
71.74,71.74,64.62,65.10,68.95
68.36,68.36,71.53,70.23,68.71
68.66,68.66,83.91,60.68,67.22
71.34,71.34,84.44,62.16,68.65
74.07,74.07,79.55,72.04,67.43
73.66,73.66,73.95,71.10,66.00
75.04,75.04,63.73,70.33,65.81
75.00,75.00,64.86,71.23,65.69
73.14,73.14,62.52,71.69,66.43
73.57,73.57,67.90,71.39,65.54
74.19,74.19,68.03,69.72,65.86
74.45,74.45,67.92,69.09,66.24
73.87,73.87,74.42,69.35,65.81
73.74,73.74,69.71,69.98,68.74
74.28,74.28,70.69,69.89,69.56
75.19,75.19,67.67,68.52,71.70
74.46,74.46,65.99,66.33,71.38
75.63,75.63,63.60,65.00,71.49
75.44,75.44,61.38,73.46,69.72
76.04,76.04,59.36,68.55,70.32
76.53,76.53,54.29,69.04,68.88
76.67,76.67,54.77,68.82,69.37
77.46,77.46,56.54,68.68,71.05
77.47,77.47,54.20,67.87,70.74
77.92,77.92,53.04,69.09,69.73
77.46,77.46,51.75,66.97,70.96
76.73,76.73,53.11,71.09,69.42
74.14,74.14,54.47,71.17,70.66
74.54,74.54,59.62,68.27,69.53
71.56,71.56,70.19,66.78,69.59
67.16,67.16,80.37,64.90,69.92
64.49,64.49,84.74,61.07,68.83
64.45,64.45,81.55,61.89,69.32
67.04,67.04,79.89,65.02,69.70
68.36,68.36,72.54,65.83,69.42
70.23,70.23,69.98,66.91,68.04
71.34,71.34,67.59,67.55,67.08
71.82,71.82,66.67,66.39,67.83
72.45,72.45,65.96,67.79,67.62
71.65,71.65,65.72,70.25,66.63
71.29,71.29,66.72,70.96,67.70
72.06,72.06,68.55,72.97,70.36
73.46,73.46,63.00,68.02,71.13
70.12,70.12,63.39,72.86,70.92
73.27,73.27,62.25,75.64,72.75
72.83,72.83,66.31,71.60,72.64
72.10,72.10,66.69,74.21,72.46
75.17,75.17,60.91,74.80,70.11
75.61,75.61,58.62,75.26,69.53
73.71,73.71,56.50,76.08,71.07
74.55,74.55,54.70,75.84,69.64
73.96,73.96,54.42,74.93,71.30
71.23,71.23,54.90,76.22,71.26
71.58,71.58,54.49,77.13,73.05
75.37,75.37,55.46,76.59,72.09
75.00,75.00,54.92,74.78,72.69
71.54,71.54,53.62,76.21,72.25
73.78,73.78,59.36,76.57,73.01
74.63,74.63,65.54,73.66,72.33
72.94,72.94,79.36,72.05,72.94
70.18,70.18,84.68,70.35,70.27
70.44,70.44,80.21,65.58,69.61
71.33,71.33,76.66,64.91,69.92
74.88,74.88,72.31,66.80,71.37
74.32,74.32,63.15,68.70,71.78
71.66,71.66,70.48,69.46,71.32
72.58,72.58,65.35,68.75,71.44
76.20,76.20,68.09,69.73,72.82
70.50,70.50,63.92,69.56,73.24
71.73,71.73,64.83,70.57,72.94
76.79,76.79,72.83,69.61,72.36
68.19,68.19,71.39,69.15,72.26
70.74,70.74,69.92,70.06,72.31
75.14,75.14,65.84,63.24,71.91
77.89,77.89,62.58,67.08,71.00
76.52,76.52,67.90,68.28,70.80
77.36,77.36,66.39,72.36,70.30
77.08,77.08,61.31,71.71,70.88
76.56,76.56,55.15,70.36,68.44
76.37,76.37,53.77,73.70,69.29
75.11,75.11,53.07,73.46,70.12
73.95,73.95,51.37,74.12,69.96
73.18,73.18,49.24,72.77,71.16
73.52,73.52,47.63,72.78,69.08
74.14,74.14,47.93,73.93,69.31
72.91,72.91,53.57,72.74,68.65
72.99,72.99,62.16,74.60,68.99
72.66,72.66,71.65,71.60,70.26
72.06,72.06,80.01,66.29,70.42
70.64,70.64,85.60,64.62,70.96
70.91,70.91,82.81,65.97,70.62
71.65,71.65,75.60,63.03,73.12
72.30,72.30,72.90,66.01,73.25
71.50,71.50,64.74,67.32,72.36
73.05,73.05,66.59,68.88,71.52
73.71,73.71,63.36,67.68,71.28
73.19,73.19,63.10,66.87,71.98
73.90,73.90,64.88,65.48,71.43
75.89,75.89,66.99,66.29,70.60
74.93,74.93,68.84,69.25,71.09
73.72,73.72,69.40,67.71,72.06
74.32,74.32,66.38,65.29,70.81
74.08,74.08,63.47,61.21,69.97
73.78,73.78,63.41,70.43,71.43
74.61,74.61,65.72,73.16,73.44
74.16,74.16,61.67,73.00,72.34
75.56,75.56,60.32,74.59,71.44
75.56,75.56,55.42,73.79,71.20
73.84,73.84,56.87,74.51,71.13
75.31,75.31,56.55,74.76,71.38
75.09,75.09,55.57,74.36,72.85
75.22,75.22,55.16,73.26,72.87
74.21,74.21,54.33,74.31,71.81
74.79,74.79,53.43,74.46,73.97
74.48,74.48,53.35,75.53,74.98
73.81,73.81,55.95,74.10,73.12
75.64,75.64,66.95,73.46,71.45
73.96,73.96,78.67,73.24,70.37
74.38,74.38,84.32,69.29,70.76
73.13,73.13,80.19,68.66,71.04
74.06,74.06,75.95,68.34,71.70
73.80,73.80,72.22,72.82,72.69
74.38,74.38,69.61,72.41,71.33
73.10,73.10,72.78,69.56,70.86
74.76,74.76,66.07,71.51,71.56
74.41,74.41,68.18,71.08,71.85
74.63,74.63,63.62,69.54,72.61
76.18,76.18,63.95,71.35,72.02
73.73,73.73,74.65,67.99,72.45
72.66,72.66,74.05,73.79,73.48
74.98,74.98,71.51,69.77,73.72
72.58,72.58,77.85,68.66,71.56
70.33,70.33,77.46,67.82,70.28
70.47,70.47,71.26,68.73,72.66
71.49,71.49,69.18,69.11,71.60
70.84,70.84,66.59,71.13,73.02
72.02,72.02,65.57,73.04,72.93
70.55,70.55,66.72,69.85,72.46
71.27,71.27,66.34,68.62,73.21
69.61,69.61,65.16,70.91,73.02
72.53,72.53,62.98,71.89,73.75
71.56,71.56,62.75,71.75,73.77
72.68,72.68,61.14,70.71,72.07
72.02,72.02,61.89,71.40,71.52
72.89,72.89,63.78,68.64,71.82
73.97,73.97,71.64,60.35,72.88
71.21,71.21,81.33,66.39,72.92
71.67,71.67,84.66,58.86,72.48
69.40,69.40,80.42,58.39,73.92
69.67,69.67,76.30,64.08,74.49
70.59,70.59,69.60,65.59,75.30
71.66,71.66,69.43,64.58,75.17
72.95,72.95,72.60,65.56,75.11
72.30,72.30,64.01,66.63,74.81
71.82,71.82,63.33,66.54,76.48
71.72,71.72,65.18,66.13,74.43
71.80,71.80,69.54,69.53,74.40
70.99,70.99,69.09,65.66,73.65
72.85,72.85,71.10,66.64,73.59
71.23,71.23,78.19,67.05,71.42
71.91,71.91,77.48,68.26,72.12
72.01,72.01,72.82,68.57,74.00
73.14,73.14,69.40,72.11,73.32
73.02,73.02,67.96,70.22,72.67
74.11,74.11,66.61,72.11,71.68
75.12,75.12,66.66,73.44,71.57
74.31,74.31,66.59,71.90,71.67
73.17,73.17,64.85,71.89,73.65
73.19,73.19,64.56,72.60,74.05
72.75,72.75,64.76,73.08,72.15
71.97,71.97,64.63,73.30,72.02
73.77,73.77,64.59,70.92,71.60
74.54,74.54,65.28,71.95,71.85
73.58,73.58,68.24,66.44,72.02
70.68,70.68,79.31,63.59,73.00
68.37,68.37,84.80,62.00,73.92
73.01,73.01,80.06,66.60,73.72
75.66,75.66,76.31,66.34,71.20
73.57,73.57,70.90,64.42,72.38
73.10,73.10,62.87,64.60,73.04
73.25,73.25,64.51,69.50,74.06
73.19,73.19,61.66,67.64,72.63
74.18,74.18,67.29,65.06,72.14
75.19,75.19,68.07,70.60,72.53
75.77,75.77,65.55,73.04,72.31
73.63,73.63,65.54,72.52,71.98
69.92,69.92,67.89,70.98,69.67
71.46,71.46,68.94,65.90,70.69
72.55,72.55,66.64,66.90,72.62
73.70,73.70,64.28,68.81,73.24
74.61,74.61,66.01,67.64,68.95
74.64,74.64,62.51,73.16,68.68
68.76,68.76,61.80,74.40,69.87
70.06,70.06,60.02,71.51,70.29
72.73,72.73,60.63,70.35,70.19
70.58,70.58,60.23,71.53,71.90
65.82,65.82,59.98,71.36,71.82
62.79,62.79,59.76,73.35,72.95
70.18,70.18,60.32,72.88,73.52
72.42,72.42,60.87,73.22,73.39
72.61,72.61,61.24,74.99,71.91
71.17,71.17,65.15,73.08,72.08
70.36,70.36,73.15,67.61,71.42
72.16,72.16,78.32,68.10,71.76
70.61,70.61,84.85,62.04,71.20
72.12,72.12,83.24,68.38,70.68
72.89,72.89,77.04,73.90,70.97
72.27,72.27,72.09,72.90,72.17
73.12,73.12,67.34,74.43,73.10
71.23,71.23,68.36,73.04,72.06
69.48,69.48,63.43,73.71,70.98
67.52,67.52,66.17,73.91,71.68
66.66,66.66,68.58,75.02,72.56
65.62,65.62,63.28,73.58,73.11
66.81,66.81,64.11,73.84,72.20
63.71,63.71,63.89,72.61,71.87
66.57,66.57,64.65,70.24,71.75
69.63,69.63,61.20,71.61,73.25
72.82,72.82,60.39,69.34,72.73
72.39,72.39,64.96,71.53,72.93
73.72,73.72,67.25,76.73,72.28
72.62,72.62,62.68,75.05,72.51
71.60,71.60,59.43,74.63,72.83
69.36,69.36,56.80,76.01,70.53
66.89,66.89,56.38,75.60,72.28
68.21,68.21,56.75,75.33,71.84
68.50,68.50,55.79,76.69,72.75
65.54,65.54,54.60,75.36,72.20
65.60,65.60,54.22,74.91,73.27
69.23,69.23,55.23,76.77,74.00
68.74,68.74,59.13,75.16,72.90
67.43,67.43,65.28,73.26,73.78
67.94,67.94,78.20,73.17,71.27
67.47,67.47,85.50,53.92,72.89
67.80,67.80,82.07,64.65,73.45
66.10,66.10,74.48,71.95,73.80
66.26,66.26,68.79,68.68,74.08
68.33,68.33,63.52,70.02,72.72
69.83,69.83,56.98,67.53,74.06
71.97,71.97,61.11,69.18,73.54
71.07,71.07,65.48,71.39,72.91
68.54,68.54,66.62,72.28,72.55
68.42,68.42,68.52,70.03,72.38
67.71,67.71,67.52,70.79,72.97
68.35,68.35,69.58,70.82,73.19
70.49,70.49,69.92,73.80,74.03
69.36,69.36,64.72,71.84,74.05
71.90,71.90,64.00,69.23,74.47
72.56,72.56,61.16,73.23,74.03
72.29,72.29,61.44,75.11,73.61
71.11,71.11,65.70,76.56,73.74
71.63,71.63,59.71,76.35,74.31
71.77,71.77,53.67,75.48,73.96
73.21,73.21,53.77,76.35,72.81
73.23,73.23,53.99,75.56,74.17
73.94,73.94,53.45,76.44,72.33
74.04,74.04,53.41,74.90,73.39
75.97,75.97,52.06,75.40,73.16
72.99,72.99,54.13,76.44,72.62
74.73,74.73,62.23,78.05,72.59
72.28,72.28,70.64,74.75,71.98
72.24,72.24,79.89,69.07,69.57
66.73,66.73,83.96,66.43,71.19
69.83,69.83,82.61,70.46,71.87
72.22,72.22,74.46,72.95,71.25
76.95,76.95,74.10,73.27,71.96
76.15,76.15,66.95,74.65,71.30
75.45,75.45,62.43,77.05,71.58
76.02,76.02,61.25,77.79,70.66
76.12,76.12,65.50,75.21,71.25
75.84,75.84,68.08,74.79,72.39
76.04,76.04,70.86,73.40,71.97
75.60,75.60,68.49,73.32,72.66
75.25,75.25,65.41,76.75,72.23
76.69,76.69,59.79,75.41,73.74
74.72,74.72,60.71,76.43,71.63
74.89,74.89,64.45,71.38,70.98
71.38,71.38,64.22,75.23,71.67
69.10,69.10,54.53,74.65,72.86
72.25,72.25,53.68,72.69,70.63
72.06,72.06,56.84,73.63,72.05
75.45,75.45,55.74,72.13,71.82
75.26,75.26,54.80,75.41,71.59
74.21,74.21,50.99,72.68,71.74
74.62,74.62,49.76,72.57,73.57
74.59,74.59,50.44,71.46,72.81
74.55,74.55,50.26,75.01,73.61
72.66,72.66,54.18,73.41,72.41
74.76,74.76,62.18,71.38,71.26
73.71,73.71,71.51,69.32,71.47
72.80,72.80,84.95,60.58,71.58
73.77,73.77,82.79,62.20,70.82
75.16,75.16,79.63,60.86,73.33
75.05,75.05,68.26,64.58,71.91
75.27,75.27,66.49,63.85,72.98
74.36,74.36,53.76,66.35,71.44
75.50,75.50,53.12,67.69,72.12
75.86,75.86,63.45,72.17,70.11
71.88,71.88,64.26,70.15,68.67
69.29,69.29,70.06,70.63,70.17
70.65,70.65,73.00,69.86,69.59
72.52,72.52,68.31,66.93,71.81
72.00,72.00,65.15,69.71,72.32
72.62,72.62,62.58,71.67,71.66
71.42,71.42,66.68,69.24,72.40
71.48,71.48,66.31,74.86,71.71
71.90,71.90,60.47,74.25,70.96
73.69,73.69,53.92,75.03,71.56
73.48,73.48,58.84,74.32,70.76
74.02,74.02,59.33,74.18,72.42
73.07,73.07,53.89,75.57,71.11
74.01,74.01,47.29,74.70,72.38
74.42,74.42,46.25,75.06,72.01
73.48,73.48,45.92,74.70,72.66
74.43,74.43,47.28,76.50,72.50
73.27,73.27,50.81,73.90,70.72
69.79,69.79,56.19,73.68,72.89
69.41,69.41,68.83,67.39,69.26
71.61,71.61,75.61,69.95,72.29
69.08,69.08,81.12,66.82,69.52
71.59,71.59,82.07,68.94,69.34
75.45,75.45,78.23,66.07,70.95
74.95,74.95,74.19,66.16,70.71
73.86,73.86,62.52,68.15,72.09
74.63,74.63,64.90,69.51,71.90
74.64,74.64,65.74,68.15,72.81
73.83,73.83,65.75,71.55,71.13
74.30,74.30,65.47,73.17,70.36
73.54,73.54,63.86,70.70,70.84
74.47,74.47,68.62,67.01,71.39
74.01,74.01,62.41,67.90,70.81
72.96,72.96,60.67,66.89,70.65
73.35,73.35,59.98,63.84,73.03
74.03,74.03,61.02,67.92,70.87
72.54,72.54,65.52,68.37,73.33
72.88,72.88,61.49,66.91,71.96
73.57,73.57,58.84,70.24,70.71
70.95,70.95,53.75,71.18,72.78
74.46,74.46,51.40,69.15,72.40
73.17,73.17,51.85,71.07,70.97
72.21,72.21,51.31,72.04,70.34
76.85,76.85,48.83,71.49,70.84
78.24,78.24,48.65,70.56,71.99
77.52,77.52,46.89,72.90,69.72
77.54,77.54,50.49,71.34,71.91
76.03,76.03,56.20,67.54,72.03
73.64,73.64,68.15,68.01,70.82
75.06,75.06,76.24,70.72,70.38
72.82,72.82,85.00,66.85,71.26
74.03,74.03,79.94,65.87,71.58
74.60,74.60,79.35,67.78,70.67
75.29,75.29,73.45,67.47,71.60
75.34,75.34,66.47,67.19,71.81
74.98,74.98,65.84,67.05,71.98
74.74,74.74,69.66,71.28,70.74
75.21,75.21,66.82,72.98,71.97
75.60,75.60,67.60,75.33,70.75
76.62,76.62,66.17,73.91,70.98
75.06,75.06,72.47,70.06,71.55
72.59,72.59,69.32,67.19,71.96
69.82,69.82,71.13,70.97,72.78
72.89,72.89,66.33,72.58,72.08
76.10,76.10,64.51,72.47,72.29
77.21,77.21,66.13,70.57,71.56
77.32,77.32,63.38,70.43,72.55
76.52,76.52,60.27,73.79,70.99
74.03,74.03,52.27,71.66,70.24
71.27,71.27,50.56,71.77,71.34
76.11,76.11,50.66,71.52,72.54
76.40,76.40,50.55,73.76,73.81
76.63,76.63,50.46,72.74,72.57
76.74,76.74,48.30,74.16,71.91
77.68,77.68,48.81,73.35,70.29
76.63,76.63,53.21,72.33,70.73
74.92,74.92,62.72,68.19,70.58
69.96,69.96,75.21,70.10,72.27
67.01,67.01,81.61,68.35,68.28
69.82,69.82,85.29,61.12,68.22
70.34,70.34,80.78,63.55,68.76
72.02,72.02,75.56,61.11,68.34
73.12,73.12,71.19,67.96,69.70
76.36,76.36,65.13,70.20,69.30
76.97,76.97,64.00,70.29,69.99
78.70,78.70,64.25,71.69,70.34
76.15,76.15,63.61,71.05,69.90
75.30,75.30,65.65,72.25,69.79
74.92,74.92,64.66,72.49,70.24
75.96,75.96,64.97,71.34,70.72
75.58,75.58,65.94,70.83,70.27
74.22,74.22,68.92,75.60,70.76
75.48,75.48,66.98,72.76,71.58
75.73,75.73,65.03,73.09,72.51
73.36,73.36,62.25,67.97,71.10
72.31,72.31,61.53,73.72,70.70
73.91,73.91,62.18,73.52,71.13
70.45,70.45,58.18,70.78,71.01
69.18,69.18,57.19,74.17,72.70
71.47,71.47,57.54,73.61,73.45
71.56,71.56,56.94,74.41,71.79
71.62,71.62,58.19,72.30,73.96
69.93,69.93,57.04,69.93,72.16
70.02,70.02,56.96,72.57,73.28
68.84,68.84,59.20,70.75,72.61
71.89,71.89,63.81,66.86,72.86
68.41,68.41,68.78,63.27,73.45
65.02,65.02,83.08,67.33,72.14
62.78,62.78,84.11,72.58,72.52
62.73,62.73,80.83,70.36,72.46
62.88,62.88,75.11,73.24,72.66
62.45,62.45,68.01,74.72,72.92
65.58,65.58,69.79,75.43,73.37
65.85,65.85,67.34,75.53,72.56
64.01,64.01,66.61,75.60,73.39
62.26,62.26,67.36,75.38,72.65
64.30,64.30,68.71,74.11,73.42
62.99,62.99,67.42,74.50,73.54
66.09,66.09,66.55,76.28,73.94
67.15,67.15,66.24,76.74,73.62
65.40,65.40,68.62,76.04,75.09
65.47,65.47,67.85,74.52,74.16
64.59,64.59,67.22,69.75,73.23
59.97,59.97,67.68,74.00,72.21
65.12,65.12,68.30,73.23,72.87
63.96,63.96,67.10,71.54,72.06
64.40,64.40,66.18,70.41,72.30
68.51,68.51,66.83,70.76,72.08
64.31,64.31,64.83,69.06,72.92
65.69,65.69,63.67,69.20,73.16
64.16,64.16,62.03,68.91,73.82
64.54,64.54,63.21,68.62,73.81
65.19,65.19,62.96,72.46,74.08
63.18,63.18,63.36,71.03,73.93
60.21,60.21,68.38,68.33,74.09
64.60,64.60,76.44,69.30,72.84
65.37,65.37,84.80,68.88,71.97
67.52,67.52,84.16,60.36,73.51
66.43,66.43,79.02,63.72,72.06
65.13,65.13,74.20,63.61,71.84
63.22,63.22,71.73,66.75,71.74
61.80,61.80,71.97,68.67,70.27
60.29,60.29,69.12,68.80,73.03
66.00,66.00,63.37,67.59,74.00
64.82,64.82,62.62,68.43,72.01
63.49,63.49,63.34,69.90,74.36
64.52,64.52,63.10,70.38,72.77
63.81,63.81,63.08,70.65,73.86
63.15,63.15,63.45,71.71,73.50
65.91,65.91,64.13,70.65,72.42
70.59,70.59,63.88,66.90,71.66
70.58,70.58,64.33,68.87,72.83
68.01,68.01,59.77,76.90,71.29
66.52,66.52,61.50,75.67,69.46
67.66,67.66,61.40,76.83,70.34
69.15,69.15,58.17,75.36,72.32
68.91,68.91,58.94,73.78,70.79
66.39,66.39,58.20,74.47,71.62
64.51,64.51,57.10,74.29,71.04
62.54,62.54,56.85,74.07,71.60
61.98,61.98,56.97,73.94,72.28
65.00,65.00,55.34,74.81,73.44
66.18,66.18,58.87,74.08,71.54
66.58,66.58,66.05,73.49,73.12
70.43,70.43,75.80,75.49,71.63
71.47,71.47,85.27,69.72,71.89
72.81,72.81,81.70,70.45,70.45
73.22,73.22,80.31,70.84,70.74
74.06,74.06,74.55,68.97,70.16
71.41,71.41,72.48,68.25,70.32
72.22,72.22,71.51,69.39,71.18
71.18,71.18,68.09,69.92,70.20
72.20,72.20,65.55,70.12,71.02
71.09,71.09,64.34,69.14,71.27
72.32,72.32,65.51,71.00,71.90
72.30,72.30,67.33,71.25,72.72
70.56,70.56,62.22,71.15,72.46
70.74,70.74,55.71,72.74,71.00
68.82,68.82,64.43,74.52,73.31
69.47,69.47,65.30,71.23,73.75
68.99,68.99,55.09,72.69,72.64
70.23,70.23,58.81,70.45,70.63
70.25,70.25,65.16,72.31,71.13
70.19,70.19,61.88,71.71,72.60
70.88,70.88,56.84,70.56,72.28
72.84,72.84,55.85,68.69,71.44
72.79,72.79,55.93,69.43,72.26
71.06,71.06,55.44,70.16,71.71
71.63,71.63,53.10,69.05,71.57
73.14,73.14,52.20,67.47,71.36
73.27,73.27,53.73,69.22,71.58
74.63,74.63,59.32,70.11,70.56
73.13,73.13,65.48,62.74,69.28
65.78,65.78,81.26,62.24,70.53
60.07,60.07,86.20,69.31,69.45
59.91,59.91,81.41,69.39,70.37
61.69,61.69,78.03,70.94,70.12
64.31,64.31,69.44,70.65,69.91
67.02,67.02,65.98,70.70,69.87
71.68,71.68,64.27,70.12,69.59
71.36,71.36,66.38,71.19,71.14
70.17,70.17,62.51,71.54,71.79
70.34,70.34,65.20,71.26,71.33
69.52,69.52,65.33,70.04,71.48
67.78,67.78,63.16,68.12,71.60
62.61,62.61,62.41,67.61,71.47
68.10,68.10,65.19,70.63,71.75
70.77,70.77,61.78,70.79,73.24
71.16,71.16,65.34,78.79,70.59
74.07,74.07,66.53,75.44,70.76
74.14,74.14,60.89,74.25,69.01
74.50,74.50,59.76,71.79,69.56
74.96,74.96,55.26,73.84,70.09
72.68,72.68,51.95,75.09,70.30
67.96,67.96,52.32,75.91,70.20
62.81,62.81,51.13,75.62,70.16
65.44,65.44,51.75,75.15,69.68
68.65,68.65,49.09,74.99,70.24
63.52,63.52,47.59,74.91,70.81
63.77,63.77,51.64,74.96,69.96
63.21,63.21,61.30,73.62,69.71
65.80,65.80,67.58,63.90,73.19
69.81,69.81,76.87,64.98,71.19
67.96,67.96,84.87,66.40,69.71
69.74,69.74,80.05,65.42,69.31
71.06,71.06,75.26,67.53,69.60
72.37,72.37,71.04,70.95,69.53
73.00,73.00,64.10,70.02,68.28
72.32,72.32,70.03,69.08,67.87
68.15,68.15,66.44,68.86,67.76
66.52,66.52,65.81,70.70,67.20
68.35,68.35,66.91,70.82,68.43
70.81,70.81,72.49,70.21,70.70
66.52,66.52,71.66,69.51,70.76
60.69,60.69,72.43,69.43,71.10
62.15,62.15,65.69,72.32,72.81
69.91,69.91,65.38,66.97,72.07
69.30,69.30,64.13,76.45,71.46
68.44,68.44,58.55,76.89,70.99
63.95,63.95,62.46,77.17,69.51
67.92,67.92,59.85,77.21,71.02
70.16,70.16,60.36,76.42,70.89
68.87,68.87,56.39,78.79,69.41
63.55,63.55,54.34,76.89,70.32
61.77,61.77,56.03,78.05,70.70
60.62,60.62,56.97,79.46,71.48
62.39,62.39,49.97,78.02,72.05
60.46,60.46,47.45,76.77,71.26
61.03,61.03,55.67,78.92,71.88
61.20,61.20,65.12,77.31,70.18
62.71,62.71,74.28,74.25,70.90
67.68,67.68,84.21,74.19,67.57
67.46,67.46,84.45,69.50,70.89
66.77,66.77,78.60,71.75,70.63
68.35,68.35,74.91,74.41,71.59
66.37,66.37,67.09,71.75,71.82
67.19,67.19,66.10,73.60,71.18
67.42,67.42,63.50,74.61,72.12
71.86,71.86,63.71,74.72,72.06
72.20,72.20,63.67,73.61,70.50
70.12,70.12,61.23,75.55,71.62
65.81,65.81,60.72,76.55,70.27
67.03,67.03,60.37,73.25,71.54
71.27,71.27,59.12,76.83,72.32
70.93,70.93,64.12,77.70,70.61
70.87,70.87,64.71,64.89,70.97
72.26,72.26,79.27,71.71,68.74
72.51,72.51,84.91,61.92,69.81
73.40,73.40,82.69,69.73,68.78
72.63,72.63,77.68,71.53,67.66
71.30,71.30,71.10,73.61,67.88
71.77,71.77,66.99,73.29,67.56
72.00,72.00,65.65,76.24,67.36
71.28,71.28,62.99,76.55,67.63
70.37,70.37,62.17,75.98,65.95
69.28,69.28,68.69,74.87,68.10
70.94,70.94,63.84,76.78,66.28
71.54,71.54,65.30,75.56,65.95
72.25,72.25,69.36,76.87,66.52
72.92,72.92,74.94,74.33,67.41
69.04,69.04,78.08,74.28,65.04
72.26,72.26,76.05,75.17,66.80
71.73,71.73,73.30,75.96,65.52
72.72,72.72,68.73,76.03,66.32
74.79,74.79,66.40,76.20,66.47
75.93,75.93,66.38,75.69,65.95
74.30,74.30,64.17,76.35,67.24
72.71,72.71,63.40,76.06,68.11
72.54,72.54,60.25,78.39,69.03
73.37,73.37,61.09,76.44,67.90
74.29,74.29,58.22,77.25,67.95
72.09,72.09,57.77,76.94,70.71
70.45,70.45,54.90,77.38,71.81
71.27,71.27,55.49,76.02,68.15
69.93,69.93,56.06,77.12,71.12
71.72,71.72,55.23,69.47,70.69
72.66,72.66,52.94,78.47,70.30
71.59,71.59,51.90,77.82,69.42
73.03,73.03,49.78,75.56,68.59
72.33,72.33,51.07,76.78,69.04
72.40,72.40,59.32,75.11,68.70
74.05,74.05,61.01,76.19,69.83
72.76,72.76,78.02,73.81,69.15
71.01,71.01,79.76,71.53,69.75
68.67,68.67,76.96,69.63,70.52
66.74,66.74,74.74,67.82,70.16
69.99,69.99,76.55,67.80,71.33
72.11,72.11,78.88,66.25,71.44
71.58,71.58,75.77,68.13,70.99
68.15,68.15,77.27,71.13,70.75
72.96,72.96,78.02,63.83,69.56
74.06,74.06,81.77,71.57,68.00
73.43,73.43,77.56,72.47,69.80
73.78,73.78,72.30,71.69,69.93
75.05,75.05,78.02,71.02,68.89
76.20,76.20,76.58,70.33,69.70
75.56,75.56,73.13,73.51,71.41
75.18,75.18,78.41,73.56,70.13
74.72,74.72,71.30,71.27,69.59
75.48,75.48,69.23,69.09,69.60
74.78,74.78,78.89,72.29,69.01
75.16,75.16,70.24,72.69,67.56
74.52,74.52,78.07,71.67,68.10
74.26,74.26,84.68,68.26,66.98
73.45,73.45,81.45,68.92,69.63
71.54,71.54,77.14,70.69,69.16
71.47,71.47,73.03,68.86,68.62
65.74,65.74,68.64,72.44,68.30
66.06,66.06,76.75,72.21,69.19
61.52,61.52,68.46,71.42,70.01
59.72,59.72,66.47,71.45,70.47
58.63,58.63,73.82,75.13,71.10
57.77,57.77,67.56,73.39,71.56
59.16,59.16,73.04,73.63,71.83
59.69,59.69,68.44,74.58,71.47
61.87,61.87,67.15,73.73,71.31
63.86,63.86,75.52,67.75,72.05
64.44,64.44,81.42,62.21,73.04
64.96,64.96,83.88,70.46,70.89
74.31,74.31,80.99,74.16,68.92
76.06,76.06,78.24,71.60,69.06
75.87,75.87,76.65,72.04,67.59
74.65,74.65,75.73,72.89,64.98
74.18,74.18,69.22,71.22,66.34
73.57,73.57,69.65,71.33,66.37
72.79,72.79,72.54,71.69,66.87
72.11,72.11,72.23,73.36,66.57
73.73,73.73,72.12,72.35,62.65
74.07,74.07,70.50,73.12,64.85
74.08,74.08,70.06,74.32,65.87
75.13,75.13,70.56,73.07,64.81
73.35,73.35,70.67,73.53,67.40
72.48,72.48,70.00,74.69,67.19
72.21,72.21,68.61,73.14,66.58
65.49,65.49,69.29,74.08,67.16
63.08,63.08,69.22,74.12,67.34
65.83,65.83,70.50,74.39,66.86
72.39,72.39,69.98,74.04,67.01
75.75,75.75,69.26,73.80,67.67
76.41,76.41,68.79,72.51,66.76
77.90,77.90,68.73,72.15,66.56
76.77,76.77,69.85,72.65,65.55
76.27,76.27,70.09,73.97,64.79
73.94,73.94,69.49,73.59,65.26
73.55,73.55,68.28,74.24,63.76
71.66,71.66,67.82,72.54,64.15
71.48,71.48,67.82,73.33,65.06
70.91,70.91,67.53,73.59,64.56
70.50,70.50,69.26,72.93,63.26
71.19,71.19,67.40,72.76,64.70
71.70,71.70,69.88,73.34,62.71
73.88,73.88,68.59,73.21,62.78
71.93,71.93,68.91,72.85,63.39
69.21,69.21,68.29,73.97,62.14
69.21,69.21,68.95,75.13,62.00
67.00,67.00,67.75,72.94,63.00
68.16,68.16,66.37,74.08,63.72
70.50,70.50,68.34,74.18,63.47
69.39,69.39,68.35,74.05,64.50
70.55,70.55,67.38,74.29,64.57
72.95,72.95,67.94,72.33,67.14
72.08,72.08,67.33,71.63,66.30
71.92,71.92,67.48,71.50,66.18
71.81,71.81,66.97,71.91,66.55
72.36,72.36,67.41,71.90,66.62
71.94,71.94,67.00,72.49,66.83
72.90,72.90,65.64,73.29,66.97
74.03,74.03,66.97,72.25,64.55
75.32,75.32,64.60,72.68,64.59
75.44,75.44,64.44,72.05,65.84
75.44,75.44,64.40,71.98,65.25
75.42,75.42,63.72,72.15,65.50
76.20,76.20,65.16,70.44,64.61
77.03,77.03,63.90,70.01,62.82
76.00,76.00,64.56,70.36,64.15
74.55,74.55,63.15,71.69,64.54
72.15,72.15,61.43,70.11,64.83
69.60,69.60,62.33,70.02,66.05
71.54,71.54,60.37,70.27,64.63
72.38,72.38,60.77,70.57,65.61
73.14,73.14,61.62,69.86,64.47
72.62,72.62,61.44,69.83,65.36
72.12,72.12,62.04,68.92,65.98
71.46,71.46,60.26,69.10,65.36
69.47,69.47,60.43,67.93,66.02
72.88,72.88,61.12,67.00,67.54
70.97,70.97,59.94,66.06,66.04
71.26,71.26,58.46,66.65,66.14
70.84,70.84,60.93,64.81,66.41
70.60,70.60,58.45,64.92,66.98
69.75,69.75,56.92,64.97,66.08
71.60,71.60,58.05,65.62,65.93
72.96,72.96,57.84,64.67,65.57
75.16,75.16,57.63,65.64,66.15
72.88,72.88,56.60,63.87,65.90
71.61,71.61,56.79,63.78,64.86
72.25,72.25,56.08,61.00,66.71
73.80,73.80,55.81,59.57,66.29
73.50,73.50,55.06,60.33,65.13
73.11,73.11,54.51,58.73,66.14
74.27,74.27,54.21,59.80,64.31
75.25,75.25,53.14,55.51,65.00
75.39,75.39,51.51,60.11,65.74
74.11,74.11,52.40,60.02,66.40
69.61,69.61,50.67,59.18,67.82
70.73,70.73,49.99,60.70,68.42
72.43,72.43,48.44,59.18,68.75
69.56,69.56,48.01,59.19,68.33
69.06,69.06,47.99,58.46,67.08
70.45,70.45,48.26,55.87,68.02
71.60,71.60,47.59,58.35,67.02
72.34,72.34,50.89,59.03,66.95
73.41,73.41,50.29,57.39,67.54
73.44,73.44,48.37,56.17,65.72
72.30,72.30,47.23,57.97,66.57
73.55,73.55,46.30,59.65,66.18
72.30,72.30,47.50,59.49,65.84
72.04,72.04,47.14,59.56,65.72
69.56,69.56,46.80,58.65,65.01
69.85,69.85,47.29,58.66,66.64
70.09,70.09,46.59,57.81,65.24
71.71,71.71,47.26,55.26,63.46
73.48,73.48,45.50,58.17,63.53
76.91,76.91,46.51,55.36,62.14
77.90,77.90,44.22,55.70,63.32
76.82,76.82,44.12,52.18,62.54
78.07,78.07,44.68,54.15,62.07
77.43,77.43,45.39,54.64,61.60
78.56,78.56,43.32,53.84,63.61
78.88,78.88,44.98,53.19,64.26
79.46,79.46,44.86,50.17,64.22
79.73,79.73,46.79,48.90,65.61
78.45,78.45,44.51,36.24,65.06
77.50,77.50,43.61,41.01,66.11
77.43,77.43,41.97,41.06,67.34
76.87,76.87,40.98,42.37,66.13
75.89,75.89,41.71,40.47,70.06
74.54,74.54,39.06,35.01,69.75
67.69,67.69,35.37,31.19,68.24
72.57,72.57,35.37,32.03,68.50
75.32,75.32,34.31,34.06,67.81
77.58,77.58,34.98,32.51,65.72
77.54,77.54,35.73,34.45,65.12
77.75,77.75,34.94,32.28,64.56
75.02,75.02,36.37,32.48,63.96
61.97,61.97,36.25,35.20,64.03
59.17,59.17,35.90,33.06,65.13
61.51,61.51,36.25,31.46,65.30
62.24,62.24,33.85,31.60,65.42
64.79,64.79,33.11,27.63,67.60
66.11,66.11,38.96,27.97,68.50
63.83,63.83,38.34,23.49,66.35
72.99,72.99,30.50,35.20,66.84
73.15,73.15,40.10,31.88,63.87
76.96,76.96,40.45,24.31,63.52
77.16,77.16,38.55,25.11,63.33
75.54,75.54,36.12,28.81,63.53
76.78,76.78,33.36,23.11,64.72
76.49,76.49,32.13,22.70,65.19
74.15,74.15,32.41,27.34,64.60
73.10,73.10,32.80,29.77,64.80
71.85,71.85,32.66,30.15,65.15
72.25,72.25,31.73,24.55,63.20
70.93,70.93,33.77,23.11,66.68
71.64,71.64,34.89,28.97,64.83
72.80,72.80,33.37,26.72,66.02
72.60,72.60,32.15,22.48,66.90
73.98,73.98,31.42,31.48,66.91
75.12,75.12,34.29,21.97,66.10
75.06,75.06,34.93,30.28,65.28
70.88,70.88,33.64,18.99,66.91
75.34,75.34,30.37,25.54,65.79
69.05,69.05,28.76,21.74,67.47
64.09,64.09,30.34,20.27,67.69
59.29,59.29,32.98,22.98,68.50
58.02,58.02,33.87,24.99,67.56
61.45,61.45,31.29,16.39,69.45
60.41,60.41,30.13,16.36,68.61
64.25,64.25,33.82,18.25,67.08
65.32,65.32,32.20,15.41,67.93
65.75,65.75,34.75,17.78,66.03
73.59,73.59,34.87,25.44,67.30
76.50,76.50,42.16,27.74,64.72
76.48,76.48,44.39,24.04,63.16
77.19,77.19,41.56,22.18,63.23
74.37,74.37,37.15,19.61,62.12
75.01,75.01,35.98,19.02,66.04
76.07,76.07,36.71,25.49,66.70
75.94,75.94,33.64,25.21,65.54
76.59,76.59,32.76,21.16,67.06
77.04,77.04,32.44,21.19,67.12
77.61,77.61,33.80,20.03,66.58
77.20,77.20,35.71,26.79,66.51
78.34,78.34,35.16,22.93,67.42
78.05,78.05,35.46,21.65,65.50
77.45,77.45,33.45,20.35,64.31
76.00,76.00,31.19,24.10,65.46
76.25,76.25,32.02,24.86,65.05
77.33,77.33,34.34,24.45,65.06
77.53,77.53,34.57,21.64,65.74
76.93,76.93,35.47,18.06,63.56
77.49,77.49,34.85,24.85,63.33
78.15,78.15,34.95,27.53,64.62
77.39,77.39,34.23,20.64,61.84
77.47,77.47,33.44,20.08,63.00
77.65,77.65,35.18,24.24,63.05
77.52,77.52,34.56,25.13,60.16
76.72,76.72,33.32,22.40,61.84
76.50,76.50,34.89,23.04,60.83
75.57,75.57,35.09,25.70,58.40
75.41,75.41,34.53,27.63,61.91
75.38,75.38,32.84,22.41,61.04
74.17,74.17,32.19,26.11,60.70
77.50,77.50,34.14,25.26,61.20
77.19,77.19,38.47,31.72,60.27
76.48,76.48,38.58,28.62,62.41
76.77,76.77,40.79,34.24,63.54
77.47,77.47,39.29,32.20,64.17
76.06,76.06,40.41,35.34,64.63
75.78,75.78,39.34,35.78,65.81
75.03,75.03,36.70,33.04,63.57
74.47,74.47,37.44,37.00,62.71
74.65,74.65,38.12,35.20,64.63
75.29,75.29,38.56,39.20,63.28
74.39,74.39,36.93,37.99,63.98
74.72,74.72,38.70,39.59,65.85
74.77,74.77,39.33,41.04,63.65
75.52,75.52,38.10,38.44,64.81
76.23,76.23,40.00,38.42,64.36
75.80,75.80,39.92,38.81,62.79
73.61,73.61,39.70,40.65,64.23
71.65,71.65,40.86,41.47,65.50
69.70,69.70,39.62,39.48,62.25
67.85,67.85,38.31,37.94,62.86
60.51,60.51,39.04,37.30,63.28
59.54,59.54,37.74,37.48,61.05
58.94,58.94,37.87,40.32,63.61
59.82,59.82,38.81,41.83,62.15
58.92,58.92,37.75,39.97,63.02
57.83,57.83,38.29,37.08,64.00
60.36,60.36,35.84,36.94,63.17
60.81,60.81,36.30,37.46,65.06
61.69,61.69,36.69,37.02,66.34
58.97,58.97,36.13,38.45,66.77
54.96,54.96,36.41,36.80,66.44
54.55,54.55,37.54,36.11,67.61
53.80,53.80,36.43,33.00,67.62
52.97,52.97,36.59,35.98,65.76
53.48,53.48,37.86,37.40,67.15
52.58,52.58,37.24,35.82,67.05
50.33,50.33,38.29,37.06,65.23
49.10,49.10,37.07,38.97,66.32
51.72,51.72,36.15,40.64,66.20
51.11,51.11,36.50,40.21,65.02
46.24,46.24,39.65,40.14,65.61
43.18,43.18,38.91,40.86,63.42
46.94,46.94,39.78,43.62,62.81
50.78,50.78,39.30,43.04,63.98
49.60,49.60,39.43,44.14,61.70
43.64,43.64,38.14,45.89,62.39
44.53,44.53,37.68,43.82,61.87
48.51,48.51,36.72,46.12,59.79
45.00,45.00,30.86,44.48,59.82
41.81,41.81,34.07,46.81,68.34
35.46,35.46,33.72,47.02,67.66
42.09,42.09,31.73,47.11,66.59
47.45,47.45,31.70,44.29,66.59
46.28,46.28,30.29,47.06,64.62
44.93,44.93,31.58,46.67,63.90
47.51,47.51,30.91,47.23,65.51
46.32,46.32,30.93,47.32,63.90
49.53,49.53,32.27,46.22,66.59
47.69,47.69,32.08,46.83,67.65
42.53,42.53,34.16,45.62,65.56
40.23,40.23,32.60,44.27,65.90
40.38,40.38,34.27,44.73,65.18
43.00,43.00,34.69,42.38,66.54
45.32,45.32,38.39,41.68,63.67
43.39,43.39,35.89,41.86,65.64
43.99,43.99,34.95,40.90,58.70
43.57,43.57,37.79,40.32,62.65
37.16,37.16,33.68,39.28,59.87
27.49,27.49,35.24,41.62,69.99
29.65,29.65,35.50,38.88,68.23
35.02,35.02,37.15,36.40,65.16
37.28,37.28,38.12,35.40,67.53
37.96,37.96,39.04,37.13,63.91
37.34,37.34,39.97,39.68,64.36
34.98,34.98,39.81,38.01,67.00
34.48,34.48,39.17,37.46,61.53
34.94,34.94,38.68,37.51,63.80
33.74,33.74,39.18,37.03,65.99
33.32,33.32,41.77,36.72,63.93
33.86,33.86,37.83,37.51,61.99
34.46,34.46,41.11,38.04,62.94
33.08,33.08,40.22,36.51,62.84
34.14,34.14,39.87,35.63,63.92
31.77,31.77,39.07,36.62,62.74
31.48,31.48,40.32,36.06,58.61
31.02,31.02,40.04,34.49,55.92
31.27,31.27,32.44,30.49,58.74
34.93,34.93,38.59,37.30,61.08
33.76,33.76,37.81,33.04,61.39
33.12,33.12,36.53,34.31,60.74
33.45,33.45,34.73,35.68,62.06
32.40,32.40,33.97,32.15,62.36
31.14,31.14,37.41,33.99,63.18
31.27,31.27,39.42,37.48,63.13
30.68,30.68,40.83,41.52,61.67
30.85,30.85,39.18,40.34,61.92
33.07,33.07,36.09,39.28,61.06
34.24,34.24,39.82,44.33,62.59
41.15,41.15,41.05,43.33,61.95
57.07,57.07,36.62,42.53,59.27
61.98,61.98,39.19,43.01,58.53
63.82,63.82,38.62,41.84,60.84
65.26,65.26,38.98,42.98,60.04
63.38,63.38,38.67,41.46,55.34
64.76,64.76,41.20,43.29,56.69
64.45,64.45,40.54,43.95,55.00
62.45,62.45,40.58,41.42,55.26
62.89,62.89,39.97,43.42,56.60
63.66,63.66,41.51,45.65,59.28
63.95,63.95,39.96,46.17,56.73
61.55,61.55,38.39,44.85,58.91
60.86,60.86,38.55,45.46,57.34
49.16,49.16,39.40,43.46,57.81
44.83,44.83,39.78,45.68,57.55
48.12,48.12,37.32,41.75,54.54
59.83,59.83,33.25,44.81,52.04
64.15,64.15,34.36,48.16,52.07
60.07,60.07,30.51,46.42,49.38
70.64,70.64,28.88,46.24,47.54
75.09,75.09,33.24,42.46,44.96
76.52,76.52,36.48,43.71,44.80
76.02,76.02,37.97,41.36,45.75
75.57,75.57,37.73,43.15,45.99
74.45,74.45,36.53,40.78,45.67
75.60,75.60,37.99,40.34,47.29
75.26,75.26,37.10,43.96,51.11
75.79,75.79,35.52,43.35,50.96
76.60,76.60,37.66,44.93,50.16
76.51,76.51,38.62,44.25,50.83
76.87,76.87,36.16,40.40,49.03
75.99,75.99,36.54,39.22,47.60
75.87,75.87,37.28,41.98,48.18
76.57,76.57,37.37,42.37,47.91
77.04,77.04,38.63,41.46,48.59
76.12,76.12,38.64,40.10,46.84
75.88,75.88,39.82,40.51,48.04
74.84,74.84,41.10,42.36,47.30
74.48,74.48,40.36,42.96,47.69
74.22,74.22,39.44,41.87,47.09
74.10,74.10,41.08,40.34,46.73
73.56,73.56,39.23,38.83,46.76
73.41,73.41,39.73,41.95,47.02
73.84,73.84,39.82,42.33,46.78
74.29,74.29,39.89,38.70,47.29
74.31,74.31,40.52,38.40,47.44
74.48,74.48,39.40,39.26,46.82
75.13,75.13,40.26,37.10,48.37
74.14,74.14,38.96,35.65,47.39
73.75,73.75,39.19,37.38,47.70
73.66,73.66,39.50,31.69,47.54
73.34,73.34,40.39,37.22,48.44
73.65,73.65,39.75,35.26,49.00
73.54,73.54,37.83,35.14,47.84
73.27,73.27,40.47,35.78,47.86
73.05,73.05,40.90,34.99,50.98
71.48,71.48,40.98,37.07,49.40
70.17,70.17,39.56,31.90,49.07
68.63,68.63,39.48,36.91,48.31
69.58,69.58,40.31,34.38,47.11
69.31,69.31,39.68,36.38,47.98
69.33,69.33,39.34,33.26,47.71
68.55,68.55,39.02,32.53,47.29
64.82,64.82,39.77,29.00,48.09
63.28,63.28,39.37,33.69,47.69
62.55,62.55,39.58,34.65,48.57
62.09,62.09,38.33,32.38,50.05
56.57,56.57,38.00,32.00,50.80
50.61,50.61,41.58,36.97,52.47
54.36,54.36,39.71,34.63,50.76
52.87,52.87,40.37,36.31,48.70
52.61,52.61,38.87,34.38,50.11
49.58,49.58,39.88,34.77,50.96
49.01,49.01,38.29,34.86,51.33
50.88,50.88,40.38,34.19,51.22
50.28,50.28,38.19,33.47,50.69
46.37,46.37,38.46,35.55,51.16
44.16,44.16,37.59,35.34,52.03
43.48,43.48,38.52,33.12,52.16
46.41,46.41,37.18,33.62,52.55
43.60,43.60,38.76,35.83,51.97
48.44,48.44,38.65,34.22,53.51
51.95,51.95,39.97,35.79,53.52
52.56,52.56,41.14,36.01,53.01
51.63,51.63,39.13,35.50,55.07
51.25,51.25,39.23,36.30,54.97
48.34,48.34,39.92,36.44,53.14
44.76,44.76,44.84,36.44,51.24
46.06,46.06,43.15,38.04,51.10
49.13,49.13,43.77,38.84,51.22
50.40,50.40,42.12,38.93,50.83
49.36,49.36,43.77,39.25,50.34
46.59,46.59,44.25,39.35,47.89
42.98,42.98,44.76,40.45,47.81
42.21,42.21,44.05,39.96,48.83
39.60,39.60,42.90,39.16,49.21
37.73,37.73,42.65,39.75,49.77
38.30,38.30,41.32,39.62,49.92
37.72,37.72,42.03,38.66,50.60
37.00,37.00,41.83,37.83,50.98
37.28,37.28,41.22,36.45,51.81
38.90,38.90,41.07,35.89,51.40
40.11,40.11,41.08,36.26,52.57
40.33,40.33,41.12,35.95,52.95
39.98,39.98,39.52,35.06,52.70
38.05,38.05,40.08,34.20,52.48
36.72,36.72,40.53,33.50,53.67
36.82,36.82,41.00,33.09,53.61
35.53,35.53,40.65,32.40,52.85
35.60,35.60,39.43,28.46,53.46
35.54,35.54,39.91,30.52,53.84
34.49,34.49,40.31,29.80,54.52
34.40,34.40,39.93,31.15,54.65
33.78,33.78,40.23,32.28,54.84
31.89,31.89,40.64,35.65,54.10
31.01,31.01,40.83,34.78,53.55
30.75,30.75,39.74,35.47,54.35
30.77,30.77,39.75,37.12,55.58
32.28,32.28,40.28,36.39,55.94
32.34,32.34,39.40,37.14,56.26
30.30,30.30,39.99,38.03,55.86
28.62,28.62,39.15,37.34,55.49
28.49,28.49,40.03,38.36,56.06
27.31,27.31,39.01,38.33,55.04
26.04,26.04,39.09,38.81,55.28
25.69,25.69,39.10,39.11,56.48
25.18,25.18,38.63,38.59,57.62
23.09,23.09,38.81,39.04,57.10
21.79,21.79,39.33,40.46,57.61
21.91,21.91,39.66,40.32,58.58
18.86,18.86,38.97,40.75,58.96
16.99,16.99,38.30,40.23,59.78
18.32,18.32,38.96,38.74,59.27
16.56,16.56,40.15,39.62,58.97
13.09,13.09,40.05,38.82,58.89
14.65,14.65,40.46,39.26,59.88
13.34,13.34,40.70,39.81,59.28
12.41,12.41,40.39,39.41,57.81
11.88,11.88,40.94,39.23,56.98
12.21,12.21,38.75,37.46,57.88
10.97,10.97,39.18,38.27,56.86
10.67,10.67,41.20,40.19,57.18
9.56,9.56,40.07,37.90,56.32
8.05,8.05,40.82,38.69,56.05
7.63,7.63,40.40,37.41,55.65
5.09,5.09,39.88,37.94,53.66
5.24,5.24,39.77,38.02,54.11
5.69,5.69,39.25,38.23,52.98
5.84,5.84,39.78,39.56,52.73
4.27,4.27,39.02,38.80,52.41
6.69,6.69,38.97,38.62,52.27
7.86,7.86,39.16,38.40,53.12
6.58,6.58,39.26,38.39,54.57
7.32,7.32,39.27,37.58,54.70
7.42,7.42,39.15,37.96,53.84
7.84,7.84,37.37,37.10,53.50
7.59,7.59,37.30,36.77,53.30
7.51,7.51,37.58,36.20,53.49
7.79,7.79,37.79,35.97,53.76
7.11,7.11,38.61,36.91,53.85
8.32,8.32,38.87,37.65,53.42
5.33,5.33,37.81,37.55,53.54
7.51,7.51,37.17,37.79,53.23
8.08,8.08,37.33,37.64,53.37
5.95,5.95,38.33,37.71,54.47
6.02,6.02,39.15,37.87,54.84
8.16,8.16,38.89,38.05,53.74
5.40,5.40,39.42,37.48,55.46
6.75,6.75,39.32,37.60,55.82
6.62,6.62,38.69,36.69,55.51
5.35,5.35,39.40,37.51,54.22
7.00,7.00,39.70,37.99,55.44
4.40,4.40,40.05,38.11,55.33
3.58,3.58,39.51,37.73,54.63
4.67,4.67,38.81,37.14,55.00
4.31,4.31,39.58,38.09,54.41
5.64,5.64,39.05,37.63,53.05
3.86,3.86,39.44,38.15,52.01
4.81,4.81,40.17,37.32,51.99
4.57,4.57,40.55,37.75,51.18
6.26,6.26,40.09,37.83,50.49
7.38,7.38,39.84,38.44,49.49
8.13,8.13,39.81,38.25,48.17
7.74,7.74,39.76,38.43,46.55
7.89,7.89,39.82,37.34,45.92
7.66,7.66,40.46,37.30,46.75
7.58,7.58,39.88,37.38,47.65
7.36,7.36,40.02,37.92,50.47
6.70,6.70,41.02,37.79,50.17
8.74,8.74,41.53,37.48,50.47
8.32,8.32,41.36,35.76,51.73
7.94,7.94,41.77,36.51,52.92
7.12,7.12,41.48,36.96,52.59
5.38,5.38,40.42,37.25,52.67
4.80,4.80,40.90,37.49,53.75
6.14,6.14,40.09,37.68,53.77
5.53,5.53,39.39,36.54,53.86
4.61,4.61,38.80,34.35,55.03
4.97,4.97,37.87,34.03,54.04
6.16,6.16,37.69,34.50,55.72
5.79,5.79,37.14,34.46,55.19
5.69,5.69,36.90,34.51,53.22
5.14,5.14,36.81,33.25,54.90
5.36,5.36,35.74,32.30,54.19
6.25,6.25,35.98,32.17,55.43
4.55,4.55,36.33,32.11,54.71
3.94,3.94,37.07,32.02,53.61
5.71,5.71,35.72,31.75,53.79
4.21,4.21,36.20,31.62,54.19
5.11,5.11,36.55,31.52,54.79
4.80,4.80,35.13,32.22,54.25
5.91,5.91,36.02,32.50,54.34
7.42,7.42,34.37,30.39,53.37
5.96,5.96,33.96,31.11,53.99
5.63,5.63,33.28,30.22,54.01
4.83,4.83,33.33,31.18,53.90
4.69,4.69,33.45,30.70,55.63
7.27,7.27,31.90,30.82,55.27
5.51,5.51,33.51,31.43,56.05
4.01,4.01,32.41,32.59,56.77
3.88,3.88,33.86,32.63,57.03
5.23,5.23,34.19,32.60,57.59
5.83,5.83,31.51,31.76,58.04
6.88,6.88,31.48,31.26,58.29
6.70,6.70,33.59,31.12,58.90
4.44,4.44,32.37,31.04,58.28
4.52,4.52,32.22,30.93,58.03
5.90,5.90,33.93,32.59,57.63
8.33,8.33,33.29,31.70,57.24
6.58,6.58,34.05,32.53,55.59
7.73,7.73,33.23,33.58,56.84
5.08,5.08,35.19,34.22,56.62
5.06,5.06,35.50,34.85,56.35
5.32,5.32,35.61,35.75,56.22
6.55,6.55,35.70,35.78,55.93
6.24,6.24,35.84,35.93,54.63
6.87,6.87,37.02,35.76,54.02
5.58,5.58,36.79,36.03,53.36
5.86,5.86,38.68,35.50,52.94
6.00,6.00,37.92,35.54,51.99
6.05,6.05,39.16,35.70,51.10
4.76,4.76,39.19,36.76,50.84
4.59,4.59,39.15,36.52,50.03
5.44,5.44,39.37,37.22,50.68
4.50,4.50,40.03,37.47,51.41
5.57,5.57,39.59,37.11,52.71
6.06,6.06,39.90,37.07,52.39
5.24,5.24,39.16,36.43,51.88
7.02,7.02,39.86,36.64,51.17
6.93,6.93,39.39,36.49,51.04
7.36,7.36,39.26,36.22,50.85
6.09,6.09,39.15,36.21,51.91
7.33,7.33,38.05,35.39,50.59
6.53,6.53,38.54,35.99,49.78
6.40,6.40,37.28,35.42,50.46
8.22,8.22,37.14,32.95,50.99
6.77,6.77,37.48,32.63,51.40
7.17,7.17,37.47,32.78,50.48
9.40,9.40,36.94,32.56,51.78
7.81,7.81,35.39,32.29,51.77
8.08,8.08,35.51,31.59,52.12
7.65,7.65,35.07,31.52,52.47
7.70,7.70,34.38,29.64,52.33
8.82,8.82,34.41,30.27,51.88
7.06,7.06,33.70,29.41,51.83
7.62,7.62,34.65,30.37,51.89
7.02,7.02,33.51,30.19,51.01
6.13,6.13,34.33,30.18,51.55
7.52,7.52,34.70,30.64,51.59
5.78,5.78,33.32,31.66,49.75
7.09,7.09,34.31,32.30,48.91
8.10,8.10,34.39,32.54,48.70
8.98,8.98,33.57,32.91,47.13
9.16,9.16,34.42,34.16,46.15
9.66,9.66,34.54,34.69,44.81
9.46,9.46,35.13,35.25,43.19
10.23,10.23,36.17,35.35,42.72
10.19,10.19,36.09,35.63,42.37
11.58,11.58,35.86,35.41,43.38
11.88,11.88,36.01,35.25,44.65
12.93,12.93,36.56,35.14,45.91
12.53,12.53,35.30,34.10,46.91
14.32,14.32,36.63,33.60,45.87
14.87,14.87,36.93,33.69,47.07
13.44,13.44,36.04,33.19,49.60
12.52,12.52,36.40,32.78,49.12
12.29,12.29,35.52,32.11,48.83
12.16,12.16,35.88,31.93,48.29
13.22,13.22,36.43,32.98,48.63
13.31,13.31,36.74,32.91,48.85
13.23,13.23,36.35,32.82,49.13
10.91,10.91,37.60,33.35,48.30
11.45,11.45,38.00,33.59,49.05
11.96,11.96,37.19,33.76,47.27
13.96,13.96,36.89,32.71,47.54
14.70,14.70,36.34,32.10,47.74
15.31,15.31,35.95,32.11,47.47
15.43,15.43,36.66,32.62,47.25
14.03,14.03,36.06,32.43,45.34
14.61,14.61,36.40,32.52,44.84
15.78,15.78,36.80,32.16,45.19
19.81,19.81,35.64,32.08,45.80
19.97,19.97,34.88,31.72,46.41
18.51,18.51,34.71,31.14,46.23
17.75,17.75,35.21,30.89,46.11
16.07,16.07,35.33,30.93,46.36
16.83,16.83,34.78,30.21,45.75
16.60,16.60,34.65,31.17,46.45
17.16,17.16,35.07,29.27,46.07
17.06,17.06,34.27,28.50,46.69
16.08,16.08,35.07,27.53,47.39
15.47,15.47,34.04,27.77,47.56
15.25,15.25,34.23,26.81,48.54
15.99,15.99,33.74,27.11,49.00
16.98,16.98,33.10,25.65,49.67
18.19,18.19,34.16,25.16,48.38
18.72,18.72,34.72,28.59,50.22
16.95,16.95,34.01,28.94,49.32
16.51,16.51,32.57,29.26,48.76
16.47,16.47,33.66,29.42,49.50
16.45,16.45,33.68,29.44,49.16
16.17,16.17,33.59,28.14,48.83
15.89,15.89,34.20,28.24,47.70
17.04,17.04,33.92,28.22,46.99
16.58,16.58,34.53,27.36,46.45
17.31,17.31,34.21,27.19,46.32
17.47,17.47,34.21,27.84,44.64
18.23,18.23,34.06,28.42,44.45
18.45,18.45,33.80,28.45,42.80
19.03,19.03,32.83,29.09,41.96
18.17,18.17,33.21,30.06,41.19
18.70,18.70,33.84,30.90,41.83
17.84,17.84,34.91,31.69,39.71
17.12,17.12,33.50,30.82,38.80
16.21,16.21,34.29,31.43,39.27
15.67,15.67,33.64,30.93,39.18
17.77,17.77,33.70,30.79,40.31
17.73,17.73,32.53,29.93,40.36
18.14,18.14,32.69,30.19,40.74
17.95,17.95,32.51,29.57,40.73
18.27,18.27,31.63,28.68,40.46
18.89,18.89,31.64,28.44,39.46
19.81,19.81,31.57,27.76,38.03
20.79,20.79,31.39,27.34,37.04
20.54,20.54,30.77,25.56,37.43
20.58,20.58,31.08,26.90,37.25
21.53,21.53,30.24,26.62,36.42
20.81,20.81,29.40,26.85,37.97
22.91,22.91,30.86,26.14,37.86
21.52,21.52,30.56,26.35,37.88
22.14,22.14,30.46,26.65,36.63
22.23,22.23,30.03,26.85,36.93
21.63,21.63,29.59,27.24,37.56
21.88,21.88,29.90,27.22,37.65
20.92,20.92,29.91,26.94,36.89
20.86,20.86,29.31,26.71,36.66
21.46,21.46,29.74,25.98,35.87
21.61,21.61,28.24,25.77,35.01
22.75,22.75,29.13,25.63,33.58
23.51,23.51,28.52,24.14,33.51
23.56,23.56,28.61,23.21,33.61
22.42,22.42,27.11,23.54,31.01
20.59,20.59,27.37,22.89,29.91
20.43,20.43,27.07,21.60,29.02
20.46,20.46,26.71,20.57,27.83
18.56,18.56,26.32,20.48,26.25
19.00,19.00,25.92,19.04,24.04
17.31,17.31,25.35,20.36,22.15
17.36,17.36,25.85,20.69,20.67
17.35,17.35,25.55,21.43,20.15
16.89,16.89,26.42,21.05,20.01
17.21,17.21,25.06,20.40,20.96
17.65,17.65,24.82,20.28,22.34
17.49,17.49,25.46,21.09,22.12
17.44,17.44,25.58,20.41,23.71
17.38,17.38,24.21,20.64,23.68
17.17,17.17,25.30,19.82,24.15
17.20,17.20,24.70,19.62,23.55
17.73,17.73,24.53,19.34,23.62
17.98,17.98,24.77,19.33,23.14
18.03,18.03,24.59,18.80,22.58
18.06,18.06,24.80,17.95,22.06
17.16,17.16,24.10,18.25,21.15
16.44,16.44,24.03,17.65,20.13
16.49,16.49,24.04,17.58,19.22
17.07,17.07,22.70,16.52,19.19
16.43,16.43,22.78,16.80,18.36
15.50,15.50,22.33,16.38,16.67
15.61,15.61,22.04,15.89,15.98
14.97,14.97,21.10,13.88,15.09
13.29,13.29,19.92,12.57,13.76
10.94,10.94,17.36,11.34,11.95
10.27,10.27,17.52,11.48,12.09
11.03,11.03,18.38,10.12,11.45
9.96,9.96,19.21,9.95,11.27
9.38,9.38,18.12,10.71,11.35
8.09,8.09,15.59,8.99,10.51
7.24,7.24,16.97,9.98,9.86
6.59,6.59,15.78,8.81,8.93
5.78,5.78,14.68,6.24,9.05
3.91,3.91,14.65,7.44,9.01
2.39,2.39,14.05,7.26,8.34
2.28,2.28,12.88,4.85,8.17
1.75,1.75,11.24,4.42,8.07
0.95,0.95,10.68,3.64,7.52
0.57,0.57,10.57,3.98,7.18
0.45,0.45,10.32,3.15,6.76
-0.00,-0.00,9.58,4.15,6.15
0.00,0.00,10.07,3.31,6.13
0.03,0.03,9.54,2.39,5.74
-0.00,-0.00,9.49,1.23,6.01
0.01,0.01,9.61,1.28,5.49
0.00,0.00,9.73,1.57,5.45
-0.00,-0.00,8.23,1.01,5.54
-0.00,-0.00,9.80,1.50,4.51
-0.00,-0.00,8.03,0.44,2.25
-0.00,-0.00,8.88,0.68,3.47
-0.00,-0.00,8.18,1.44,4.10
-0.00,-0.00,6.99,0.88,4.66
-0.00,-0.00,4.84,0.79,3.99
-0.00,-0.00,5.89,0.25,2.70
-0.00,-0.00,5.94,0.38,1.08
-0.00,-0.00,6.52,0.19,0.74
-0.00,-0.00,5.57,0.01,0.07
-0.00,-0.00,5.14,0.00,0.05
-0.00,-0.00,3.68,0.15,0.05
-0.00,-0.00,3.76,-0.00,0.00
-0.00,-0.00,3.43,-0.00,-0.00
-0.00,-0.00,1.88,-0.00,-0.00
-0.00,-0.00,1.98,-0.00,-0.00
-0.00,-0.00,1.96,-0.00,-0.00
-0.00,-0.00,0.57,-0.00,-0.00
-0.00,-0.00,0.03,-0.00,-0.00
-0.00,-0.00,0.12,-0.00,-0.00
-0.00,-0.00,0.03,-0.00,-0.00
-0.00,-0.00,-0.00,-0.00,-0.00
-0.00,-0.00,-0.00,-0.00,-0.00
-0.00,-0.00,-0.00,-0.00,-0.00
-0.00,-0.00,-0.00,-0.00,-0.00
-0.00,-0.00,-0.00,-0.00,-0.00
-0.00,-0.00,-0.00,-0.00,-0.00
-0.00,-0.00,-0.00,-0.00,-0.00
-0.00,-0.00,-0.00,-0.00,-0.00
-0.00,-0.00,-0.00,-0.00,-0.00
-0.00,-0.00,-0.00,-0.00,-0.00
-0.00,-0.00,-0.00,-0.00,-0.00
-0.00,-0.00,-0.00,-0.00,-0.00
-0.00,-0.00,-0.00,-0.00,-0.00
-0.00,-0.00,-0.00,-0.00,-0.00
-0.00,-0.00,-0.00,-0.00,-0.00
-0.00,-0.00,-0.00,-0.00,-0.00
-0.00,-0.00,-0.00,-0.00,-0.00
-0.00,-0.00,-0.00,-0.00,-0.00
-0.00,-0.00,-0.00,-0.00,-0.00
-0.00,-0.00,-0.00,-0.00,-0.00
-0.00,-0.00,-0.00,-0.00,-0.00
-0.00,-0.00,-0.00,-0.00,-0.00
